-- MySQL dump 10.13  Distrib 8.0.18, for Linux (x86_64)
--
-- Host: localhost    Database: 3309db
-- ------------------------------------------------------
-- Server version	8.0.18-google

/*!40101 SET @OLD_CHARACTER_SET_CLIENT=@@CHARACTER_SET_CLIENT */;
/*!40101 SET @OLD_CHARACTER_SET_RESULTS=@@CHARACTER_SET_RESULTS */;
/*!40101 SET @OLD_COLLATION_CONNECTION=@@COLLATION_CONNECTION */;
/*!50503 SET NAMES utf8mb4 */;
/*!40103 SET @OLD_TIME_ZONE=@@TIME_ZONE */;
/*!40103 SET TIME_ZONE='+00:00' */;
/*!40014 SET @OLD_UNIQUE_CHECKS=@@UNIQUE_CHECKS, UNIQUE_CHECKS=0 */;
/*!40014 SET @OLD_FOREIGN_KEY_CHECKS=@@FOREIGN_KEY_CHECKS, FOREIGN_KEY_CHECKS=0 */;
/*!40101 SET @OLD_SQL_MODE=@@SQL_MODE, SQL_MODE='NO_AUTO_VALUE_ON_ZERO' */;
/*!40111 SET @OLD_SQL_NOTES=@@SQL_NOTES, SQL_NOTES=0 */;

--
-- Current Database: `3309db`
--

CREATE DATABASE /*!32312 IF NOT EXISTS*/ `3309db` /*!40100 DEFAULT CHARACTER SET utf8 */ /*!80016 DEFAULT ENCRYPTION='N' */;

USE `3309db`;

--
-- Table structure for table `companies`
--

DROP TABLE IF EXISTS `companies`;
/*!40101 SET @saved_cs_client     = @@character_set_client */;
/*!50503 SET character_set_client = utf8mb4 */;
CREATE TABLE `companies` (
  `CompanyID` int(11) NOT NULL AUTO_INCREMENT,
  `Name` varchar(50) NOT NULL,
  `Address` varchar(100) DEFAULT NULL,
  `Rating` int(11) DEFAULT '3',
  PRIMARY KEY (`CompanyID`),
  CONSTRAINT `companies_chk_1` CHECK ((`Rating` in (0,1,2,3,4,5)))
) ENGINE=InnoDB AUTO_INCREMENT=303 DEFAULT CHARSET=utf8mb4 COLLATE=utf8mb4_0900_ai_ci;
/*!40101 SET character_set_client = @saved_cs_client */;

--
-- Dumping data for table `companies`
--

LOCK TABLES `companies` WRITE;
/*!40000 ALTER TABLE `companies` DISABLE KEYS */;
INSERT INTO `companies` VALUES (1,'U6jKAUwOWl','nK3vTjmALjFg2rse2oCW',0),(2,'t01Gtnmlns','FOwcl698obDCa8nIJc3z',1),(3,'QntY2D3maS','OvobExC5bKUhsotZjWnP',1),(4,'icHEEsBadP','mVIP4diKZYuFdgEo78B5',5),(5,'aqE745T9gr','IxhhUrpvoauT4bu4o9v3',1),(6,'vfh3fu68Nt','K0hxwmeErqkoheghCupj',4),(7,'IlbGSSisxe','K0tGy5CoxvBuDFLxoCNf',0),(8,'qKB5mEcbSv','Wh8B7WhdsJedNlsJ8O03',5),(9,'GIwEL2tfOy','AMoGq62OKjg3mehPhnil',3),(10,'rVlXIsdu1o','mtdhz5oarT1IdFqk03ZW',1),(11,'LPW1ny0VUM','dP8mZPazDFYYgPxSTLSp',0),(12,'iiOoj181Tz','iUyToOOQ5M8nBALVhvCH',3),(13,'cAjyGlSYHT','XbbUsFodEghRkRusnsrp',1),(14,'3fqUbt2XjF','d21gRkRLEWfEAsPII9WS',2),(15,'NFH73lUBZD','uNkTNGULaJUT55bh6HU5',0),(16,'CR35IV8C07','bU61pl12gnIaR8HggjlX',1),(17,'uEjfhlikuS','yu4Gvg525589HlcHjt0w',0),(18,'NOM0E1xHFZ','pY6oFjK3RbzLEctu6ZQA',1),(19,'7zg4I47Nf7','gKcftKqp9dNuD04o6qsw',5),(20,'fNzJENiP6F','6ypBUb5cts24Ui4PBLUx',5),(21,'lI235S4GC1','pnXOs0LZiNKOH0xrBsIs',4),(22,'feFvAIGxND','iJmJHKD17kY2kEMjooSl',2),(23,'u10mZlvUBr','6i838eNw0mXaV86eUWoo',3),(24,'fbwBSBSRHq','NYkW7vogwAHZZZNPaaF2',5),(25,'lcBTJTpjjI','B96yzyYdeIl7XQm3pO47',1),(26,'MZIUa2imTE','OGsJfMVC81jNuytjNHsU',1),(27,'2tya7nJL5T','18eM5Ocpb9KRwjAyy86P',1),(28,'B4sBMyBheM','atParbCOUMARkiUk5g5S',1),(29,'MQFyxMRtyw','SK40BC3rPY8cfMG0tdXD',1),(30,'17YGThURob','v6aB1ydctDEa5y2sOLFF',5),(31,'QFXfb4tcoT','VE3iJjdIEqVxjbDTJITy',2),(32,'YPos76XqGI','couxh2om8lVYlJzvYuk3',3),(33,'HvAHNlxz5R','V62mzH1aJtmLjeBNbqQq',1),(34,'nqBDxfLJpc','LGR9P6yksmJ5Xo187Yzu',4),(35,'WJUAEfZW8I','4gmw50Lmv0tqjPAxUvyS',0),(36,'x2nLs22TVT','JAVvnJaozZVm9PgEvFhu',4),(37,'zvSwXIMuBo','0GWgdHucG51n24uLDbsY',1),(38,'fdq0c9yIXR','mqBJboQ8OWUGaK3IO2Q7',5),(39,'8RtErXb0n3','ISW8oGFtOfB7qeG08Wtg',0),(40,'DohqidsBS2','hm5yOTOw56L9jbT89174',3),(41,'HHXHDVGneT','S4D9nKnnIjXNil6PM6Gj',2),(42,'CZZlIwjjnt','HRpF8nWiKqjjaDk3RZCx',0),(43,'pp0RRH815N','Or1IkdGVKlWLyDTni8WR',5),(44,'JS1m4q3ySx','HeB9uDroX6Hfm9Yibknf',2),(45,'NCBhcqFI3S','RgYNbSD0TNRe2kiVCSVZ',0),(46,'BIRdcPqEue','b55T2e1cXHvtLakoqbaI',2),(47,'6QJ6yzqwJC','C11KQcXU5fScefD9Ewan',3),(48,'ysbnRZDseU','IPtbBw032bYoLtIDA20w',3),(49,'4kcG8zdleL','Qy6QsNAiZ5Y4cLBTBACF',1),(50,'ADmlLevD3U','rvNtaWCFN2T3ci26KAgC',5),(51,'zUPDcvbGbK','cxAGzaxyC42uMY9o5WBK',5),(52,'3BGSwhBu2D','wGIPEZKaIXvPQWxKuVfG',2),(53,'ijz4YQlZF0','dQYY0ga5il8DQr32JUx2',5),(54,'B0UmwkPsPw','HSaYTeZA1hxNAVN9hwEC',5),(55,'6BXtqmS2On','yMyZhp2SOD5gGVXxc9qV',5),(56,'vvL49y70w5','LnetCU4hQd58mFcnPtGv',2),(57,'4TS1hsw5wM','mYiobBKssftr8Ecgpcoi',5),(58,'RAsTJ3cdKD','pPr6TD2YBFfFEEJvf7PH',2),(59,'V5uSHcby21','02WQjXycn0qsqmwvnCdO',2),(60,'dQDeletfDi','L66DYLINqC5I0gbMHVqJ',2),(61,'brRE1HP0ho','GNGIrnn73x6EtsyDhHXh',1),(62,'uS9et7f18J','J4ebSQnXg942F6tAHSc1',5),(63,'xJO4eBCyIr','mPJlHixugYV7CemwQrc4',5),(64,'ChBPTN2Zkk','p4N0WmWu4o9R5JZlAb11',4),(65,'vvHYLutQVU','EU6kfO9ZB9XtYdzeRF41',2),(66,'RwDT4FKKlo','HvDELpfhhdE9wQHdpNkb',1),(67,'H9vdZLXBf3','H4xk8BhbElrWN6BxlG45',3),(68,'CHPFfnZA8D','UxSnfaHl5VKhd0YHpgPD',1),(69,'gvlaz6KVbs','dAJoD2BnFYAn7vWG3dOG',3),(70,'FoTXOemCEe','vWNH564ucdBsPPNgh8l5',5),(71,'xoLTe3xsRS','PUPsFAVCjMeoWPePXfKY',3),(72,'c5OGFniq8w','GItpQCLPXjT5uT2DYcmB',3),(73,'oDSh7BWogE','bdz8ygQhfYlzNAegL9FI',1),(74,'VL5UcaxBKr','ikAPdvkeSCGiqqL7d8MW',0),(75,'ZzV2eb8R0w','VLqyFZPiYLYjnaD1uyLU',0),(76,'p4mZoj8AnX','VmYVeA2gqmdG2LNupMwj',1),(77,'O4p5TWDVZ2','n06mHNyG1Pxbw5RAPk4k',5),(78,'JIE787k6Qg','muLhntBgCi4zn2Thcyem',3),(79,'zf6SD4xgpE','kVgQidNNg0pKyE50GDP0',2),(80,'VcDrVjQ668','l77DBgjzXgFq0EUPL3Hb',0),(81,'KMWFGlWWYy','A78CQhYVawyGOaZsb0pQ',3),(82,'xM9hnfSeAg','BKJGA9Wg5t6pqX44bPzP',2),(83,'nJH5yJgLmQ','R0KNHZt3sT62GBcpU8QY',5),(84,'lBCLfZ0sCu','2uP5AvwmWaLFGmi1y0tV',4),(85,'YGzJbjrdam','mqv7WjWFpUrYetDO1clo',1),(86,'JPCEnd6C0C','tZIOwqESThrBcBSsmxvl',1),(87,'NVZ6n7iUSV','Dz3JYrJmCCwWHQyJQrPq',3),(88,'kR5vFlDEsV','jmrLsvYxioTN8BM2QeAy',0),(89,'40sKT3cWQE','sfOTUKEYAaN13Hh2a0H6',4),(90,'SUSHVUu2bI','6CiXVwr3cEjrsT06b6Yw',4),(91,'beYXIotgWF','uf1E1up1Zr7ZtlpzWo8r',0),(92,'XqJkUHdbIE','VPvcP2OWSYBUm12USJFr',2),(93,'4TxyOjlogh','kHwo80lgOXQIkdwyDmwo',4),(94,'jr0roCRaWH','pcWOHzebbPbMiMqA0BQu',4),(95,'MMlWPnTlhd','V1RhURWzIGB5GgiAd61e',3),(96,'BPQLDf5uHo','v7G5sIVulgpuvNe6xOdb',5),(97,'PUTw5YJfYH','xEi3egkgMJKUDL6IyfHE',1),(98,'z3j3EukmSE','YeNWxTkTQyLbENXUADZx',5),(99,'xEQ7cmP2fI','FsOIitstfUMUeYNZSC1F',1),(100,'GHnuJSew1f','vzIhpEGoqyI3yes3yovZ',4),(101,'NEJGTpXcgs','F9vUBOZxXHomjbmbNlOX',0),(102,'XUVbCNCRuF','4jy5s8zsy4UFIL5Df3jC',0),(103,'xZlZbUqNdC','Kb4VjfpCaSQnY37ECR8W',4),(104,'3s6GelWvkB','PG3Gx6bSNTXgYkxl9hGB',4),(105,'7sjub3hKZi','QjitWX3wNBjBA3pEVwIc',4),(106,'Ng4KFjMoDu','2P28JIAqLwvZMVykuR4b',3),(107,'eARCQmpxkT','3AaXzwncB5kXDX5NlYDt',3),(108,'6UKAPaFBIc','hVIok4OTHl20QcqHEjEs',3),(109,'0KwxULY7OD','25pLotH4A4kCYhBglAvz',0),(110,'i3AMwIYV9I','hrsiApm1CEyDMpIyzJq3',4),(111,'p7N3wu2owA','uR0S6ojOX9F8MQwaicha',4),(112,'SBQx61rMTN','HMX7z9eIcSwhNeY94HFY',4),(113,'bl4oEuoKgH','2rwV3ECIvQxknO80Quwa',0),(114,'wIap9v0XEB','GE7HzMhp7IMKQpr8IKdC',1),(115,'vSWOU9ezua','mkVF6iXoZEAkcsw9Qqrb',2),(116,'2j4AUsw29r','R19JlQfW70eQZS1lxndI',3),(117,'cWjZXx5O2y','fbkri62ND6sSd67SNcuy',0),(118,'w4zM6mopUO','6YNU8Shc2QRVJrJ4GUcz',5),(119,'nXdeVTj4EU','FVMlQfWoVPqp4oItE9Vu',0),(120,'SQiJwaF3dL','HgLosPgJWDVOIEygiXBW',5),(121,'0aP1riMwRu','lWXR3S0GfAqkKGjhH9sw',3),(122,'b0wtpnP4sU','4VD37PjtY2SwD1qZ3d59',1),(123,'9IpmYjKVba','k9OrivLi8FXhliv2dyO6',3),(124,'bcQZncyLGW','ksyEblbfUszz6fyJneQ5',2),(125,'U8Ku78X5v6','klXNl0zb1EAIimRgNJsa',0),(126,'BQPiVTUZeg','PxYRbvzFxpAwDJ06psSN',2),(127,'IbsLgF89W9','2PaCgMg2Tz27TNlkd3RV',2),(128,'HXpSf2R8rN','YdbQPVMBYov3CGdxQAuW',4),(129,'J3o2ZqaVy8','t50fmbbowfdL0S9Htfbx',3),(130,'w8SQeqdY6C','GKIXbw3hnTo9508PTCji',5),(131,'AJUGcdLIjV','PvXjtXWTZEP5cihdzTdp',1),(132,'mTrQYGAZcn','X74qacMuL5QdZxdw46iX',0),(133,'KCM13qJWnv','Gh4uaKaAp8RMS5ZwDkJw',1),(134,'t98kJXGL2F','DOeBUyHQI6uhDQK5lkha',4),(135,'H8ZNCLwxTv','jCBXboacdx2T8fg9tdm9',2),(136,'wUUdAwV7L7','61Uzs73tA4WrDmw1dr6w',1),(137,'MfbELNIIFL','6DHrVmeoqyiEqIv8z68c',4),(138,'d5L3MEqcQ3','MRavgeBlb1GFbmfRJDBl',2),(139,'djET9yiujg','oYgXZDmgLIe0xaC4mb7h',4),(140,'Idpv87DytH','U8Ye9XBDz4M1f6VgxdYL',1),(141,'8PbSDTihio','J8q8oLrtMVcdbkUCkSbY',2),(142,'eisr8uiSJK','1gMeBZhf2jksHjulHBqK',1),(143,'wX87wwTqxB','Smx5bphoJHBrGHNTxhgy',3),(144,'VEjDDJx8Xx','NPGFgXCgvqCjhT1Sqg46',5),(145,'MHIbO2tD3b','jBNOCPk0sQvkdrujfjdZ',1),(146,'Zz2Zse3NW2','P3MxJAVIakcywIN5dCTb',5),(147,'bSaujpQaOj','OXxwn0xgRE7XIfXl44em',3),(148,'0Oh8eE3hWq','xViZeQzScLKqfh8Dho5g',5),(149,'Nco6lRXcJq','A8ZSZwBzGsnLfxwYK9VI',0),(150,'Wdzakg2lOe','aOnFnaSQOa6ad7nmX38h',0),(151,'xtfqWcW6Dj','d2teFp0E6oCikyfpTL4t',2),(152,'US2qfrSXoz','AU5xBZa3zHc3aMDsBWUt',3),(153,'MdRTJxa9Ou','gN2Xixr7vz82O0aanA5Q',4),(154,'9KqyOp5ite','AkM9wEWWYkLn4WYI1SJK',3),(155,'Pcmzre4UIs','b8RlxlkHQdYaadQ4ArTM',5),(156,'rmmUWvCSHp','xx198PkW6cLdypcSwfQm',1),(157,'IpGYqbNNDd','uEpRRoJxbRfbOI75Wsp7',4),(158,'mISkREPBRr','o8wC3Ckk0ZYk13sDHDjz',4),(159,'qvbJaQDs7g','j2mFF7MLVFHwDURD2Kc8',1),(160,'TqzC2j8l1R','gFGS8VpuXaDru7lracMS',5),(161,'tmo1X8WnP2','WSsSzVasp80mw7BVdGma',0),(162,'NnELf175N0','OyCgRl2uEHkJ3K8G88EE',0),(163,'Umflq2tQhx','53quEEFzYCOxhjt2PfbC',1),(164,'AI7pMyNi8D','plbgmrMCsqPSqOnk1NnV',5),(165,'3UiXnCgc26','4NOwqZNSP1U4gdBTKO64',3),(166,'6k5Wkd9WtR','U00ojMppg2h8aUex1fQU',2),(167,'9vb7lt33bV','TMQLjXWpHJmgW63BSkJc',4),(168,'zlLOCfDfwO','pwfOl7SvF2zH4YKrvouw',2),(169,'4NDuXnCa03','qoA4JELeHZmCJh41ypq7',4),(170,'5bSTef78dd','AusiB5qyhE5hJ1ToOnQf',0),(171,'AHiBvLYJo0','3r9C4bJv0bNIta08SHcf',1),(172,'mbvmyBwAZC','LyDkOlbIbbW2Bx1QTRSV',5),(173,'94tL25Sq4D','CYMMczkpHLoLJHWFfTzj',2),(174,'x0tGuJTgYK','K5ovx6yF9yX5n5RZVK77',2),(175,'PNu4qncRe4','K5mnzrnoxEBNiO2MedoE',0),(176,'XdbvjilMnn','zolCKNKBvbmuHnBIgfW0',5),(177,'u95zRumfhD','sQ5w9Chh0dusC8QBAlKG',2),(178,'ihESAbCxNR','Rjjv0sGDCTi0enNSjM9l',0),(179,'MAgPNuucCP','o0RavnNQv3nf2aYwXUFS',0),(180,'BqSV7Kmo2q','wTj9UwAycKuHlFdNgUL9',2),(181,'IodXZ0gWzh','IstxLApxKNvV0TK7gA6I',3),(182,'0dRsksHtD5','0bcDy8RSYpokb3oIT0bj',0),(183,'iIV2x05dig','Sbqzss1329NtlQ4nSPbZ',3),(184,'hu14FXCYdV','cBBDZkuYq1fedqlK5h0o',5),(185,'7VYR5hGe9D','EApnGE9RBg9bSLZ1xUpj',1),(186,'qgwppDUDz6','s8TsooqDglRRUWuHKtr1',3),(187,'8vzVMDj3LA','FmKey8bRJaTcu7BsxXdV',3),(188,'WCmPjyqz4j','UkAdeng5AXGmQJK3qXkQ',5),(189,'WuOevUjMRC','jhEjUt5YRDTSz1nogN7l',4),(190,'0V4LMKla0l','cms1JhH6XDajHA3gb9iA',4),(191,'syHB24WSER','1khruJ4X1llf2ZDRarvU',2),(192,'6X5SGwJ2tt','h2WHjUNXB5uB5eKvDDsN',2),(193,'rozx62Jrni','ESswKc6nuorg4J3AKdVq',2),(194,'zWtHbV4WI3','oweyjXqQWtqu0GsCRPS9',2),(195,'bcd6hjoqzf','Wp6MZkrEmhXffgm40SWi',2),(196,'mlstTEDqB2','Ncv34eDeKq0HiaPUasEo',1),(197,'DDfG8zsg9s','Ny4BKKmdD7msaiH3hlRs',4),(198,'QJCI53UVoF','JXPH3aTNbS28mItQW3Fi',0),(199,'N3nNcx6P24','L3e4iEZ3jTKClgzBHRUr',0),(200,'kMgErP3X6n','jBLaK2eTq4STlvjqVZwN',3),(201,'4JAdsVPpOQ','KLrG0IuVLSVEIUYnYei8',1),(202,'8MP0UwIeJ7','d7oV8ZN5L4B7uQMGZ11R',0),(203,'hJCGnZOrcc','mVw2akwg9YWwr81UhWLb',2),(204,'7lFSF1R7m7','x7DcHXCDy6Vn7QGJ43Wn',5),(205,'BRE9SBClQr','68awXjdI492Wab13RU0U',5),(206,'F6obwZppW9','YzMSscB624DUsp0VEKlm',1),(207,'Xz3a1ISQnu','Fw1rammZXQ7AfX1Gzhl9',3),(208,'NoxlixJ4nF','Txkcm9pB3xtg7i334moq',2),(209,'QEADgpr0AP','223fLRZYU6rBZlfemrjx',5),(210,'3ySTcaSTKS','0Yl7zlMb4T8pJvjnyBG9',5),(211,'2r468VYYdF','WEkHaqyw06bcWv6C4kCD',4),(212,'C5khyKMBrn','MuL2eBkw1FufmH6lSUNs',0),(213,'wtueifYeZP','Wc6jDXWfntx1Vm0MB1zD',0),(214,'ZcIMfDvcCO','JkbOlhaamyye6ZKtOt6o',0),(215,'iqggQWZj6Y','TqaH1F7enp9YW6fqT6ak',2),(216,'hU0pibZQaf','YDcHsTzK2uZDDWAF5CGJ',4),(217,'hMao5fUTGd','IFzEEkf7eQmnIODVyNuF',3),(218,'caoDqY0VdR','V0EVgUbgtIm04RF3HBkw',5),(219,'U1meBNT4TY','gHm3px7LM8wAfcBrXaNe',0),(220,'tK5GBvx478','2k0Nf2Fnaf64V3GZLRvg',4),(221,'Kp37h3zRX3','jPzoN7T3ChJlxm1XMvxB',2),(222,'L1wVfjco8M','fA0s7zB6vcOlJtpriR7O',0),(223,'u7U9TBYXTL','GcT2tSKqpaHWP4gtbGtW',0),(224,'jZY95vVqsx','bIeuahXW9EGXVdGSKrzO',3),(225,'Mtba5acz1Q','TWrWqcCdcQYHPv4xo498',2),(226,'imlZzOiphS','RP6TOdiCht95EiKkmFfH',1),(227,'Vy92Wz5YPU','YjwgkmLy04unI7J8ScZN',2),(228,'aaodc1RgMn','XBMZ1TMYYvjniQyejgnM',0),(229,'8kzJWOocW6','H5HnNZqvYkiOb1mhAucH',1),(230,'eyj98RnSWY','gwh55kh9dU2m9dWy92Gi',1),(231,'fl1ACfEzxW','ZdMkIdLQAZ3nEWk3EuU4',1),(232,'7DCfEBLZ8w','BABRcVfTIoMrdafzJ5K9',3),(233,'SXYjdh6l3d','3oG01bdirMbY8fhU7NRs',1),(234,'54ACWzPqkK','cGb48mzsL5jXuxhBCZVF',1),(235,'XLfxhKW7Ug','VJBE0yd9dSLdLEvakt4Q',1),(236,'35nF45177D','By7B0LqMweaqEMCzWKC5',4),(237,'QGIXBVdHT0','fnIjPkcS6sOYiUDzDruT',4),(238,'I2twJIDzEg','1CxHVV6v6cNvCAXXKVLK',4),(239,'jLWWPpEs9p','8uaV915LN9j2rqQzO4ua',5),(240,'zdxsdevEF7','6txfIiv5B6efoh9gcY1u',1),(241,'2e9WzqmjkH','6j0P8GbRm00cTgNEMVIa',1),(242,'53wblaKfKM','ftAf2V6jaBj6DmCq3nJe',0),(243,'RVbHmMt6uj','GvxchnyHxfwuQ03Vrhzu',4),(244,'ADlRLVYtsz','ykEqDYXBRWIZJ6eh3orI',0),(245,'ZdO98w0wyY','NHoIADUhpxbw9Qi8oq6a',0),(246,'WVSiULXbiA','1FeuaWzuFAyeRAohXA2O',4),(247,'XhZTUloaOh','LnUFCd1ULi2Ig5euv1il',1),(248,'M6swh5HBDn','rFOirRhZW7OusYCiI57T',3),(249,'OTRUZjezq3','uQXn7wrk5hih436gFwYt',1),(250,'lC9fn496LA','qLSxzanr4zSd0ZxyNRlW',2),(251,'8HzPqeJBTc','kTqVUCLywrvdXfoEJIX1',2),(252,'WufIj6F8i6','1BWloYKzQ9kSOcVQGcRS',2),(253,'fw0M7tIFxt','GPrF37NU6Ef6PUeioVZp',1),(254,'VTiqBsFeQb','FDgtgxvRNBVR2bXJBF1u',3),(255,'tcyeWwHxta','MilEkZq0QSrARakYskeQ',4),(256,'SSvZCp8xsD','aOCaMXeCKQlxah20W6EL',5),(257,'iXQiJXyGDx','Gi02URr9cHKfYCwtnihE',2),(258,'kBf2iqAEtx','l7urtLpvknCcNWefVHQh',3),(259,'0GxXz1HUOi','KWGkUpUI4rE2dwTRRnsJ',4),(260,'KpkG424Efr','ch8nLtE00Tma7RcIndkv',2),(261,'06r2QTFhIB','c4GmuOOCs6eyBp4MJ7Pg',4),(262,'tj7y1MlolQ','p2CbdPS2uIo28K2nnb79',0),(263,'8ZRV1fTSaY','atkiKDCwk9Dnz7ZnElOX',4),(264,'3PuKA3JRT8','s8Pju11C61vXFYgBPmAC',3),(265,'4Qp94Mg69Z','FYYborpqmbhIJ3wFrgga',4),(266,'m47DuJtvRx','SNACWtLYGSxYYQZNlcdc',1),(267,'qK5oPuCIxF','lRMa1SjJaasabZKVLZ0c',4),(268,'HI35NKK9kB','o5poDJwO8jqmzSvX5eEA',1),(269,'FUGbBduYlS','v1Ta981eEDeh19007pjk',0),(270,'1C55xJkayf','jDHzBHeDbD1J1PU1O0cA',3),(271,'cMVFhBfhAb','iFUB0Ygw3z3t9VJpW7eV',1),(272,'1X3nY9eBiw','VelHmTZHfN8ZuQ2W1ofs',4),(273,'cEKSjTQTMK','zOzCW8k8zloAvBD5voGL',4),(274,'5EVSFeDVmM','sWBeDi9DJBNe33bKjwma',1),(275,'8cvz4pv7GU','gO0Kh3tCzm99NMJFcPo3',2),(276,'qHBUFwT0fl','Q57WVIHGgPP1CLtgqah4',5),(277,'8fKJLCyQLY','00MO2qdr107LYHN8dYxB',1),(278,'s4aoBY8AB5','FQ4jFuFg08ipfaOvmG7u',3),(279,'dVCXh2tbWr','A4UnyS5RAn9r2QWrWvAO',2),(280,'4hHUo8a0bu','FVKfW7ieZEQGtrV3fhXp',4),(281,'q6xmiC5N1k','nGu6NlAm3W4tT5ydCS8o',4),(282,'Nz1v1ch7ux','y0dKYyoEvVGNmMSOcLOr',4),(283,'ACJ37cmo4X','B1NRr46uYagTgvUKs98e',3),(284,'NWYRIgv1fD','kYfHiYQj2eahGsugQZK9',5),(285,'J168lUA26a','rxT7R9UXuxmgHetB70DC',2),(286,'ZqC81lyniD','LzI8JnHLnl14OyvZg6KX',4),(287,'tCL2OQDKof','70r9KdKJkJQqo5RCxta6',2),(288,'Rn02CZ6joL','P5CShz3kpVWpWA8K4yMs',1),(289,'xXrn9wDQDD','uYpfigr7KP0xq7ne9Vvs',2),(290,'vja2Q2cJWm','3gSXtj1eIGyC7Gynh4U1',2),(291,'aaWA4Iknnb','ibEqCpvwsoRYvLClFkJo',5),(292,'cHSv7FzpWw','0hAvz5c88q8gbwsYOyYa',0),(293,'Slg0LKNgrQ','7sgyJvcItMSHWncXlFXV',5),(294,'Ioi8k9KsbO','GhezIYKqFE1uyjg6NchW',2),(295,'eu8X8FlDRt','HUoXLmz0TTZcYXX5kBFb',0),(296,'Z3AtkQSrud','BDgUL6bdoDSzp6nfqNTm',5),(297,'uXZbz9u4hi','vfOwaOL2e52kzhwBrOne',3),(298,'S9dnhdQzXy','74Wc1jm4gArq7MqeGUXV',2),(299,'3HzOowWSA0','vnlxjachpSes3hksTQVu',3),(300,'74aSuV1irm','4sc0a0Oav7y05cZWGL9l',5),(301,'Home Depot','1234 Droury Lane',5),(302,'Lowes','1234 NotDroury Lane',4);
/*!40000 ALTER TABLE `companies` ENABLE KEYS */;
UNLOCK TABLES;

--
-- Table structure for table `companytransactions`
--

DROP TABLE IF EXISTS `companytransactions`;
/*!40101 SET @saved_cs_client     = @@character_set_client */;
/*!50503 SET character_set_client = utf8mb4 */;
CREATE TABLE `companytransactions` (
  `ToolID` int(11) DEFAULT NULL,
  `CompanyID` int(11) DEFAULT NULL,
  `BuyerID` int(11) DEFAULT NULL,
  `TransactionDate` date DEFAULT NULL,
  KEY `ToolID` (`ToolID`),
  KEY `CompanyID` (`CompanyID`),
  KEY `BuyerID` (`BuyerID`),
  CONSTRAINT `companytransactions_ibfk_1` FOREIGN KEY (`ToolID`) REFERENCES `tools` (`ToolID`) ON DELETE CASCADE,
  CONSTRAINT `companytransactions_ibfk_2` FOREIGN KEY (`CompanyID`) REFERENCES `companies` (`CompanyID`) ON DELETE CASCADE,
  CONSTRAINT `companytransactions_ibfk_3` FOREIGN KEY (`BuyerID`) REFERENCES `users` (`UserID`) ON DELETE CASCADE
) ENGINE=InnoDB DEFAULT CHARSET=utf8mb4 COLLATE=utf8mb4_0900_ai_ci;
/*!40101 SET character_set_client = @saved_cs_client */;

--
-- Dumping data for table `companytransactions`
--

LOCK TABLES `companytransactions` WRITE;
/*!40000 ALTER TABLE `companytransactions` DISABLE KEYS */;
INSERT INTO `companytransactions` VALUES (2002,23,164,'2021-12-03'),(2003,56,497,'2021-12-03'),(2003,56,1275,'2021-12-03');
/*!40000 ALTER TABLE `companytransactions` ENABLE KEYS */;
UNLOCK TABLES;

--
-- Table structure for table `favouritetools`
--

DROP TABLE IF EXISTS `favouritetools`;
/*!40101 SET @saved_cs_client     = @@character_set_client */;
/*!50503 SET character_set_client = utf8mb4 */;
CREATE TABLE `favouritetools` (
  `ToolID` int(11) DEFAULT NULL,
  `UserID` int(11) DEFAULT NULL,
  KEY `ToolID` (`ToolID`),
  KEY `UserID` (`UserID`),
  CONSTRAINT `favouritetools_ibfk_1` FOREIGN KEY (`ToolID`) REFERENCES `tools` (`ToolID`) ON DELETE CASCADE,
  CONSTRAINT `favouritetools_ibfk_2` FOREIGN KEY (`UserID`) REFERENCES `users` (`UserID`) ON DELETE CASCADE
) ENGINE=InnoDB DEFAULT CHARSET=utf8mb4 COLLATE=utf8mb4_0900_ai_ci;
/*!40101 SET character_set_client = @saved_cs_client */;

--
-- Dumping data for table `favouritetools`
--

LOCK TABLES `favouritetools` WRITE;
/*!40000 ALTER TABLE `favouritetools` DISABLE KEYS */;
INSERT INTO `favouritetools` VALUES (22,1595),(205,108),(101,1074),(4,954),(1000,1708),(404,1187),(508,185),(200,104),(7,5),(229,704),(6,9),(69,69),(420,69),(69,420),(2,2009),(2,2009),(3,2009),(4,2009),(2059,2012),(2030,2011),(2048,2005),(2,2013),(3,2013);
/*!40000 ALTER TABLE `favouritetools` ENABLE KEYS */;
UNLOCK TABLES;

--
-- Temporary view structure for view `searchtools`
--

DROP TABLE IF EXISTS `searchtools`;
/*!50001 DROP VIEW IF EXISTS `searchtools`*/;
SET @saved_cs_client     = @@character_set_client;
/*!50503 SET character_set_client = utf8mb4 */;
/*!50001 CREATE VIEW `searchtools` AS SELECT 
 1 AS `toolName`,
 1 AS `toolType`,
 1 AS `Price`,
 1 AS `Username`,
 1 AS `Rating`*/;
SET character_set_client = @saved_cs_client;

--
-- Table structure for table `tools`
--

DROP TABLE IF EXISTS `tools`;
/*!40101 SET @saved_cs_client     = @@character_set_client */;
/*!50503 SET character_set_client = utf8mb4 */;
CREATE TABLE `tools` (
  `ToolID` int(11) NOT NULL AUTO_INCREMENT,
  `ToolType` varchar(50) DEFAULT NULL,
  `ToolName` varchar(50) NOT NULL,
  `UserID` int(11) NOT NULL,
  `CompanyID` int(11) DEFAULT NULL,
  `Price` decimal(10,2) NOT NULL,
  `ForSale` tinyint(1) DEFAULT NULL,
  `ForRent` tinyint(1) DEFAULT NULL,
  PRIMARY KEY (`ToolID`),
  KEY `UserID` (`UserID`),
  KEY `CompanyID` (`CompanyID`),
  CONSTRAINT `tools_ibfk_1` FOREIGN KEY (`UserID`) REFERENCES `users` (`UserID`) ON DELETE CASCADE,
  CONSTRAINT `tools_ibfk_2` FOREIGN KEY (`CompanyID`) REFERENCES `companies` (`CompanyID`) ON DELETE CASCADE
) ENGINE=InnoDB AUTO_INCREMENT=2063 DEFAULT CHARSET=utf8mb4 COLLATE=utf8mb4_0900_ai_ci;
/*!40101 SET character_set_client = @saved_cs_client */;

--
-- Dumping data for table `tools`
--

LOCK TABLES `tools` WRITE;
/*!40000 ALTER TABLE `tools` DISABLE KEYS */;
INSERT INTO `tools` VALUES (2,'xpZF5VnVcx','tVNFzpHWDu',1174,NULL,43.07,0,0),(3,'NlCRxOTz7X','PYY2S2NiEz',1567,NULL,269.12,0,1),(4,'zNhargmf8b','i9v0qoAfNV',954,NULL,110.56,0,0),(5,'Rt6xevAqQt','zTFi2WtRdr',1019,NULL,181.52,0,1),(6,'WGOka5YF3s','ZPKncuqTSc',123,NULL,219.38,0,1),(7,'sIJkTYqjpv','6bI734Og6i',34,NULL,223.69,0,1),(8,'jWvQqjJIkc','boOx9XgjaA',2,NULL,45.67,0,0),(9,'Q1DdUpeolJ','Fik5fJjZR1',857,NULL,87.82,0,0),(10,'NEAOLeAucQ','vJficOSDVE',1822,NULL,233.24,0,1),(11,'E9asFDehVB','4yc7fI5Rde',1218,NULL,87.85,0,1),(12,'JiWW7XmSch','wj5JO5hR2j',1386,NULL,133.51,0,1),(13,'hKx0ysZqu5','H8YPFc6Yre',1764,NULL,60.01,0,1),(14,'Z3AZXEURvs','VQYUFccd3Y',298,NULL,172.16,0,0),(15,'ixGq8hkESw','HEpcKxaND6',161,NULL,16.89,0,1),(16,'whbndBLoGf','mSvQmIPaMl',70,NULL,58.99,0,0),(17,'azA3ZNNjV1','JLV8nd7ZFy',425,NULL,210.09,0,0),(18,'V8swhKeSgB','wEugsggRTT',1948,NULL,135.15,0,1),(19,'ZGDfKcBhiw','yv6Irb8pyR',556,NULL,74.97,0,1),(20,'ZwCS1tMgFq','glER4qnOGP',1756,NULL,130.11,0,1),(21,'jV4xAhIvdd','OS4B8BqX6z',60,NULL,260.12,0,1),(22,'tn7Vbo0DPA','Zwce0XNiCL',1595,NULL,148.90,0,1),(23,'ROG0RbH2ZJ','uiIaYXlQVr',1397,NULL,85.66,0,1),(24,'Zyv0ACjjuu','iFqLnr4TNw',702,NULL,53.41,0,1),(25,'BbsU5GonuJ','cHb3KFHZFW',1964,NULL,16.29,0,0),(26,'mvkqDOId2L','nPmxCeR4t2',309,NULL,166.95,0,1),(27,'w0oZMbvPUk','HRiciMXTWj',1649,NULL,183.87,0,1),(28,'Ztdm1uBLxb','8i1ymMuBoa',1796,NULL,193.20,0,0),(29,'oOfXmeNKD7','ra6Ha0EDAj',1550,NULL,34.99,0,1),(30,'lZv73cLrrm','6R7O2dCkcZ',1986,NULL,297.34,0,1),(31,'WmIk86paMY','3VV9fI9tCU',1919,NULL,177.54,0,0),(32,'D2fjtblqFw','Jq7zKmAko5',1885,NULL,221.99,0,0),(33,'BwT8NIK0y4','NWDSccS5Oa',1900,NULL,298.57,0,1),(34,'M6nCvCsCbM','vV6T3f2iK1',1685,NULL,240.19,0,1),(35,'KWqMG2aicb','c1rEfD7jd3',138,NULL,192.75,0,1),(36,'tX3nhPSaLU','MSppu61ZfQ',1370,NULL,254.63,0,1),(37,'sJWhydObtJ','AlzywDpCq5',1826,NULL,247.20,0,0),(38,'yANHO42HNB','Ogxst5RiqQ',718,NULL,117.82,0,0),(39,'ef1CEjL0am','RwOFMr2dyx',253,NULL,128.69,0,1),(40,'jufnKKR5LJ','mVwUkic2NP',1046,NULL,246.79,0,1),(41,'KVqxChtKLw','Y2MPBtzJI4',1441,NULL,21.27,0,1),(42,'X8XeUIlOEh','tFcQ0DpnPg',1500,NULL,223.82,0,0),(43,'qQ8fNEWr33','9tZZ40HM6n',919,NULL,104.95,0,1),(44,'HErMHoMj1u','7T4eb4H5zG',1214,NULL,131.00,0,1),(45,'2eiEliJ1Tu','0basrsoKL0',228,NULL,149.95,0,1),(46,'cOEp7c5T2V','WLUl36Ytgq',1166,NULL,127.65,0,1),(47,'5XLY3nfQt6','ErZzl6RevE',1205,NULL,300.68,0,0),(48,'LT8izq7W2Q','cn73Msskop',39,NULL,254.08,0,1),(49,'GaWMaGN67Y','w9izCxxq8P',631,NULL,122.37,0,0),(50,'8lXTQT0Etl','bBh3Rw7OV3',926,NULL,190.09,0,0),(51,'STd5cUZBnm','9w5uM7ZnyF',309,NULL,40.13,0,0),(52,'nHqYF5n7Sf','ZNuyG3HB97',172,NULL,224.17,0,0),(53,'HCPhAoCQEx','QvQNfzGRqa',141,NULL,60.83,0,1),(54,'zN3WZ8nzaC','o23mm5A4Wh',201,NULL,106.35,0,1),(55,'j1AeylF8KF','jlUR0UXcjh',275,NULL,53.01,0,0),(56,'MZXrpTHDr1','X18Onz0sPR',629,NULL,96.13,0,1),(57,'7OSy1ui4lV','XmataWxCEs',897,NULL,112.73,0,0),(58,'MLljmtLBkQ','ZjJ7Vf7wdh',497,NULL,151.01,0,1),(59,'P2cFzTsRHe','1EwCAH9dQV',725,NULL,198.21,0,1),(60,'EtjO5icJp9','J2sw0LiNPv',928,NULL,257.51,0,1),(61,'Xcq9o7SM7j','302HnDpfT9',1795,NULL,34.48,0,0),(62,'Il2Kl9y6Hf','xOxyLE2XG7',50,NULL,32.56,0,1),(63,'DaNtrwkdF5','PvRm0tNT5y',591,NULL,71.42,0,1),(64,'zjwFeCoQHV','4DWbzgZoiH',481,NULL,160.91,0,0),(65,'VcVCU9PTQQ','jgLjnRskVk',99,NULL,277.09,0,1),(66,'UUnEVO0MOz','GQGfccks6H',221,NULL,158.78,0,0),(67,'9cU4jDgVSu','dHbXyYpWyN',1858,NULL,23.00,0,1),(68,'M6vWAjd1e5','TMZJU3W8Q0',247,NULL,121.91,0,1),(69,'RynsZFFplk','pRmJLjCeB3',1566,NULL,62.87,0,0),(70,'zIqCA7mfhd','fpfwqKzxDs',655,NULL,220.75,0,1),(71,'44K2U8Kuuh','4M5mvL2FSc',322,NULL,112.88,0,0),(72,'k1rAh9q0OL','RTZ9DPXoj4',1643,NULL,217.42,0,0),(73,'2sleCDYfVW','4IncnJ0O7f',76,NULL,164.71,0,1),(74,'Yvrsrba4KH','z1Z5Cwx4s8',190,NULL,187.75,0,0),(75,'mUGfvJUp4A','6Jj15Srr5o',343,NULL,57.62,0,1),(76,'Xz69Ei8PSM','NFfhKzQ6MN',1710,NULL,212.54,0,0),(77,'lXUJWBEhVm','iqA1WgG69A',1770,NULL,57.45,0,1),(78,'LzsCOCefDl','3I0BVe0G52',535,NULL,75.66,0,1),(79,'iMdgAGnhsm','rzlC3LzeZ9',613,NULL,24.44,0,1),(80,'jOsgEGEsxW','yzUfvLRaGS',1537,NULL,79.85,0,0),(81,'eJBSWP4C0k','8vNf7sA6hD',697,NULL,62.92,0,1),(82,'L70ONqvOpS','s7VzzLAsQO',1693,NULL,89.32,0,1),(83,'BRmMV8Nryr','TibMcswBSJ',1935,NULL,89.63,0,0),(84,'KN4aKNMK81','Zj4G5SdPVU',947,NULL,92.32,0,0),(85,'05LhjqwGqq','gMs8MhTPeU',967,NULL,195.00,0,1),(86,'Gf8KeFAQrc','peMx3tJ2Uy',151,NULL,120.46,0,0),(87,'6V3B4XpBE8','6i1lDArope',2000,NULL,252.70,0,0),(88,'Ngdxt7Uft6','ziA9j4eA8c',438,NULL,53.45,0,1),(89,'XBb4MkYm6t','7jdSMCiZPw',411,NULL,215.33,0,0),(90,'AmpOEfPe5t','DoP9RzxyV3',825,NULL,201.45,0,1),(91,'4FFtUnVJ95','pkSUXPNt0i',184,NULL,278.99,0,0),(92,'boMCvpTek2','ywAwcGr893',1380,NULL,138.20,0,1),(93,'9ZgAxOhFnV','v8EDhhOgK5',755,NULL,172.17,0,0),(94,'pVvNqYoD78','5AMcqQQ9tO',1762,NULL,23.72,0,1),(95,'Lh0umfLBzi','4Kxd40QGY5',1339,NULL,98.11,0,0),(96,'CD6y03Qd2H','b8dEtPaK06',1470,NULL,289.12,0,0),(97,'ULBbpDFWsX','Z5T2rbdjz2',1293,NULL,112.75,0,1),(98,'0TuJZS7R3U','IO8AvOmET1',601,NULL,284.99,0,0),(99,'tg1pSH9AeI','Wt2M2GeuOP',1607,NULL,30.69,0,0),(100,'dHZrZDrN8d','vmw6KxkLE5',453,NULL,59.18,0,0),(101,'PGjR74BzFt','oicLr3QJ2B',1074,NULL,278.88,0,0),(102,'pPK4UsiKK6','UeVPXsHQAD',1790,NULL,191.10,0,1),(103,'tRa5piETW1','NzcnU9XH6c',1227,NULL,116.05,0,0),(104,'alyLRuO9CL','dW1xq5vOnM',1085,NULL,210.87,0,1),(105,'yrcTHbFzwW','5lSAAR8kQ6',595,NULL,184.98,0,1),(106,'wzchMI0EE7','tkgWZEh0fl',1564,NULL,278.76,0,1),(107,'rNhU8elE1e','hOSgdNXj8u',1363,NULL,141.16,0,1),(108,'vQR9DVuKon','Xuw6gsw0gU',371,NULL,106.02,0,1),(109,'8xASrFDZqi','gBTZfcAm2g',2000,NULL,216.40,0,1),(110,'yeebNyg9gi','dV26pw8tXz',1678,NULL,228.79,0,0),(111,'ae1QrvTGAV','GpDBkvkUy9',1928,NULL,225.54,0,1),(112,'9BRqX83Mjd','DyiPuxHijV',50,NULL,52.85,0,1),(113,'0iCHb9lCeB','0xteX89nTt',793,NULL,73.23,0,0),(114,'hhhHyd5TOd','Bwu0HXEO9s',899,NULL,254.36,0,1),(115,'Zza8evUG4r','AO3oItNLS3',1426,NULL,70.43,0,1),(116,'B7CWCZdEC1','MMa8qtXGHK',1338,NULL,25.76,0,1),(117,'gOzXkcDs2t','DFQ8FA9wvs',47,NULL,25.21,0,0),(118,'qi3OBZJkX8','Zlokt8i63f',1256,NULL,98.68,0,0),(119,'Hx7yrSuipR','yNKLRLRhO2',1794,NULL,218.85,0,1),(120,'XtKYjmZm9n','WB5UbgFEI0',937,NULL,141.31,0,1),(121,'0wPl0Md4IY','Yph43w3jGz',137,NULL,176.35,0,0),(122,'1naG6zINnv','LIqo0tgOgx',45,NULL,152.71,0,1),(123,'QV9uvUhnNx','gRCafiP4aS',1258,NULL,234.03,0,0),(124,'4tGm4J3aj4','GMbSGUJJuB',1290,NULL,126.00,0,0),(125,'h5nMyq3xSH','4tIevoVJUB',964,NULL,212.55,0,1),(126,'OnVhd52Eor','JOXgDoXA0M',598,NULL,182.32,0,1),(127,'22eDQWjj5C','kkBKFlmc8W',192,NULL,52.70,0,1),(128,'P1NtEATzAh','4AxukcFyFj',106,NULL,249.18,0,1),(129,'KJpK1befZg','sj7aCDjQPS',1700,NULL,68.85,0,0),(130,'oUlHNk7QKH','BGoDeeP78d',803,NULL,175.41,0,1),(131,'AOAl56g5AQ','rYeMC0Q3rm',986,NULL,293.68,0,1),(132,'DB2jiLpe5b','MWDzYVEe56',134,NULL,83.85,0,0),(133,'YNQbCS4HBM','VnAF2XHcX5',1034,NULL,206.83,0,0),(134,'RkqHvbrDXQ','lbiXNgL0Hd',387,NULL,253.60,0,1),(135,'nAzyDJhHs3','enffiBN61i',926,NULL,212.39,0,0),(136,'eT99s8Hd9L','z9a4IUytiX',195,NULL,187.47,0,0),(137,'gVsdv3WGsB','vU3ypxFoS5',927,NULL,192.55,0,0),(138,'ZUD7MORgSX','SYUbzpQIqF',1951,NULL,84.77,0,0),(139,'HIIw19Wig6','33b4izZsla',1074,NULL,139.68,0,0),(140,'TTtPtzt9ok','AM6GECqzf9',480,NULL,155.73,0,0),(141,'ueuPb1Qzhw','a0XuwURtxY',875,NULL,85.67,0,1),(142,'u32HT8sebw','MRfRUWSA0b',772,NULL,270.21,0,0),(143,'N6nmjq7s2A','o156g1OEA4',162,NULL,111.51,0,0),(144,'ik54a4wIBv','p6GUbE3ntL',1099,NULL,178.38,0,0),(145,'Bik6S207wr','xx6mD69zjr',1682,NULL,129.10,0,0),(146,'EnVGgNJbXu','CKjnYA5Lvd',352,NULL,31.63,0,1),(147,'93xVJNalUH','g8ot2mruBK',493,NULL,73.04,0,1),(148,'qhVr7erHfD','KIBJzZTjs6',886,NULL,131.86,0,0),(149,'AaYAlJgVMk','5Z1VI14nIa',1736,NULL,48.80,0,0),(150,'eufDx58M7u','cqdF4iPWoi',733,NULL,73.79,0,0),(151,'XKK9ExVQZZ','Z6XUAT3LZh',849,NULL,56.49,0,1),(152,'rZm0Eiln6h','q0rNi0nbZp',1466,NULL,137.18,0,1),(153,'HONVsYHUm5','y1BlDdGbnI',799,NULL,146.18,0,0),(154,'EhctAjMyQ2','1POGABYAKA',566,NULL,291.95,0,1),(155,'CFdicmpY57','SMkaQ1YibU',1403,NULL,187.44,0,1),(156,'6Q5W1nyG46','Pk5dbYpUzo',1584,NULL,109.50,0,0),(157,'Gt1Xoy10my','xDiFvPeMgH',298,NULL,254.61,0,0),(158,'LktnNZKisM','PghpwwP8Oi',1940,NULL,35.93,0,0),(159,'WUmiMw1XYZ','EhKMfGNrRx',1647,NULL,82.92,0,0),(160,'32ZLyfjjs2','v8PQJOJ5Dq',677,NULL,190.89,0,1),(161,'4L0jLHN4ON','gtm7m0ege1',1130,NULL,197.50,0,0),(162,'Et31HxlPTq','jb14TCrBnp',966,NULL,203.09,0,0),(163,'P4icqE7vBg','JjBYaccCTT',319,NULL,114.88,0,0),(164,'KdGvgQkV6V','WHm77shPSx',722,NULL,174.95,0,1),(165,'osyIbH1UpK','y0cNh9QWSR',1972,NULL,147.52,0,1),(166,'SWN0PKfVih','hDJYNU8MH3',1119,NULL,30.81,0,1),(167,'0GgTwkrODs','mERFIpK9aF',347,NULL,28.53,0,0),(168,'e38BHwB9xm','j9i8pDT8dm',1331,NULL,105.56,0,0),(169,'58OGk04mw2','GGn2dMAYh7',1094,NULL,159.46,0,0),(170,'Tqpmo0irvH','fC6ynXEFwl',342,NULL,82.91,0,0),(171,'WfGzpkd54N','sztlbP0Rxm',1790,NULL,299.04,0,0),(172,'uPGFhWvvL9','Pwth6uruNY',1103,NULL,158.35,0,0),(173,'v8wJoJebq2','7dMogePxLE',695,NULL,186.09,0,1),(174,'ZtYUFLU6OC','eu4o5Xih9P',904,NULL,226.64,0,1),(175,'to92EvxsPJ','7quNT2ZUiO',1798,NULL,261.03,0,1),(176,'y3T0rv4pD1','u4jLhfq189',239,NULL,241.48,0,0),(177,'F7P1lhK11C','ufqWByTqyH',725,NULL,140.72,0,0),(178,'gnfXftENKF','ixeA056SV8',1016,NULL,20.55,0,1),(179,'uHE0dCvV3w','S7gjFocPXC',570,NULL,140.50,0,1),(180,'FLSZKRoneH','wKoRAhXiZd',1413,NULL,43.10,0,0),(181,'XjcDG8C4bE','U0zTqwwbsZ',1235,NULL,151.82,0,1),(182,'xz8wS4k5CO','tBNBSeTPAV',1208,NULL,203.89,0,1),(183,'c8pty4Ym3t','HrOuvVaUY3',329,NULL,150.59,0,0),(184,'VXK8Wx3T9a','wQrzhnRVVT',1902,NULL,253.03,0,1),(185,'YMdSm2XPPt','VJTrVsysmJ',221,NULL,282.30,0,1),(186,'n4JukWcLMo','3BJuGojTas',457,NULL,195.02,0,0),(187,'s7ZwxIbtdm','nq3QqJKOx6',294,NULL,288.63,0,1),(188,'99FPcKpAFJ','BuCtPITVmK',1966,NULL,157.20,0,1),(189,'jSBWgCKMol','9SCyDcqbib',1984,NULL,149.80,0,1),(190,'oANQ5cFhNx','z72wyhtcxP',1080,NULL,183.21,0,0),(191,'IQT4RoWUqd','muBxZUokYs',672,NULL,107.16,0,1),(192,'ZrLSPIn87p','5V44KYrutR',501,NULL,189.30,0,0),(193,'mr8kJ00qqP','xzqlMOrIai',994,NULL,48.67,0,1),(194,'3pxyu0YHH4','I8JONfcCo9',1383,NULL,102.53,0,0),(195,'CP8Gxz1pUy','NcZWf72dmf',648,NULL,59.22,0,0),(196,'kxEzS7TRgJ','kXVvbBycKt',934,NULL,273.19,0,0),(197,'1LZlxfjY9i','H4zu5woBQS',261,NULL,227.02,0,0),(198,'5jGWXLuUrQ','xUKT6aAOa4',1065,NULL,289.11,0,0),(199,'Qp7cFYeJ6K','7vQozU3Mxr',1388,NULL,198.50,0,0),(200,'2t2sGXHgys','QphT0nNiCx',386,NULL,212.48,0,0),(201,'QCZnVQmVzU','edKyjAQegr',1218,NULL,210.39,0,0),(202,'rp3XTZy9Wh','6G56Y8FwnH',382,NULL,184.50,0,1),(203,'5zMkAMVAN5','FxXCMZor6P',1048,NULL,162.92,0,1),(204,'ioGzEhbg8u','kuAZVB4CWE',1087,NULL,235.93,0,0),(205,'tzpU6CheBi','SNUDTLmED4',108,NULL,63.49,0,1),(206,'JJyFegMtfb','ijFBrdYS7R',69,NULL,177.40,0,1),(207,'vGVebBWKsp','Algr1LcaBk',791,NULL,295.96,0,1),(208,'5zciPaVTBa','64NfZG2AbV',1056,NULL,97.98,0,1),(209,'cT7IDMFAEE','sbYRDBwcQz',1878,NULL,243.61,0,1),(210,'lfyQRUFVcO','6X3FQn0myo',1018,NULL,36.43,0,0),(211,'vBurZhEtd5','cypaZvjAWM',811,NULL,268.41,0,0),(212,'HgXpU0MInx','0JfIgqSdaM',1028,NULL,81.11,0,0),(213,'jZ3IFqd04b','nTLo4U7Gke',589,NULL,191.07,0,1),(214,'kiUj9U6ppn','b8oohwU0mQ',716,NULL,190.40,0,1),(215,'1cNnaGddeL','IWvROtXAGL',1368,NULL,293.00,0,0),(216,'ChiaMwBlK3','8y4S43x6ai',650,NULL,262.32,0,0),(217,'dVAyia2NHW','bZfLNPB55i',1319,NULL,167.30,0,1),(218,'kZMjE7edbb','gfZfUMlRn5',1442,NULL,181.46,0,0),(219,'Qfb5wACltP','rDrkPSRQbj',1827,NULL,130.28,0,0),(220,'C3QUkakepQ','ioxTMa878Y',928,NULL,226.47,0,0),(221,'LqBGF4aJH6','djs3vfBwiC',591,NULL,84.07,0,0),(222,'15iDs5sUDG','pi1yRQ3bd9',1215,NULL,256.87,0,0),(223,'Kupjq9ChXI','KMU0dfzcvz',707,NULL,105.49,0,0),(224,'YWml5MkEAz','0YZLuU2N2y',1934,NULL,244.74,0,1),(225,'yWKXvOQA1I','rG1xwif2QZ',294,NULL,125.21,0,0),(226,'1NvsvRske5','7cu50MSryT',508,NULL,133.65,0,0),(227,'sWaO31GAID','ye9i45qxOt',1737,NULL,207.69,0,1),(228,'STZhWPqrjp','S9PQ6FnLAm',767,NULL,280.86,0,0),(229,'Q2SCjknisS','Yd91F5cwl9',121,NULL,105.60,0,0),(230,'4vCqcg7qCi','eParktVb1o',1715,NULL,28.71,0,1),(231,'Qydgs1dAeR','hN1PWL4oNp',920,NULL,35.76,0,0),(232,'pTamNCe3zB','IiPWbRjy3x',782,NULL,171.59,0,1),(233,'p4XnQnz1yF','bI4Aif4Bk1',1513,NULL,40.59,0,0),(234,'QBuRB4k366','0BgR0KGinY',378,NULL,26.06,0,1),(235,'pANWyhKsGL','wyj0c03OJb',1604,NULL,27.80,0,0),(236,'HIGz4MjYLg','MLX8acEGwQ',1064,NULL,253.92,0,1),(237,'K0iygMYRdb','t6TSIpBlpa',106,NULL,34.68,0,0),(238,'Akiw0kqGE8','5cli6vbxES',1170,NULL,254.36,0,1),(239,'1YGo4JMFvN','fqVgSTPsNc',565,NULL,45.33,0,0),(240,'32XYkFiusP','jBNkaA5Ff1',1169,NULL,256.46,0,0),(241,'xKpzlatMh7','2Nq3U0NiU5',1694,NULL,216.67,0,0),(242,'C2Ar2i6CKE','JP6dOD7ROu',1638,NULL,274.59,0,0),(243,'XvJwSDhuND','9D6LgOOKTT',88,NULL,113.91,0,0),(244,'smkdSP7yNu','HiTJRcyRHF',118,NULL,92.64,0,0),(245,'r45q5iOt3W','Ks29t2CI6Y',690,NULL,285.05,0,0),(246,'hkOSXaWg6l','b5aKP5lnJL',701,NULL,151.06,0,1),(247,'Eg9a5JyCdq','l9l3bKE4yY',1071,NULL,264.52,0,1),(248,'KKJNDOQ65s','fqk3wMM0M1',652,NULL,82.05,0,0),(249,'5WK3zkHSFG','l390YxnGqR',107,NULL,263.88,0,0),(250,'u84loOeOSI','WPnFLXFTE3',908,NULL,150.52,0,1),(251,'F6gBJwhVvI','CHp8ybBWnQ',119,NULL,203.39,0,0),(252,'YLQ7SFY0nu','mjORxh9qFx',1743,NULL,163.59,0,1),(253,'3QgQpNzoFt','tztfDf1uyi',35,NULL,286.82,0,0),(254,'04Y3UlJSWK','fb91mq4pXX',1454,NULL,87.71,0,0),(255,'yShv5FTTEF','2CsilNqygt',1662,NULL,119.66,0,1),(256,'57OS1WI7rR','LbkoX7NPR2',360,NULL,282.80,0,0),(257,'eat2tRguQE','9p725SeA3e',1630,NULL,136.80,0,0),(258,'O1vEDKBrgl','Zu2kwBZsAF',952,NULL,208.85,0,1),(259,'GkhtF7ccHZ','yJ2VyRufTR',71,NULL,157.33,0,1),(260,'jKUyh85n1j','jbTXRUiECo',1502,NULL,61.93,0,0),(261,'Ux6Zd2fpkq','I3ZEYpSfJe',1617,NULL,141.76,0,0),(262,'lIKw76C27l','sWao5clEMp',965,NULL,266.64,0,1),(263,'cg5lvNW71f','HAE3JEWOSh',782,NULL,152.17,0,1),(264,'OotU3YPObg','i75fj6YA9f',1478,NULL,226.27,0,1),(265,'8xwghGqHez','5bgCRh4EX1',291,NULL,79.94,0,0),(266,'WmfplAGCm1','SWaTnv6lkN',1292,NULL,133.31,0,0),(267,'876TfZHhy3','5jzIFdJr1W',1436,NULL,69.92,0,1),(268,'rUbGDidLxe','h6MDJWBkt6',1449,NULL,112.16,0,1),(269,'sD6FC3catg','Wh9jpFql2v',29,NULL,23.43,0,1),(270,'7E9NF6VHSF','yTD5uevQWQ',19,NULL,59.99,0,0),(271,'1AymZGAU61','OLdCU0OF6r',15,NULL,127.34,0,0),(272,'2OIFZW5SE6','s8RCUMmnvx',233,NULL,132.27,0,0),(273,'fAyuj9gk4v','RLx6DXVSPj',1319,NULL,64.14,0,0),(274,'wr0VYDAOMw','B3zsoYMk75',1317,NULL,146.25,0,1),(275,'8ba236JxY0','blPOni8HSQ',998,NULL,159.66,0,0),(276,'RkhuMaqVSv','npmpjcuEpD',1358,NULL,31.60,0,0),(277,'hGC4mJIB1z','IfAZn61skf',1277,NULL,232.02,0,1),(278,'xhtMxxJA7j','hNr933SGzT',12,NULL,37.93,0,0),(279,'cNyl5geXUU','e0aXOCmSoe',514,NULL,125.85,0,0),(280,'ZPXKbqd2Jf','EkVptwBwS4',1383,NULL,63.72,0,0),(281,'JK5sWuJ7WB','2YkpjIAehA',1694,NULL,168.82,0,0),(282,'tL7xHJOewb','RzBqmDvpV9',1895,NULL,163.15,0,0),(283,'ToKSdlUGXb','gbqywT4nK0',1508,NULL,151.24,0,1),(284,'pLDuMZRRta','gOLOcdJV47',466,NULL,285.70,0,1),(285,'vzTLkeEwDU','zFVeoPK4WR',1577,NULL,157.96,0,0),(286,'32F01cXMHq','1XmB52MO82',811,NULL,286.59,0,0),(287,'Nj6GZlFChO','nSgFPM3SiA',1918,NULL,253.05,0,1),(288,'knmzytpRJ1','ehW7wCrUGA',201,NULL,154.33,0,0),(289,'ByUFwHEzzH','webZ6EH4fI',1198,NULL,163.99,0,1),(290,'xR9nilJr0n','WYMFaHDOkw',1485,NULL,183.96,0,1),(291,'JjVcpw6qnK','YTmCAfryRc',854,NULL,185.20,0,1),(292,'1pNWcpPVxF','4MkOiOvHUq',1705,NULL,23.99,0,1),(293,'YwGEzIQz9K','p0fSrywsFW',659,NULL,228.23,0,0),(294,'gcbZj6APbD','9x3abhV0DT',1120,NULL,253.76,0,0),(295,'lzrDQgqpZP','M6GiQUjSL9',1786,NULL,130.02,0,1),(296,'eFVDP32y1N','6hh43qEtqW',964,NULL,35.89,0,0),(297,'duX2FH0NUW','gp8fFLXUWo',1957,NULL,37.91,0,1),(298,'AeAkVYawvO','5jYYK1i8ev',747,NULL,175.17,0,0),(299,'hD7ScSUqcc','Zi08Hx8XQn',1740,NULL,54.34,0,1),(300,'U2vv8DCLxV','scudwOKH6F',440,NULL,35.85,0,1),(301,'LxXqR6ihZM','kLhTpnu2Hx',1561,NULL,142.50,0,0),(302,'pNhvR4JybK','C4cNR07wqK',1335,NULL,122.31,0,1),(303,'z6fMxIHmz7','3GooTwwSgE',1509,NULL,203.34,0,0),(304,'CQA4kEjsIG','M3lY3CiYCv',1933,NULL,84.49,0,1),(305,'Xe7PXSqCOc','zAOfUMuSsP',496,NULL,15.60,0,0),(306,'NwSjZ5iN7k','dhO8MfOJF1',1655,NULL,24.59,0,0),(307,'FqscXTYTDB','6ME0yk7IZI',1856,NULL,258.88,0,1),(308,'yKoYjpjl9R','ofYojAarTE',1704,NULL,250.02,0,1),(309,'RKTnFZU4A7','ZXSSXSNM8F',932,NULL,91.95,0,0),(310,'Jk8sR8i6Sl','ek7JDfjK1Y',908,NULL,219.42,0,1),(311,'DMYdw3AlPX','BEU1WgT5Dn',742,NULL,217.60,0,1),(312,'9xa5K1hwbS','9B2SqDDwVs',849,NULL,120.34,0,0),(313,'Wzwm92oYaZ','B92ipXgF2Z',285,NULL,68.05,0,0),(314,'rfwyasOlE4','Gt3gw8f1Ws',1106,NULL,150.97,0,0),(315,'PZhVNQrVlU','6dSYTFttoV',552,NULL,224.39,0,0),(316,'ayUSDVTkaz','C0EotdE9c0',1938,NULL,216.84,0,0),(317,'YV2o06c2QU','QdCTREm4FG',1825,NULL,13.86,0,0),(318,'DRlfg8OiuE','aPMCQ78RSX',211,NULL,207.46,0,0),(319,'rOtLntzFoH','LhnRIW9I00',327,NULL,88.74,0,1),(320,'TeABPeT8Go','rroVKgge9t',910,NULL,217.42,0,0),(321,'EyKr1UCSAk','lFOBtl5iSP',789,NULL,76.18,0,1),(322,'0i6vV7hP0Z','GNSLL9YHSl',1035,NULL,149.28,0,0),(323,'1KGBSg1d3s','rDeua0aLXK',14,NULL,84.42,0,0),(324,'JzO1YjwFVl','lZNBxsiK7z',1223,NULL,245.27,0,1),(325,'WNZPquxQ2G','YCV9kL44Rb',1003,NULL,82.99,0,1),(326,'TIDrsh8TL0','Vi0LcNgSct',894,NULL,93.74,0,1),(327,'pvhD3GKYyz','3mkEY3T7lw',1712,NULL,268.02,0,1),(328,'d4MMQiWCWk','TmORi4E5jZ',1264,NULL,130.84,0,1),(329,'w0ZMNUxlxv','etOHMuY4x4',1015,NULL,67.59,0,0),(330,'YKB7ewLxT3','naTbcGwZNr',1022,NULL,127.75,0,0),(331,'9XNDItVaT3','pGw7ftHMGk',936,NULL,207.90,0,1),(332,'aj96jf7WbK','jy5HKhFaHp',17,NULL,284.61,0,1),(333,'30nbCmC2vf','oBKXm9Hzmb',732,NULL,111.65,0,1),(334,'Juat3ChHv3','W4TENfoplg',746,NULL,148.93,0,0),(335,'amsJcijH6d','VThT4tkic6',881,NULL,141.86,0,1),(336,'lsvsjPqoI5','QOs8ML2hHq',1990,NULL,252.00,0,0),(337,'pjd0GIvvwr','Nt8Jc4vYWz',1565,NULL,235.02,0,0),(338,'sH1SYUfwaj','ZM9yiDNz7Q',1407,NULL,80.76,0,1),(339,'Cj6dDyeYKq','YYlDAiPIkO',697,NULL,217.34,0,1),(340,'QKCoa3pP5q','ur6fKllecg',395,NULL,43.06,0,1),(341,'h6Q4kTWA4P','9On7KT2VJN',1084,NULL,186.54,0,0),(342,'pDEyB686jQ','2Y6qO8vieh',1058,NULL,25.22,0,1),(343,'oXGRyAenry','gl9AzM9ljA',773,NULL,287.33,0,1),(344,'0A5ZW05m1f','Me52AtXkxf',1591,NULL,17.43,0,1),(345,'VPHXfVStm1','r5RwiDDSWf',1179,NULL,154.55,0,0),(346,'KQazNhrz4I','GlI9JDdKS0',899,NULL,207.35,0,0),(347,'TS9SQeGJcC','WI7LWmSsXh',29,NULL,116.72,0,0),(348,'HP47wHI3KJ','9B44O9gwky',1781,NULL,51.92,0,0),(349,'QXvJVmbC3f','jhgreqGMmY',731,NULL,214.39,0,0),(350,'AixOm8mGvg','IXMHqsekAs',486,NULL,275.32,0,0),(351,'lP9CHPrTPF','TmTJx4SMof',209,NULL,144.47,0,0),(352,'jZHGoFbGpY','BVva84HCZS',972,NULL,173.45,0,1),(353,'Jw5cGNvwzm','cfAs3HLDGi',1788,NULL,113.60,0,0),(354,'HV3IrXKuCw','qDvmnTVBs5',688,NULL,138.52,0,1),(355,'seI3G7hqBn','ALKptROmVp',195,NULL,37.14,0,1),(356,'RVPJPB3WOq','ODXsBB8oeq',1186,NULL,183.61,0,0),(357,'So3vUBQaGi','4PZFQTL1m5',250,NULL,122.23,0,1),(358,'BxcNsrxI71','7MIcdLQFOf',1407,NULL,161.09,0,0),(359,'aWx0MUKeGQ','F8Swwexmp2',1314,NULL,126.29,0,0),(360,'lnLq75Cwgw','8BPhY65v9t',1934,NULL,166.53,0,0),(361,'aiauVCTDX1','LKgynnyvIK',63,NULL,183.65,0,1),(362,'vKntKFwOr0','OYhE42u6mA',1056,NULL,274.37,0,0),(363,'Wy0OtKSOYo','FeesHvSO29',664,NULL,55.23,0,0),(364,'dnIQnALShu','8vazx8o6XZ',1946,NULL,279.42,0,0),(365,'PGsqw9ikiV','ycQWcynIh5',1917,NULL,130.59,0,0),(366,'R6Mj1IxWqi','5ooysdmyh8',787,NULL,191.01,0,1),(367,'sQ1FMrIrSc','wDO5nPo9te',1441,NULL,18.60,0,1),(368,'Fcpwu4MI6s','wiTTFU5hi8',156,NULL,262.41,0,1),(369,'lEJ7Ws83CJ','FZeGklB34c',1460,NULL,238.69,0,1),(370,'IlEtj662y7','lLijPPYu8H',490,NULL,283.84,0,1),(371,'Ji91SEr9nX','UG63LCAk0s',1279,NULL,84.33,0,0),(372,'ffKRIDTBQ9','fDju3oB9m4',954,NULL,268.04,0,0),(373,'fkgAEZm0Q5','BNtJ5h8Fs4',7,NULL,226.24,0,1),(374,'1PsufjLLdq','Vrqqh59nVB',1536,NULL,74.39,0,1),(375,'GxQNiy7vWN','FyxlhAQzBq',1595,NULL,71.48,0,0),(376,'YhjBm1d1ms','9aXCCjAtYY',682,NULL,246.02,0,0),(377,'owBIXZeAG9','LZEDGUU5im',773,NULL,46.45,0,0),(378,'Vn0ygci12u','yajBdrI9g5',1291,NULL,296.30,0,1),(379,'OE87pXNkC7','46w4rEC043',940,NULL,129.37,0,1),(380,'4CZiS9qn3h','He2teK07Ic',401,NULL,65.76,0,0),(381,'fKyry2dZS6','pTENFRrF72',1595,NULL,289.86,0,0),(382,'jbg8cw3Mfd','TL3IGACZFT',375,NULL,240.26,0,0),(383,'gzlkATmqBE','vIKj8DOZYy',1359,NULL,126.63,0,0),(384,'b7OWLvqp4F','M7mtxXXQJl',1908,NULL,231.05,0,0),(385,'zL9XiKNDqw','7n7NI2C9j9',1180,NULL,14.38,0,0),(386,'EUe6fiHmB4','KiPeD1ZWed',1687,NULL,128.89,0,1),(387,'ynz6gpLcd6','1UFSTcbYeU',767,NULL,32.56,0,0),(388,'WBZZhwcOEK','Zw4sYoM56S',11,NULL,131.52,0,0),(389,'8k9Mfk8Dc7','uv9utDVLPl',1849,NULL,296.38,0,0),(390,'vagQTUret0','N5n96pbH9Q',190,NULL,228.11,0,1),(391,'7c6Y4kHkA5','k2ojfFTFN8',314,NULL,272.37,0,0),(392,'qFVqJsDwrR','SQBbgwxVxf',67,NULL,87.36,0,1),(393,'ME9R6JlixX','GsTptVMhFa',1794,NULL,262.39,0,1),(394,'IWqXTen4WY','3B83lousym',444,NULL,41.55,0,1),(395,'mSvr1qwVQt','bKMkrJJg3o',1782,NULL,164.77,0,0),(396,'PwAZpavlED','kwaMuqX4xF',1773,NULL,57.66,0,0),(397,'n0Q2tXMpqe','2voIxSsgdb',1839,NULL,297.01,0,1),(398,'2Pk5FHVhzn','h9sYiNuyTk',904,NULL,61.31,0,1),(399,'6JrHiRwekl','A9k2PESsls',1966,NULL,116.41,0,0),(400,'0ykZy41Ifg','HRlwlAiz7T',218,NULL,105.12,0,0),(401,'RAGrL7jVhj','M6hAqNFu4P',1711,NULL,59.27,0,0),(402,'WSp8uzq1BH','ryXSGCW7UA',1976,NULL,109.85,0,0),(403,'bDPfDawmQR','oDMIy9iOaK',1080,NULL,152.70,0,1),(404,'r7h47fDN0m','pJY3MuLY82',1187,NULL,143.38,0,0),(405,'kH7bXfSPJ8','yYOohQdbd8',824,NULL,183.20,0,1),(406,'dnrBGUGuly','5aSK3BC6rM',827,NULL,238.27,0,0),(407,'IHntKEQCNy','VoZOxB01CG',166,NULL,168.42,0,1),(408,'zooTjn1irR','nZOqWBfHjV',1730,NULL,276.65,0,0),(409,'f3fTky5Ejr','CVHy7LxZWC',558,NULL,241.95,0,1),(410,'u98YlOb8WU','FlY9P5B7RZ',1958,NULL,252.57,0,0),(411,'4mNx4xMSbC','dhNBP6pEQg',504,NULL,297.80,0,1),(412,'32Ifgne9we','bYaPHBnmP3',988,NULL,131.04,0,0),(413,'D7QERoEFOn','yGWOgJyqlo',1059,NULL,105.11,0,1),(414,'N1xIfY4TMC','lhgz92lwmU',526,NULL,50.45,0,0),(415,'8R6MJe6m5c','2TmN0FwDJK',40,NULL,94.30,0,1),(416,'8h2vpnZuIM','xGXc4OhAQ3',269,NULL,233.10,0,1),(417,'cz0KSDeRWT','75mwTuyaNh',1541,NULL,178.48,0,1),(418,'8meb4ueCbY','fUb6uqwCqt',1436,NULL,41.00,0,0),(419,'LGK4jJp4uP','mhlqmSgdAs',1816,NULL,157.92,0,0),(420,'XrljSKXGKc','AXMrlfx8eL',1393,NULL,52.14,0,1),(421,'R8Ox3W8qZQ','Q4MgMVmY0o',1093,NULL,90.07,0,0),(422,'6Iwc2OyIMg','5GFR4YOF8T',1181,NULL,46.98,0,0),(423,'9GeYmqi2FC','F3snNhkdfD',1407,NULL,244.20,0,0),(424,'IpOYFtPoHB','QC2mvbdl6k',284,NULL,126.76,0,0),(425,'5tA04tZeRn','BuoBghjBvM',999,NULL,41.70,0,1),(426,'EbAvWuMnR9','o4N78UOZSj',1441,NULL,35.98,0,1),(427,'DoQW3kfSyq','fIkKbPtxMC',372,NULL,111.72,0,1),(428,'N1IFSxkozR','0OJ9frD5IU',831,NULL,273.08,0,1),(429,'tOleNge0G3','TT9XE0Lseo',1563,NULL,24.61,0,0),(430,'76zh34CA7E','VhVGbKsdT0',1448,NULL,207.14,0,0),(431,'01fXntqMsF','SpDuFmNH6q',705,NULL,52.33,0,0),(432,'Dm3E6xZx4Y','WKKJLiGSh6',1994,NULL,131.25,0,1),(433,'T3iVwtteXz','7UviiRJ8Ol',445,NULL,245.78,0,1),(434,'UOMw0Nqyye','Ua7PoBqDhg',97,NULL,287.78,0,0),(435,'Vahp9Bpa53','WQLd2TbYYj',1298,NULL,85.82,0,1),(436,'x6mjtb3eAO','bglqNs5LYq',1182,NULL,158.66,0,0),(437,'3Urf70lEo1','wEYFgSqhwo',1498,NULL,291.31,0,1),(438,'3EwBWp2KiZ','240gAL0vrv',822,NULL,222.56,0,1),(439,'OgPKoF9Mj9','KOnljKuXkZ',1415,NULL,292.45,0,1),(440,'9D9U1RY4qe','8yT4rIAjf4',875,NULL,14.38,0,1),(441,'lEPYaMravi','dSPZ2jDrSv',1122,NULL,82.39,0,1),(442,'V07t5F1dZ6','15xkH3jTrh',232,NULL,72.60,0,1),(443,'BnUH3qJzbu','ShCR5vU3Sq',164,NULL,100.74,0,1),(444,'WaXtV1BsE3','eTW5srq82B',1513,NULL,300.34,0,1),(445,'cpolLwWPya','KZrhAFxRl1',1115,NULL,150.42,0,0),(446,'Znv6IIR2WU','2dSSli0eZa',1497,NULL,143.11,0,0),(447,'tkbCRa4wSo','pj4khFZvMY',986,NULL,168.22,0,0),(448,'p2nrY9SNos','tIdzSsDydM',1642,NULL,238.75,0,1),(449,'1hJVRwXiu3','HMGaPRPdR2',1046,NULL,212.70,0,1),(450,'FpW0LkSkf1','w8NEHdjQ69',1495,NULL,29.93,0,1),(451,'PhdstOyEqr','sZLvV6zTHT',151,NULL,16.50,0,0),(452,'rnoG4RxZYB','pcKUWuSZ5O',313,NULL,161.22,0,0),(453,'20vq5MxnsI','S68wT1XIro',1120,NULL,268.21,0,1),(454,'MooDd5kn98','r348hFNWQD',724,NULL,222.64,0,0),(455,'APDn7K701e','avknhU2pzd',256,NULL,296.17,0,1),(456,'TSkYDskR4b','CSM67wcj0q',743,NULL,225.16,0,0),(457,'4HiaSQfV8O','HpfkAbCIVN',562,NULL,285.08,0,0),(458,'qvOUIqejkj','KFxO6k1imU',960,NULL,298.59,0,0),(459,'wnAG5rz8Wy','7doab8mluN',1735,NULL,224.10,0,1),(460,'wwXMkgPnCN','iQhgoF6kvP',231,NULL,158.83,0,0),(461,'POVeDU9Y25','CYExf2rWsy',504,NULL,80.04,0,1),(462,'aWUz7Mvkz9','TKIuFUAziB',1680,NULL,255.41,0,1),(463,'HRntPBuVKG','iq5SH8hpMq',1377,NULL,232.54,0,1),(464,'QQtdcUJVLo','gxoTeJ5W45',1338,NULL,180.73,0,0),(465,'4qS5yHtrW2','cU6kTIOfDq',383,NULL,117.58,0,0),(466,'ShhNyvAp6s','XVNoFGxDzN',242,NULL,180.55,0,1),(467,'akGQNRc7vv','sXJDU4TzIf',853,NULL,81.64,0,1),(468,'IRnc6P73Iv','XH9hJJCazv',1312,NULL,37.60,0,0),(469,'ypRDAA5MWp','ncYWOWH4pE',843,NULL,173.20,0,0),(470,'PXwkmqbieE','kshInPx2Bv',822,NULL,149.25,0,1),(471,'EQn65i4D80','rO6nptZdou',242,NULL,146.76,0,0),(472,'uH8pdUuc1O','r7Hw5tJo4z',789,NULL,89.77,0,1),(473,'Goe67jm7Et','K9iYl9oPQa',147,NULL,80.19,0,0),(474,'1b6Rz4QYCj','vOdmnAtf7G',1107,NULL,205.52,0,1),(475,'vXbDBFJM5r','54IlQPUEWE',1580,NULL,206.22,0,0),(476,'27wLwO6Nmx','MGrUTFsjhx',732,NULL,224.13,0,0),(477,'0LOtD70LSp','Tti22D46Ae',1099,NULL,86.58,0,1),(478,'TP4jIlKN41','1xfnp2eKUH',1751,NULL,280.55,0,0),(479,'VtjqiWujcn','QpZw2wuKy8',1402,NULL,239.78,0,0),(480,'SWFOTgJ9gi','VeXaKjDdGT',646,NULL,232.42,0,0),(481,'Y8amIKU9fa','mexIMkN3tF',1465,NULL,94.72,0,0),(482,'ELJdgHPfAw','5Wm7TyXkgR',1583,NULL,194.21,0,0),(483,'frpChUyTlQ','FMurCChLge',1302,NULL,182.62,0,1),(484,'Uovm6ASvR7','Ao9rF2WPLR',1036,NULL,54.18,0,1),(485,'wkUmW3IJMw','rl4oBWxMFB',915,NULL,256.90,0,1),(486,'kzgP03mtWQ','E3bof0hJWC',1575,NULL,175.90,0,1),(487,'dWRu6ToWym','LHAQkHcKss',1497,NULL,235.07,0,0),(488,'EGOCOBip2Z','UXgCPO75nt',1133,NULL,30.01,0,0),(489,'b67U4SClmk','21GkAyvS4K',1464,NULL,162.62,0,0),(490,'7wrd47jOW1','gAm3Dhc4Tg',572,NULL,13.47,0,0),(491,'4m8BDZe1b4','beXe6vDxXe',393,NULL,127.72,0,1),(492,'PPW1O58UVQ','NYPcpvwpjb',873,NULL,146.45,0,0),(493,'NpO11avJ9m','wEaa8jb5eD',419,NULL,254.93,0,0),(494,'EsdojQK918','gSMpaAXevF',1769,NULL,176.57,0,1),(495,'lYhylqEPbK','zWPwie9jm8',1174,NULL,106.42,0,1),(496,'daHtoF7Arc','TkFZSS5urK',134,NULL,164.21,0,0),(497,'CISsPGDYl0','vCTabUXIDb',842,NULL,92.40,0,1),(498,'oIobakCcaa','MxW7CcfC0P',960,NULL,113.04,0,0),(499,'Udoxj3ceUj','Z98npTMUAn',382,NULL,290.61,0,1),(500,'jMfuhXfrKA','ASTYNW6jt4',233,NULL,193.04,0,0),(501,'DThgYe5uq1','7AasgAX3Ic',515,NULL,295.23,0,0),(502,'w7Zri04Yh7','0jcntAN8IK',1534,NULL,265.69,0,1),(503,'DdwxJ2kJhM','bU9Qsd4hy1',1517,NULL,296.49,0,1),(504,'qPmARnYB5p','iJOGr1Aete',680,NULL,112.89,0,1),(505,'W0zPLNA69t','nG0q84hT9v',414,NULL,172.86,0,1),(506,'kynid4EG0O','Nb7cWjLKBJ',1231,NULL,98.15,0,1),(507,'QKGWHtvCri','s33qQWIVww',635,NULL,143.57,0,1),(508,'QnXMiU090e','bQMNsYTQtd',185,NULL,23.76,0,1),(509,'AmZ42NmaMR','Tjm2oL2r9p',1690,NULL,199.82,0,1),(510,'AEBKOSwYbM','bqWePVjMq2',1662,NULL,132.15,0,1),(511,'FS6fp5lp3A','fh3mLYwugB',964,NULL,262.06,0,1),(512,'BjTYh1Z6o7','Y5XRmz0MYT',933,NULL,123.77,0,1),(513,'TeROsrDjDj','lFTZcYtkeg',162,NULL,173.06,0,1),(514,'6li9wRBnOv','W1AxQo8XI6',1576,NULL,284.82,0,0),(515,'VXhFpIh2dh','dGxlXK6hJS',1520,NULL,164.65,0,0),(516,'Rvx2XMKrLC','xoMEwfRlRY',1108,NULL,161.06,0,0),(517,'JR31XfBCyB','HGl8NbNCzq',1309,NULL,180.49,0,0),(518,'8uzuGesUWw','k7CuMQyTX5',896,NULL,180.38,0,1),(519,'3UT2nXWT2r','ytNzd4FCbv',735,NULL,293.09,0,0),(520,'G3W1yEOLUE','5VsH5xrQvI',678,NULL,59.76,0,1),(521,'YW53epacUh','DeuCIdNUOz',782,NULL,161.04,0,0),(522,'SsbQonEx6F','Gl40mUXQD6',505,NULL,126.94,0,1),(523,'Ghc3K3pw7g','wrSdynDBSe',89,NULL,201.16,0,1),(524,'gnYjGE4vDp','OiShTISh5l',1436,NULL,119.85,0,1),(525,'TCozCHW9ug','0juD2BCJ9K',1413,NULL,238.91,0,1),(526,'NfTgq2nFU4','POaKFtN1zW',791,NULL,284.68,0,1),(527,'Ra1VbJ5L6e','vlUMNvLsti',756,NULL,203.49,0,0),(528,'igUu2mus4e','op0x45Lq4k',302,NULL,63.12,0,0),(529,'UjMIHqOnZO','aSYZs8Ryqi',1736,NULL,231.32,0,1),(530,'JQUqWeCiGR','zNukuwCiBW',1957,NULL,208.07,0,0),(531,'5tcumfYYqR','NnYt0c4exx',249,NULL,233.75,0,0),(532,'9xbadCrQVy','3Tq2PHHimA',883,NULL,271.97,0,0),(533,'IBbiY7Y9DC','I2TwdKozeL',1018,NULL,221.47,0,0),(534,'CzTjwp1uAm','QG57N5Huca',1075,NULL,71.51,0,0),(535,'uAaOarwfj1','Dwx8oB8A7v',81,NULL,131.67,0,0),(536,'waRQWw63iJ','ERUhXbnocv',286,NULL,128.34,0,0),(537,'CQpfsGIrUr','0llSIEfcqu',1796,NULL,14.06,0,0),(538,'u9cO39wX2G','EgMlfnziGP',914,NULL,232.03,0,1),(539,'XOx6VzPM0l','U1WX91Fg18',1432,NULL,49.40,0,1),(540,'F9qHvGKM2T','uix6lKvspF',192,NULL,291.45,0,0),(541,'CmSJZ430nO','WS1xn5FLOQ',918,NULL,237.89,0,1),(542,'Qg8RwMl4bw','FfKR3DAhQQ',1511,NULL,147.37,0,1),(543,'9VoWQzTDTY','49v8uKMi7L',1817,NULL,249.80,0,1),(544,'NMiNXJ8D7Q','P2zjgjn4RF',1189,NULL,38.74,0,0),(545,'qh1PMzSAHs','3vIliuUL8z',98,NULL,294.11,0,0),(546,'AUHCCdFCbl','uwtpNJ3TRX',1511,NULL,287.17,0,1),(547,'PvmxLf0zdB','SNErRvY0R3',1774,NULL,151.00,0,0),(548,'dIJjQzjrdy','1UDiphsLm7',1361,NULL,291.52,0,0),(549,'4B1SCm29dP','eMf8FU2oeq',978,NULL,279.54,0,1),(550,'VDQF3wuLCi','WErTkpVJaI',258,NULL,198.50,0,0),(551,'yYpbeQW9fz','4w2NXYR2jQ',547,NULL,254.86,0,0),(552,'SYH1oEH7Pc','vy9zuEM7EC',134,NULL,248.88,0,1),(553,'C3WGDchEVg','MFPEjpMp7p',1689,NULL,46.65,0,1),(554,'uBCvbsFPhE','VbauCnicWw',1647,NULL,146.49,0,1),(555,'pNqeRTB5Ke','Y7OmFbvAmq',1787,NULL,120.81,0,0),(556,'qDgMuAkwzK','g271slqpVq',383,NULL,288.33,0,0),(557,'qds8G7pScu','z509Aopret',1935,NULL,201.57,0,0),(558,'20rLQmMLuP','97bo8dNVeQ',733,NULL,73.34,0,0),(559,'yEWIfrfMCE','gJ9miZGTnH',255,NULL,96.45,0,1),(560,'phgUPkwIit','EDhA0nJh59',1794,NULL,220.65,0,1),(561,'Dxq1q7PcB6','F8iFTFJJtj',1573,NULL,238.75,0,1),(562,'ILG9KZBKHX','bAgtj9XODd',97,NULL,95.41,0,1),(563,'Wm9dl7qHEM','uIRwreC6AW',533,NULL,257.62,0,1),(564,'6kqcGSNalM','jk488yHmVt',485,NULL,28.50,0,1),(565,'x1mRO4eIXp','WUudMmf88a',1701,NULL,68.74,0,0),(566,'mkvcbl1c9w','2IYc6UlSXD',971,NULL,64.71,0,1),(567,'UJpPwC1q9r','Dwt1SQbqAn',747,NULL,195.25,0,0),(568,'JuGNtS5uLp','y9uEkN8nt7',1882,NULL,33.20,0,1),(569,'96TjhBGgrT','ngxjkR4MBo',1263,NULL,137.52,0,0),(570,'us2NU6WJjL','ALIeI32xFh',121,NULL,86.38,0,0),(571,'w8ENdaU7aI','C64BJHzVEh',295,NULL,85.62,0,0),(572,'XhNqBEuVps','imHm0btUbM',1860,NULL,53.34,0,1),(573,'A4uGnVtEih','8fYQDh0IJ3',154,NULL,283.00,0,0),(574,'tGpWXHjnnx','e2J2WWbsAn',1487,NULL,100.73,0,1),(575,'OW6qyHoyvD','579mIr4U4M',580,NULL,279.39,0,1),(576,'gbcPBubpSM','rY4glPkhCa',1132,NULL,28.52,0,1),(577,'AT2p5EK1a8','kYk9pkTsfG',1831,NULL,93.08,0,1),(578,'rnmY74x7Dr','Bx8VgvyDMx',1580,NULL,130.14,0,1),(579,'aKAqRlMMYe','4YEIKJL3uY',1757,NULL,137.10,0,0),(580,'TS9zHlOCfq','Xw3qHHo7hh',1906,NULL,216.88,0,0),(581,'65c6aqS3Ng','cXmKm3zXyl',442,NULL,37.86,0,1),(582,'GbS2eRiNej','9DnpHPkc9S',1639,NULL,172.54,0,0),(583,'409vVroZv8','0GaUd84Jqt',481,NULL,39.43,0,1),(584,'eP8zpbMMDg','2ASx2RXXD0',1790,NULL,238.84,0,1),(585,'NDSfI2cmKo','WBQopAXoMY',1452,NULL,29.37,0,1),(586,'EbQfWfWe4g','TzraYYoSyP',1544,NULL,177.83,0,1),(587,'ObHCjVsquS','VWQEAIbHEW',1671,NULL,24.85,0,1),(588,'Inq1SBWxQ7','HicwhBqvI6',1962,NULL,22.58,0,0),(589,'1TiaXgidfQ','YWp14w5jFX',783,NULL,210.50,0,0),(590,'pPMAhgXuGd','R07SB2yNo6',487,NULL,252.75,0,1),(591,'8sZqxXKvan','mr8ZGNtwkM',1273,NULL,147.15,0,0),(592,'89ong4xS18','H8lDinlC15',595,NULL,177.75,0,0),(593,'1DQN1MEGjq','3uWDS636An',1458,NULL,44.50,0,1),(594,'UQmW38xEHM','iSw3sZNWdn',1402,NULL,75.79,0,0),(595,'NQ5VGBQyLl','gzOeOp42kg',1036,NULL,79.29,0,1),(596,'4a3EQkC81B','lSGTF6bAdK',542,NULL,196.88,0,1),(597,'nU21RI7mHO','XpRvltMk1X',758,NULL,215.57,0,1),(598,'Q9oiGRS9B8','7P9VYOvGQc',153,NULL,286.57,0,0),(599,'6Ll379doKM','DgEsIB1YVo',297,NULL,146.12,0,0),(600,'9OBCiZGiBy','MreVNItLfz',273,NULL,159.09,0,0),(601,'J5uCNDRIBh','kOkkwO00Uu',882,NULL,211.07,0,1),(602,'6GszlFa0TK','CD2VXyhwXc',477,NULL,175.13,0,0),(603,'yODGMBnOMx','c9tIQ4SZ3r',1769,NULL,148.43,0,0),(604,'3DBkQHCvRj','tqGsCW4VCe',1076,NULL,261.43,0,0),(605,'rU3ESI8317','A0JL0gIgV6',117,NULL,169.83,0,1),(606,'brPg0k20f8','UckhIGfnGL',1688,NULL,255.82,0,1),(607,'rgFKCEUNxl','ijA8nDZgxe',340,NULL,197.92,0,1),(608,'euF33wMkGS','OVIKuVmPpb',1515,NULL,69.56,0,0),(609,'8B6f2nG4yv','0PiKwuu9tV',1512,NULL,158.09,0,0),(610,'ycpgMfpXMs','Fqa917MotF',136,NULL,268.04,0,0),(611,'hSIYwWwa6h','JKZNrOaLqL',1880,NULL,216.46,0,1),(612,'94xNnTD5zB','Mc9fgwNDsj',141,NULL,252.09,0,1),(613,'XkEYFrpRPK','kMaKXbvFyv',71,NULL,219.48,0,0),(614,'rqgvwzICql','hCD26uA47h',1427,NULL,24.59,0,0),(615,'YteiY4bUgx','6EwBaydYmo',1054,NULL,282.25,0,0),(616,'UAk1Vp7psI','0bgwSdtpJH',1469,NULL,251.13,0,0),(617,'dZKNBcGNs4','H21ZO3x8kI',1436,NULL,180.71,0,1),(618,'Ki5nvX9upq','5PMRDItmcH',399,NULL,51.86,0,1),(619,'jSXuWJRy9P','Oen6IRbIId',1145,NULL,222.25,0,0),(620,'ZvXGGXgkX9','Gdzouqx9q9',202,NULL,182.68,0,1),(621,'blLLKhOa2H','rBKp0zaPzC',1096,NULL,231.24,0,0),(622,'GY0Q3F8l8L','o1JJLizNB9',1854,NULL,130.65,0,1),(623,'FMcjaogNjK','MMC1Y5Fbtc',883,NULL,51.64,0,0),(624,'JsHzN0cPwC','PhKN92HINt',724,NULL,128.12,0,1),(625,'eErayMzbBp','d0PVagPwoi',1091,NULL,94.70,0,0),(626,'41vYytHuNL','nhmBIRyjWj',1054,NULL,247.87,0,0),(627,'vMChKXK0Ik','ESrzr69NFe',1281,NULL,241.43,0,1),(628,'08sN92Dg28','iLijeag1J6',844,NULL,163.51,0,1),(629,'PbZdEspCdp','aFJrK5S81T',1230,NULL,138.24,0,0),(630,'vBgbnOUE5Z','1ZaAzRpZdi',964,NULL,30.72,0,0),(631,'vTJYKlv88s','qWkhTALspT',1485,NULL,214.05,0,1),(632,'bq8rUotwGk','w2uk37GbNX',798,NULL,108.11,0,1),(633,'lhdN48uomO','mhbVQQSUAb',1814,NULL,200.68,0,1),(634,'S6ZA3WNIEF','jcfcNxdGDn',1265,NULL,300.91,0,1),(635,'F69i2uXGKs','hGrIe8vDdY',619,NULL,159.32,0,0),(636,'SlGrXjKaTb','pTXMJq3hhY',512,NULL,10.61,0,1),(637,'frjQXnGIpR','aUVcaD1CEF',871,NULL,67.57,0,0),(638,'ohplwptwoe','taffzCRlS5',119,NULL,201.33,0,1),(639,'gw2UOQBdlh','SIs1GklZtV',656,NULL,205.12,0,1),(640,'Uf9ubT44rb','9Leh12qBSu',122,NULL,63.58,0,1),(641,'eUNayDlwUX','wzjehyhLUy',890,NULL,284.06,0,1),(642,'JrOkdhCIDu','haGbLibPE4',1687,NULL,225.66,0,0),(643,'4waDwRAUA7','znbuUP4qwC',1277,NULL,289.61,0,0),(644,'4YQI97YCmb','mXIAeU8ZY8',746,NULL,91.72,0,0),(645,'U2gKygeTsu','LXZVO1ykIE',76,NULL,249.66,0,0),(646,'1A3zSi1zYx','euSWkA6CBn',416,NULL,238.54,0,1),(647,'CkpJkhow2S','Ekg5LGfA8b',1756,NULL,298.18,0,0),(648,'QuanE22B8T','3fawtQk5jK',527,NULL,214.25,0,0),(649,'cCFMZmjzTm','L1Tf79xAfe',1099,NULL,142.79,0,0),(650,'PH01wgdcMs','B9dJpMhaXH',1074,NULL,197.67,0,0),(651,'0SYC2ooFxb','wVHwsIPZlf',836,NULL,28.78,0,0),(652,'xuaKOiNfj7','9w1AFvvRGq',917,NULL,208.09,0,0),(653,'DhJumHFtaG','AfY8SyhTOD',362,NULL,127.34,0,1),(654,'9ylU19YYP1','4LiqsHhPnc',1546,NULL,231.40,0,0),(655,'2l5X9PtSFj','TY22j49gzT',1630,NULL,295.11,0,1),(656,'bIEVHjrJUA','19Vpsly97S',232,NULL,45.23,0,0),(657,'Ud8Of1EBUB','H4v4eid6f0',768,NULL,187.84,0,0),(658,'ArRvoX2b7D','qOv87NmXvt',1391,NULL,217.27,0,1),(659,'44KKO3Zlvi','sLjz6bzrfl',512,NULL,75.19,0,0),(660,'X76zMjUQkD','lRRexuUVwx',1462,NULL,294.91,0,1),(661,'nNp003pGxj','2rCGOi8D1A',1002,NULL,156.75,0,0),(662,'QqCGtQWNeU','gTsWbSpPe9',1151,NULL,171.11,0,0),(663,'UokZuyCycZ','XnMw9FeVXs',1033,NULL,35.77,0,0),(664,'VIT44UvYRp','HKP5rv7lPq',1330,NULL,207.91,0,1),(665,'cTHTtVa9XW','T1oJFy7N6Q',317,NULL,79.38,0,0),(666,'4RzCteedbq','FTx4MU3SUj',1426,NULL,137.04,0,0),(667,'9hT3NCVSLM','rojwyIQVzI',1831,NULL,65.07,0,0),(668,'Xa3pUCH2gr','jPKN5B3lm2',1624,NULL,30.66,0,0),(669,'R1Bzgmk7Q1','Muom4BtiVq',1826,NULL,188.86,0,0),(670,'D8qQTnFivw','l78OJJZaxa',694,NULL,14.99,0,0),(671,'Ws6GUtCK1w','tANcvCd0jZ',1556,NULL,271.39,0,0),(672,'nxLCGWBtkL','tm0R7N4APc',1771,NULL,128.55,0,1),(673,'ypPPgQ4iQY','vzgnngvIsa',1308,NULL,54.79,0,0),(674,'TblK3X6xmH','VujhmmZmC8',903,NULL,53.19,0,1),(675,'QUP1r8AG5q','K7i6Lyu7gD',1801,NULL,64.13,0,1),(676,'gFSDY2h6lx','X2LIsKFzRz',1684,NULL,265.01,0,0),(677,'3uDbI5xbU1','hmZj62Ruio',517,NULL,251.88,0,0),(678,'UfY6D9OMlj','BIHnQg8xHP',1811,NULL,114.14,0,1),(679,'QrnrxYbXGP','MPejqkoBI6',1044,NULL,118.54,0,1),(680,'FUIxZ03Rdy','ZB2bVIsQcW',1853,NULL,54.71,0,1),(681,'Q2OVGEJbda','c1xEJh61eV',1998,NULL,292.36,0,1),(682,'LruTuMbHKB','HEAR2Arilt',1089,NULL,187.57,0,1),(683,'N4WE18kfJc','qAvI2LKUuS',589,NULL,94.98,0,1),(684,'FLbm4MYfNO','Z5iCHMQ5o4',1703,NULL,154.65,0,0),(685,'lC10OYpnIV','r5N7ukNuxF',414,NULL,242.31,0,1),(686,'lxim5E1ycs','GcW4vHp3sr',1179,NULL,258.89,0,1),(687,'ydblqwzznu','sWlKmA45KT',1527,NULL,114.91,0,0),(688,'grnd5cGyOh','Qp2DDi86w5',1205,NULL,264.32,0,0),(689,'p2mvYFcQB3','yyU92lwrBp',1381,NULL,56.78,0,0),(690,'i22alD6Bs8','GwD2luvTJM',1910,NULL,260.55,0,1),(691,'krRYPsMDHf','JzhVXwOISz',1692,NULL,28.31,0,0),(692,'CTl03tgYEi','dHcR7mjgsw',750,NULL,191.75,0,0),(693,'rGxPk4BXvI','M1YpPxBjmv',807,NULL,270.83,0,0),(694,'Oj2jL5rqiy','odVeXcfq3N',1874,NULL,252.01,0,1),(695,'qhra9ol7IJ','YOdpdIX3zN',1638,NULL,109.89,0,1),(696,'SgGVldrlMB','HNtwvErgs0',275,NULL,56.62,0,0),(697,'Q1iXWai3Jz','UsqvsQiSxZ',1743,NULL,118.34,0,1),(698,'oL5DEe9sEB','r3xGORa6Qo',1559,NULL,100.54,0,0),(699,'79s4t1VTnS','T7bgOPC5JI',611,NULL,128.76,0,0),(700,'xVg8jAjMxZ','xu5PcsonUQ',648,NULL,67.24,0,1),(701,'xeeCzzCeMU','u0wNWqJbQe',1738,NULL,207.84,0,0),(702,'WsFxhX8caI','2XaWjPxpk4',1235,NULL,263.63,0,1),(703,'yMgfr7X3pb','e2cfG7APbX',1540,NULL,137.82,0,0),(704,'vXEWP0eIqd','wC38Wko269',315,NULL,16.71,0,1),(705,'qVi8tvsjLt','8Bd5Gg7LpC',1706,NULL,297.93,0,1),(706,'N8MQ9lwpN7','ys0UfgtyWJ',608,NULL,35.30,0,1),(707,'0ca8itMEQX','fCRCFDcaTS',27,NULL,218.62,0,0),(708,'Y1oSigWmwY','ve7GZOMYZM',201,NULL,98.79,0,0),(709,'LqDrr0huoI','foHzG7SIcw',1299,NULL,174.87,0,0),(710,'ocTLYi0lbY','1apJWSr2bb',1222,NULL,94.93,0,0),(711,'9J8KgPlfBP','PwbkV0hH2I',350,NULL,200.02,0,1),(712,'dxjIvxX8pS','2brKmv5WqX',1870,NULL,279.03,0,1),(713,'dqSqcoOk4D','Vt1cG4xpNN',1782,NULL,285.73,0,1),(714,'JFyrxMJ9Ox','MnHzrImlKv',622,NULL,192.05,0,1),(715,'Y7O61dlQGX','nbaXA9yL1e',1473,NULL,78.20,0,0),(716,'0lEEcIhUOu','0vqjwhEdVu',1939,NULL,112.59,0,0),(717,'lZ4ZVPXvEx','lncY61PiRJ',1430,NULL,235.65,0,0),(718,'lfbuy8oQvS','qdv2GFCMXl',1280,NULL,260.60,0,1),(719,'Ty5MrJo0ok','R3LqUDoLqi',60,NULL,119.59,0,1),(720,'kX5q1jVWgu','87GFXYGigb',1760,NULL,27.38,0,1),(721,'SX05yURa6C','Uj3dKg17g0',417,NULL,241.71,0,1),(722,'plMRcGfAai','JpDeIs0wcQ',1267,NULL,161.23,0,0),(723,'adJM0AsbfU','E9uyBnWRY7',1506,NULL,210.04,0,0),(724,'d6BMZx5IQV','9xH2DTcrUw',1347,NULL,143.81,0,1),(725,'kwSHYiV0NI','5AUKWvQejA',221,NULL,159.93,0,0),(726,'nMbg3uIBNH','sjQguDSiSs',1698,NULL,234.00,0,1),(727,'6fzbwv7rO6','0NFiQNppFl',1964,NULL,50.96,0,0),(728,'H1f19eGjl8','Ylnzf2IPxD',571,NULL,268.88,0,1),(729,'SA7mopn9Eh','7W8rIpnq4B',541,NULL,13.82,0,1),(730,'IF1qCXD7Qn','aDKEC2PzIc',1921,NULL,188.12,0,0),(731,'cQesi2p7VS','aa3ZPJ0Zvy',388,NULL,56.75,0,1),(732,'G1jDF92aBw','xNzlNiXTfp',606,NULL,45.90,0,1),(733,'D7FRwewmaA','VrnsVpKEru',708,NULL,133.11,0,0),(734,'o5O66txGan','5TjIqVoQjm',1473,NULL,257.13,0,1),(735,'NkDzByKz9q','o51xh53UVC',1580,NULL,189.13,0,0),(736,'4ikGmqZUFA','J4OGP2FXuC',638,NULL,278.56,0,1),(737,'rJNIfD1DQ8','mRYX65amvO',619,NULL,175.00,0,0),(738,'F9WuGdPHl1','v2i6oK3xxl',1789,NULL,109.11,0,0),(739,'j22XSnqbJo','xLWwI70QXx',1250,NULL,74.75,0,1),(740,'4kEyYANsnW','owin1p96On',827,NULL,45.57,0,1),(741,'U3SgG9dynm','mKV2ve2IRl',171,NULL,83.58,0,1),(742,'Cfdw9I9eB2','zuHP3i7lxU',670,NULL,22.31,0,0),(743,'1VhZyBOtZ2','lgNfAt37oF',74,NULL,260.74,0,1),(744,'DG8qS8FRi4','SYNJJfQ4Sl',532,NULL,227.73,0,0),(745,'pNWw7z1djj','dxodIFkSEs',199,NULL,222.86,0,1),(746,'bF3e0Zl2Y4','2bXVaec4DK',511,NULL,106.79,0,0),(747,'O7Xu7QPspm','eNSqSOrNfx',1773,NULL,97.59,0,0),(748,'GpgUBWn9AR','rqpFeHgw3D',789,NULL,206.54,0,1),(749,'NeaaQAtdyS','tmVB534slM',1935,NULL,246.83,0,1),(750,'zqaIxdAeWI','18GYsdi2LN',1283,NULL,45.59,0,1),(751,'GwhGH2DF3L','mLYQ2646nV',186,NULL,251.84,0,0),(752,'uKaZYPoJ8n','hWkA0ZZSvf',49,NULL,102.15,0,1),(753,'dSYSJfxCCP','3o6MWdi1oz',1958,NULL,53.20,0,1),(754,'cJfvhwjVVs','9GmukDaXro',1275,NULL,82.77,0,0),(755,'uAeQYEHayd','MwE7WHamHj',360,NULL,100.19,0,1),(756,'7V3wWS6SR6','IMe36xryuY',174,NULL,257.04,0,0),(757,'vFFrVWiacF','JmDX6LiBcH',1669,NULL,56.24,0,1),(758,'NBWwDV8dEZ','1WEbtH71vB',596,NULL,203.01,0,1),(759,'mnBynguKSP','dv4Glm9QwK',648,NULL,44.43,0,1),(760,'bOtkoBTr7E','D8CflvilHM',1691,NULL,147.86,0,1),(761,'N4eCTL67N0','gfSgoWx151',256,NULL,51.18,0,1),(762,'oJvd1CefEH','KqTfqi6ofS',428,NULL,267.21,0,0),(763,'NJ4mOJ3kHB','J7OFceia2G',808,NULL,162.71,0,1),(764,'kQMdHhMyUZ','mbo9yFD2YZ',1303,NULL,72.09,0,0),(765,'XKKQh0S7CX','ueVjR6UPPD',183,NULL,16.76,0,0),(766,'UpyWQkuy3C','Kv2xUOHPnz',1046,NULL,85.47,0,0),(767,'o41OIB5hdi','9mI1dEFPFY',1117,NULL,289.74,0,1),(768,'fZ7RMoKG53','zq2kXtCnIE',658,NULL,225.84,0,0),(769,'tGVNBxE13o','Wi5qQOwFAK',178,NULL,91.34,0,1),(770,'MtyB6WUFJa','peTxA2dx3y',1587,NULL,155.18,0,0),(771,'8re0vKwtWe','85wl60FcgP',1485,NULL,216.21,0,0),(772,'FGp3DLcuhG','fWQCyDRRnA',1375,NULL,228.47,0,0),(773,'6OqfAlKd9b','B7SkmfOU9T',729,NULL,159.19,0,0),(774,'XvNwIM6WtA','oTnxlLGsoZ',583,NULL,299.46,0,0),(775,'4CSq30g1Xz','eoQajfjzBD',1589,NULL,153.25,0,0),(776,'Vs1ytFQBOj','oyGKx2pNDI',1330,NULL,112.36,0,1),(777,'itQfPcVVPI','M52TkvAAcs',1091,NULL,65.28,0,0),(778,'h3Z1fIVhub','focUwdHKiI',249,NULL,134.70,0,1),(779,'7K5xkZgQJ1','5OfHOGRAId',1000,NULL,152.07,0,0),(780,'cGPQi0bWXp','SaQh3gYsBd',1199,NULL,13.49,0,0),(781,'sURxkhRoCg','00OJukdIfV',797,NULL,22.30,0,0),(782,'S6NgjGA5ma','0VA7PQMxXX',1531,NULL,57.49,0,1),(783,'g6u41cDlkv','QWe2KmweIc',330,NULL,79.53,0,0),(784,'TwgwF67NOp','pwXMkt6nj2',256,NULL,163.15,0,1),(785,'Rlc37nTMvP','on1KUFqvAp',685,NULL,191.16,0,1),(786,'PiBoeuXTAP','II1aX7QeDY',907,NULL,277.57,0,1),(787,'ubHWqWBaEd','OTCEGavpMB',379,NULL,295.11,0,1),(788,'TMbyCx0WMK','fdi9x9oJdl',434,NULL,162.50,0,1),(789,'DxJnj4EamV','50zh4qW1hD',418,NULL,162.69,0,1),(790,'TT5beeTToz','NhnSL77bp0',1951,NULL,79.27,0,1),(791,'LBrLUYEV53','v8s0FRgTCr',297,NULL,264.68,0,1),(792,'D8cVDk7iWr','QjHAx0yssI',1640,NULL,13.24,0,1),(793,'HaSzpf41U6','W34Nu3wLZ9',1527,NULL,231.90,0,1),(794,'Yds9ZbZ1XA','rU3wvnJeCF',654,NULL,75.91,0,1),(795,'Jx7WGeuDxk','gPMlsAkOSe',1742,NULL,203.59,0,1),(796,'9n1K611lTv','Vwf47bW1YF',1326,NULL,140.11,0,0),(797,'xP6SMqTUks','ESH0f8R89f',956,NULL,245.36,0,1),(798,'56eAHDicvU','NAftOZtRKb',1501,NULL,36.68,0,0),(799,'fRCH89YcNq','9zioxqaEcE',61,NULL,74.71,0,0),(800,'tHu8th6bRf','upCsCHVxSG',1325,NULL,259.58,0,1),(801,'t2BaAeahWO','locJwGgqNf',109,NULL,241.18,0,1),(802,'9Td4mJQWKp','Tg0KUQYvNm',1303,NULL,288.51,0,1),(803,'stjDi8tZKY','mjUcZkZOPX',1469,NULL,160.76,0,0),(804,'Ur2l1xqQ0o','C9ZQK1yd43',939,NULL,150.24,0,1),(805,'8gSaxvXfWv','0KhiBMfSnv',416,NULL,117.09,0,1),(806,'7jAtnP61ip','3jJ6Da7xx6',1797,NULL,145.42,0,1),(807,'hxY4DA4m7R','7El61CPVh5',1234,NULL,155.52,0,1),(808,'mmLCxev9lk','mOIjVViS98',1284,NULL,142.48,0,1),(809,'OYkeOFBwHi','6FAQf3ds2w',395,NULL,218.14,0,1),(810,'e5Zdvx0616','pwFv2zSdIt',1990,NULL,203.86,0,1),(811,'hc46hvzjGe','cfh7r5EVNB',1881,NULL,120.36,0,0),(812,'589hLueMcJ','KmUGOuzIND',1897,NULL,17.84,0,0),(813,'WEPODgbmSg','HSrrwBS55w',1234,NULL,79.50,0,0),(814,'NgAy7zXoeP','5K4JcCFNhJ',1275,NULL,210.49,0,0),(815,'Oiak4gWPlY','qdsUAbnjbz',390,NULL,250.68,0,0),(816,'WYuM7Q7UP8','Xv3mh2mT5n',599,NULL,246.66,0,1),(817,'EcJdTLTZBu','byOG7kaBit',1870,NULL,125.85,0,1),(818,'rs3L4OyPch','YjjCVgEIGf',291,NULL,214.00,0,1),(819,'4qnzhYfQNL','uWv2Mg90dY',1411,NULL,179.69,0,0),(820,'n6yWwK9Rzq','j99BWJNdvl',1616,NULL,180.39,0,1),(821,'XcJ5pBFHGd','18tCDJaBIv',583,NULL,70.91,0,0),(822,'W0BI33zTfV','vEfiBVUcC1',553,NULL,199.35,0,0),(823,'RQcpy7RgaN','9oGmV0wTvb',1487,NULL,293.00,0,1),(824,'fd6r5lyC9O','wiUownxKYY',956,NULL,37.18,0,0),(825,'jEhjLIiI5S','gVcCfWg4ct',92,NULL,273.54,0,1),(826,'twL151Ex59','9eqHMJ0ZE0',1832,NULL,96.05,0,0),(827,'UHYzs1Bgc2','wUFYWlZpn9',1278,NULL,252.63,0,0),(828,'nY9Irg29NF','sH3eiFidIQ',46,NULL,133.18,0,1),(829,'ZcAW8npY4P','0cmZ8wHJmy',1166,NULL,84.96,0,0),(830,'XQMtRvgNMm','iqAqM5uhix',292,NULL,14.87,0,0),(831,'cLc4C4KVaU','TXbpAfmpSj',797,NULL,113.80,0,0),(832,'z3ueOC5Bmj','ZHyQ4FxyNa',626,NULL,124.06,0,1),(833,'4tZUBVK7cu','uulanGqu4N',1735,NULL,25.59,0,0),(834,'dD7l1HZNBQ','OOKA3k3Zlk',397,NULL,276.57,0,0),(835,'C16vhGqMNp','atCj0KNK5U',659,NULL,106.18,0,1),(836,'s6uuN0iRgw','MR5Y9lk7EW',1900,NULL,148.29,0,0),(837,'xtG59tE7Q6','havF58p0Oj',518,NULL,79.93,0,1),(838,'NmVm6Ajtsd','kKinKbJ13h',1556,NULL,214.04,0,0),(839,'dpiE7FtuIB','oH8yaC89Xz',325,NULL,97.91,0,1),(840,'rWW0g7aPTV','9xjf1fxVYC',949,NULL,234.63,0,0),(841,'dBW8bbRgSn','wjGBSdUMkX',146,NULL,75.19,0,1),(842,'ZG0VvOWHPn','dHgvZlivHL',545,NULL,258.56,0,0),(843,'xmaXKJNVLB','iaNwXdYcWp',367,NULL,51.97,0,1),(844,'skc84rteWT','Xo0qvCaYcZ',1396,NULL,156.35,0,0),(845,'OkOM6FfOiz','NYfkTMQW5l',806,NULL,251.84,0,0),(846,'1n7Uov0am0','SNQUbgrpqg',674,NULL,180.38,0,1),(847,'W7r9opwgGr','gyH4eDT34s',1734,NULL,165.50,0,1),(848,'7lP9xjWoaa','arV9zoaJ5B',1329,NULL,168.70,0,0),(849,'xAQGbuqyqP','g4aanhBKUI',1385,NULL,134.90,0,1),(850,'cUbCZ2egzb','nIJN3OxKSC',717,NULL,31.36,0,0),(851,'He2JRz880e','g0ck5GJarB',1023,NULL,255.36,0,0),(852,'3arulyn7Pe','msbsdMe4PD',1491,NULL,156.06,0,1),(853,'xoPlOlU35Q','WdMwJUpKOU',1124,NULL,216.29,0,1),(854,'jwSVQwfd2W','MV7AyKqBnl',601,NULL,152.13,0,1),(855,'KdhuwaJLpY','1yfZLRY1mw',768,NULL,281.61,0,0),(856,'Ip0iEvsRvU','LKF6urQzSA',712,NULL,244.39,0,1),(857,'EFcQcE5wkS','1TvjKPeBBA',780,NULL,191.79,0,1),(858,'ve5bE9Q0nt','Z4tywogC8B',850,NULL,98.14,0,1),(859,'ci1jGwCn5z','jQrP62iqXp',1726,NULL,117.36,0,0),(860,'O4yto2Zemn','3thIP56UMm',1617,NULL,114.39,0,0),(861,'S0FfP0R8kI','gsaUu0pL2V',295,NULL,300.10,0,0),(862,'vZNj74WGJ9','pr9zxRGk9i',784,NULL,122.24,0,1),(863,'Xb88rDqGZR','NqCOU6byU9',178,NULL,165.40,0,1),(864,'SbvRt1o4mU','qCEF45kRWK',1575,NULL,70.81,0,1),(865,'5yJfRGToPQ','187rEOqSdq',1974,NULL,89.48,0,1),(866,'6YSRDIZ1Mj','FWpem3dwFs',485,NULL,121.25,0,1),(867,'Urpbsti6gW','eH7HfxNyiq',1233,NULL,57.29,0,0),(868,'q23lkWvAPz','KpvOYlDKQ2',1920,NULL,230.65,0,1),(869,'ELmx9aycTx','6to5WIvMQh',169,NULL,286.58,0,1),(870,'gTlygGyAHB','up4LPRcLqH',1513,NULL,265.99,0,1),(871,'jLqfm565Gl','IQpC5HQaUM',1144,NULL,236.21,0,1),(872,'2towEKMRL2','8tXI5TJ8Kp',415,NULL,12.40,0,1),(873,'5PjUNCfapx','QTLiwHu9iB',473,NULL,55.79,0,1),(874,'si6Ox6hyQc','UgizZLTkeV',1382,NULL,259.29,0,1),(875,'8GKZq7HtrV','4sw3kqOTwl',1629,NULL,167.22,0,1),(876,'eYfYQ6KqbO','lSjbXIal9V',1992,NULL,109.20,0,0),(877,'I77OWOkmb2','Guz1o2vdqa',1420,NULL,270.71,0,1),(878,'sGE40Fsqzi','oH8YxWkZUk',794,NULL,277.48,0,1),(879,'3pPzWU6t46','amqtObms4v',1200,NULL,13.36,0,0),(880,'H0aZbwlYsI','iRNqcx3EN4',731,NULL,107.07,0,0),(881,'dQDaoCcHIF','raJAwbtowu',1695,NULL,139.28,0,1),(882,'Pvz1xcvBze','67A1cfpJvc',630,NULL,248.91,0,0),(883,'QlpJfk5WDT','1UdUM4aXeJ',503,NULL,103.08,0,1),(884,'5MjWkKkBsq','Sk1nVbB3b0',111,NULL,41.98,0,1),(885,'QtXyOmwEdJ','d66UPRdoFk',1848,NULL,131.94,0,0),(886,'r10KhtpMMg','zw7OY4Sosp',1702,NULL,233.82,0,0),(887,'yLI29Hympv','hHcnmeRE1i',657,NULL,80.62,0,1),(888,'e8JYOkJmWf','OouVYnwp3G',512,NULL,221.07,0,0),(889,'HqQMXvLC2c','LkuIyTAmt2',1521,NULL,300.44,0,0),(890,'1ctXeH5UQW','phuimAVOLR',257,NULL,14.38,0,1),(891,'8aqH1rBnoV','lfbfwQLWE7',1618,NULL,212.61,0,0),(892,'YtWlSw6DVS','sz25xY2IAI',976,NULL,35.71,0,0),(893,'xdQoaMPQer','PO6c009Rlj',1176,NULL,243.76,0,1),(894,'fgg5io4BMT','nw6Dfbayyk',246,NULL,77.02,0,1),(895,'In69XLNqy5','6uHErVEhML',1527,NULL,49.59,0,0),(896,'sD7ZlzGSdq','rEVzfGt12m',226,NULL,276.65,0,1),(897,'ELce0ybJAN','jY1KyrkoKc',1339,NULL,284.64,0,1),(898,'Hf1WIiQniU','F33nDMqqgO',1343,NULL,58.91,0,0),(899,'ziOi3c5XYA','KXeHlfjL9O',90,NULL,116.97,0,0),(900,'CJEgf695pJ','N0FJzUyV3b',1943,NULL,75.98,0,1),(901,'jVWgJ6o3aH','Yjd0AiLEma',347,NULL,219.13,0,0),(902,'BD83WNKGI3','WPbLiWngM4',1729,NULL,41.76,0,1),(903,'ep3UZFtD6d','Iwu57Cwcbk',946,NULL,87.65,0,0),(904,'FtOhreZLuP','ficSiNRhrY',1302,NULL,261.38,0,1),(905,'L2FQcyJbJP','9VES8Ev5dZ',1601,NULL,149.90,0,1),(906,'PhrKUOh7Bm','v6Ac5tw0E5',630,NULL,182.72,0,0),(907,'N2laR7CI67','dBftGEvX5i',58,NULL,275.21,0,1),(908,'OdVCo1SqrR','qPirech5Uk',1763,NULL,172.93,0,1),(909,'TPYDZoTLRN','Rj7QRTiufN',1329,NULL,56.50,0,0),(910,'CJ9qMXlrml','Qxxnt9eRuD',1612,NULL,282.74,0,0),(911,'WSWeCMVvlF','qO5YWMyhzq',1100,NULL,190.78,0,1),(912,'qz8zSZeiNN','uhLqZqdTO4',1120,NULL,19.33,0,0),(913,'PEZtWx063s','7QgCTTTHrT',1862,NULL,285.33,0,0),(914,'45wsNmnDzA','Aq0XmkUNfw',1636,NULL,19.84,0,0),(915,'ymmEbcYcfE','ZkIjxMoM50',859,NULL,129.39,0,0),(916,'8qI0gZ5jRV','UbVgaCH52D',1814,NULL,188.76,0,1),(917,'DrHLYJkagc','YONeUIcjTp',1406,NULL,194.68,0,0),(918,'Z6HpmLPz3T','d9qk3xSxeh',870,NULL,283.95,0,0),(919,'lmfVrPqzcd','29Dqp4b46N',1646,NULL,111.09,0,1),(920,'SQznQhuZrV','t1nWjInNju',494,NULL,278.94,0,0),(921,'8Xr32wTGtB','rmNs4WTOPK',1335,NULL,47.36,0,1),(922,'aBLwxMHePD','FqEUtlz9ST',261,NULL,229.68,0,1),(923,'er0JgHHqBX','egBoSPh5dp',1704,NULL,105.50,0,0),(924,'xfolwqy0YQ','Wz7G7mkMey',1844,NULL,29.02,0,1),(925,'yohBaAn0rM','LwSM5a0n2a',1982,NULL,185.45,0,0),(926,'D65HuGQV0S','NKlzopbKbe',1859,NULL,86.57,0,0),(927,'cHCAvxcrDX','RW9fb89D9h',640,NULL,230.12,0,1),(928,'knKgnr1sjX','YIBZdvcPrg',1661,NULL,261.61,0,1),(929,'4OnyBZnQO2','rdvmw8GvTt',1940,NULL,251.70,0,0),(930,'LV9jRF5jzJ','Sw0eYXIIew',905,NULL,269.36,0,0),(931,'1cOecYmepn','VdtpZSfytX',848,NULL,195.11,0,0),(932,'cJ3sVWBJWw','ym4NTIFfLn',200,NULL,197.60,0,0),(933,'KcmnmMRLcw','Ln7Wjrwucq',1878,NULL,57.91,0,0),(934,'1f2pSNwRhH','V1rgRIy3ZM',674,NULL,134.67,0,0),(935,'qO26oFq6Ja','TsyjTqeXbc',1955,NULL,176.84,0,1),(936,'Lf29rGDifZ','0DjvgkSOLi',766,NULL,19.14,0,1),(937,'JD2NSjtfzM','OrpALwLl8k',1851,NULL,209.08,0,1),(938,'s1XIR5fC9m','sLpMdvAbPD',1075,NULL,21.75,0,0),(939,'xOHYEA0JMk','nBzPeBMsJe',1265,NULL,64.81,0,0),(940,'sr8sPWUapb','17UG4YhGT4',572,NULL,96.46,0,1),(941,'eNYMmeA9kr','4m3XwobM04',1131,NULL,300.54,0,1),(942,'FeTtDclwBh','ngu4qJshmV',11,NULL,29.63,0,1),(943,'JexXrn9v8T','yQYI7Nj5ki',1211,NULL,137.46,0,1),(944,'ehu6IqX8pJ','9tWqb16C5K',849,NULL,224.79,0,0),(945,'XvHqCMSjfi','m8Doean8bG',1542,NULL,71.73,0,1),(946,'QmvtFjX6EU','wZyLx8x9Ta',496,NULL,41.31,0,1),(947,'C8GEzAex55','D5HZAgrYaq',823,NULL,111.32,0,0),(948,'0M4RjudNF9','lsl29BbN3H',1221,NULL,181.14,0,1),(949,'xB1aHBZaFK','gczOf2CCCT',1295,NULL,170.08,0,1),(950,'2tAcQJm0iw','APVQsB9lnT',529,NULL,267.38,0,1),(951,'YOEypfkZVu','xyVFcczTCx',194,NULL,200.97,0,1),(952,'VcOcEFgOgi','V3ZxvdklhW',1330,NULL,291.21,0,1),(953,'tryumXgoQD','UBp4Z5j46Y',343,NULL,51.55,0,1),(954,'lC3RbnU75D','ZPdjkh3HPa',726,NULL,126.65,0,0),(955,'Y4h6agymIM','fGsb47xBt7',959,NULL,261.44,0,0),(956,'8fckP4iisQ','HxXNm7Peg3',724,NULL,115.06,0,1),(957,'i7WsppDPgt','v7apvEhWNR',235,NULL,147.13,0,1),(958,'AX7dV2McS0','WrpjkuCd9j',710,NULL,265.28,0,0),(959,'lGsdmWO9Uc','0QjsHrQp6E',1781,NULL,68.39,0,1),(960,'oaKEbhx1bj','ACCU3yTXAk',1998,NULL,53.04,0,1),(961,'cIbT7o09EN','JAa02P44xu',1482,NULL,293.14,0,0),(962,'zU19OpM9PL','wkuRamo6wf',1263,NULL,293.83,0,1),(963,'xhzaICH8PT','EpkjwRIV6p',1848,NULL,299.69,0,0),(964,'V72srzwsNM','bRGPExP9Tr',202,NULL,197.44,0,1),(965,'nmZgNNKGwO','GbkcmQeSNk',1430,NULL,99.47,0,1),(966,'HCJtjwJEVI','UTtWwRcF5X',1224,NULL,244.86,0,0),(967,'lijZ2ARpi8','D93RlYdF8Q',1368,NULL,289.83,0,1),(968,'c3pVP2dHf8','d4RFtFSBMu',1494,NULL,67.31,0,1),(969,'YUBfEcxqv0','v7O3D26mVU',1639,NULL,237.51,0,0),(970,'IPCmUNGfpH','jBeVhzqaWU',159,NULL,76.45,0,1),(971,'rrKhaOk2WP','A0tlWYMS30',83,NULL,268.72,0,1),(972,'d6HrSG23pI','WICIPgFZLs',63,NULL,245.11,0,0),(973,'fpDc4e05sT','JtshFPxukE',1771,NULL,137.17,0,0),(974,'3X3vVqNJEO','rCgEblbm8L',1783,NULL,277.23,0,0),(975,'TIybTTwmpR','84BidUF6d5',786,NULL,82.29,0,1),(976,'jFYLUgctxs','boG4C96c7n',300,NULL,240.53,0,1),(977,'NG3ZceS89J','oQrpMfxAhR',989,NULL,95.51,0,0),(978,'GPzVGY6VCZ','5xnRN8JLph',1132,NULL,226.42,0,0),(979,'tHtjMXJXey','09HBsHFiC9',844,NULL,69.49,0,0),(980,'6kxEELAKXU','xYyhLHNAGI',1235,NULL,293.03,0,1),(981,'iMp1GM4jVw','uNzyNCIPzQ',1858,NULL,85.45,0,1),(982,'tHp1aOcDsS','2svkKxPfbP',510,NULL,274.28,0,0),(983,'pEHhovD5Ys','AirAlCwbJr',732,NULL,167.14,0,1),(984,'2IJsCjv8rD','l9BGk94HNB',224,NULL,274.63,0,0),(985,'9G5vfGdG9N','CwdS07hQW7',1758,NULL,66.11,0,1),(986,'ldGdBBcyvT','MqxoXsBfjd',1174,NULL,122.60,0,1),(987,'Nd9qVtEkwe','BRUcNWQyFo',573,NULL,298.13,0,0),(988,'fZPN6NH30g','CWGGZb2TB9',902,NULL,203.46,0,1),(989,'ry2QOXo2Lh','u7wOfj6LI3',802,NULL,194.25,0,1),(990,'Kim42pOnbl','hCvIf3nljd',1796,NULL,52.63,0,1),(991,'BcvI9pTIIJ','diwNk9ba79',1689,NULL,151.47,0,0),(992,'Yuyb07BKNr','OIjmgAoZe1',387,NULL,185.51,0,1),(993,'H4LlRbL9RI','8Ge2AqrAvC',1266,NULL,209.32,0,0),(994,'gpKVV24zJY','Bbjkl1VrJZ',666,NULL,199.04,0,0),(995,'eA7OxJDhqu','GCXvWaAB0H',151,NULL,245.68,0,1),(996,'x4W2AiyoWl','oPaPEePKoI',743,NULL,221.07,0,0),(997,'HjJC53FjzR','qPm3pCDjk4',1521,NULL,174.60,0,1),(998,'l4jlRFKghQ','AplyiFbMID',664,NULL,52.30,0,1),(999,'j188pIBaev','r14eQW604g',1350,NULL,56.08,0,0),(1000,'mvAPvSeOev','6AdF4MfuFa',1708,NULL,21.49,0,1),(1001,'F62FXeEzto','sH4tWBcxHf',1478,NULL,100.95,0,1),(1002,'NXD4GafD7b','7ae3pM4E5i',1986,NULL,81.10,0,1),(1003,'ECBrJrBhNu','rxEBl9q540',566,NULL,44.41,0,1),(1004,'USdZJSTC5e','n4MGBBfZhG',1666,NULL,145.60,0,0),(1005,'BYX7tvj5ch','StNFuDv9Lw',538,NULL,53.70,0,0),(1006,'Da4xpMh9Hi','ETEJEKIx0w',1627,NULL,91.17,0,0),(1007,'srVHHQbBxG','sWqPmhcPRq',546,NULL,170.27,0,0),(1008,'0ZbCyqVI0C','l03BEhRtGF',1891,NULL,236.39,0,0),(1009,'DhaQhGpTkg','P2Cg9P3eov',1052,NULL,15.08,0,1),(1010,'ynvZ80n9OL','jZqLRhwrPT',623,NULL,286.22,0,1),(1011,'iXzGTwDYPR','iqpKJzPh4r',1093,NULL,268.02,0,1),(1012,'Aqzjf25YX8','Dq2hm4Knut',1043,NULL,32.42,0,1),(1013,'l1s04zlvwb','fgYMWXU6E1',285,NULL,229.80,0,0),(1014,'4yL2yc0uXX','SooCQfg0Il',52,NULL,229.16,0,0),(1015,'ns4YtLR8Pa','hWivq9SSCr',1662,NULL,106.39,0,1),(1016,'5wZwo1BOBZ','qXKnv6w7nq',914,NULL,98.43,0,0),(1017,'S9HLsPGali','GjQR4f10Du',1891,NULL,142.24,0,0),(1018,'WtV8tJd7X9','PQxeo2qBss',788,NULL,214.53,0,1),(1019,'dKsoQaalLg','xkMZ1twIZH',1962,NULL,149.58,0,0),(1020,'vbdgJzchO9','xtz8TYuAOn',450,NULL,92.76,0,0),(1021,'gNgG3OUJW2','ijnucX2Fw1',1896,NULL,144.72,0,1),(1022,'Jwah9cLdpr','YPXz30pcMq',20,NULL,250.18,0,0),(1023,'s4JREeXaXx','AirrcAZ511',1568,NULL,255.12,0,0),(1024,'OhTYwlz4hV','ZliNAx48wS',1011,NULL,245.86,0,0),(1025,'RT9pgr5I1K','UMIkZvLemN',188,NULL,171.42,0,0),(1026,'3DBeiySSAV','yGRCiEVq7B',1523,NULL,286.13,0,1),(1027,'4ozLmKQP1x','m3CZCi4sMC',1537,NULL,237.13,0,1),(1028,'979PnAs9LQ','325Kh59Tq9',1903,NULL,84.71,0,1),(1029,'sT2S4wprwr','C6wZNVygjk',511,NULL,230.31,0,0),(1030,'Mx9gofTwOs','eHG9jBjKbG',689,NULL,89.78,0,1),(1031,'9KUc9u4Ufn','8JL1DVCgld',1040,NULL,112.47,0,1),(1032,'qIRESLxJPD','vAb6yBev9p',1161,NULL,77.31,0,0),(1033,'vNsTCOni65','GcDzzpAUOW',1975,NULL,108.80,0,0),(1034,'aMWnRAixUi','Y8vAdt6Mz0',1316,NULL,77.18,0,1),(1035,'SliNeZkTRi','DLBmNS7BA9',1988,NULL,175.14,0,0),(1036,'0kLTlOG2Hf','7kow5RTUsO',591,NULL,232.00,0,1),(1037,'dOOW7e2evG','4dN1paQDvo',1068,NULL,144.43,0,0),(1038,'0Ob2WnhHD9','QPIgt6g05z',1153,NULL,44.68,0,0),(1039,'lJbmaJtP4k','w9Yx1lgYwB',683,NULL,171.63,0,0),(1040,'nXF7boYRU2','97UkCKiFLj',72,NULL,161.96,0,1),(1041,'Ia2Sbu2nin','pZeDeCXsKu',1175,NULL,296.18,0,1),(1042,'5TaX84994e','FHdvsDOaAx',1207,NULL,20.69,0,1),(1043,'TiuEjQZSmF','tEygXwPNuw',1461,NULL,50.61,0,0),(1044,'rkk02eLXmj','CqKkkeUFxW',114,NULL,178.48,0,1),(1045,'8gl2G5yHnr','iAZWRi1O4Y',609,NULL,280.88,0,0),(1046,'d6ImcCO5cR','TT9NvlGoId',1804,NULL,181.85,0,0),(1047,'BUATJZDC4U','pknTB79b33',1356,NULL,104.45,0,1),(1048,'KOx3AVfVvr','vSreen5r96',1671,NULL,66.39,0,1),(1049,'mdOeEAyNQk','IjVbkk9377',147,NULL,47.24,0,0),(1050,'UbxSOb1TRe','Jrs4MpH8gk',407,NULL,270.13,0,1),(1051,'T9qDTMjSbv','skxuvIrmJd',759,NULL,66.06,0,1),(1052,'8cgJUkLJRM','X81XLk4dob',220,NULL,52.34,0,1),(1053,'WfUdQzS53c','XJSIwtLcVa',1076,NULL,150.96,0,1),(1054,'ON0dPc4SQN','z1WtIGFZql',195,NULL,111.54,0,1),(1055,'mK9XOGCxwh','hTTcwBzRwS',1097,NULL,216.73,0,1),(1056,'3pVHcn71Vn','asMYc4XnmI',1088,NULL,37.20,0,0),(1057,'yKJPbDGBAY','h6JOi70aP8',740,NULL,139.50,0,1),(1058,'UsKej7lSZk','TyzGLjhfuK',401,NULL,217.68,0,1),(1059,'F1XdtY7zb5','VRAi65yfEx',510,NULL,285.12,0,1),(1060,'aDDvQBkAPz','vjWZQ4dln8',1043,NULL,148.21,0,0),(1061,'NA1Q5jhcSo','73Mn41n2tD',607,NULL,38.84,0,1),(1062,'ymDX4iiLUI','uKh9X5UsS4',1401,NULL,287.91,0,1),(1063,'j2SDTQzhi1','s9PMjGKfc5',543,NULL,66.29,0,1),(1064,'6J0VF4kTbx','fbIPxYm1lZ',1141,NULL,137.42,0,1),(1065,'dEa3r7kyad','e3lwZdSE8E',1834,NULL,141.02,0,1),(1066,'JM9OeskWU0','goRfrSHIrg',1566,NULL,122.36,0,1),(1067,'8RxhmjCqHX','Nh30iR5gWf',843,NULL,159.97,0,1),(1068,'oGvctQuvTL','cB2nDYVyuJ',1834,NULL,99.80,0,1),(1069,'3TWweS5Grc','S6gxEVicC0',1341,NULL,110.61,0,0),(1070,'4AgUC8FLWZ','Xosln9uUY0',876,NULL,181.52,0,1),(1071,'Cso1Smgt9j','AVmcfPw5yi',860,NULL,63.72,0,1),(1072,'Ilbzp6xNfY','wT0Dcl0Tq6',1326,NULL,37.61,0,1),(1073,'runLqdoH7W','MNw38pwPYN',1397,NULL,174.91,0,1),(1074,'CkhfcdgoME','PYs6NcYL5g',279,NULL,191.79,0,0),(1075,'bUAi04W6Gg','xdzVM46v2A',1562,NULL,168.48,0,0),(1076,'C5hHcJO69a','FqkrVCBkw8',202,NULL,162.49,0,0),(1077,'VmwpF9Stw5','8ghWEZFUQ0',1711,NULL,178.18,0,0),(1078,'CzmUyfFBCC','qjLuoUMe41',1821,NULL,16.48,0,1),(1079,'Z1gvw8HfeN','BxeadaGshC',158,NULL,235.92,0,1),(1080,'czilh5fZDU','hDHRxPg0fW',1300,NULL,43.76,0,0),(1081,'0ISWPabinu','R1Kd6qySyq',1029,NULL,137.53,0,1),(1082,'TFvlt8Cer5','OQnZ0X1bNY',528,NULL,27.81,0,0),(1083,'xfU2zsWAVU','hK04ge0NfV',820,NULL,32.16,0,1),(1084,'RsltCMVmF0','fvyrojTTfE',1849,NULL,240.52,0,0),(1085,'t6Uam3x2bm','1tOH6bYDQ4',1244,NULL,117.86,0,1),(1086,'tGYWukBdZ4','r4GV6bYFn1',1042,NULL,252.41,0,0),(1087,'q0ip0hroxm','riioVm3uiM',424,NULL,226.39,0,0),(1088,'xlJjzGDbwv','29Vp74MWF2',867,NULL,160.89,0,1),(1089,'TJmzejOFYH','mZbLBIkEah',1010,NULL,153.45,0,1),(1090,'BPI07l9cFR','561mdg1oOA',24,NULL,181.75,0,1),(1091,'W4t9dFOyAR','NZmW5xiyim',291,NULL,207.77,0,0),(1092,'KWyog5Kae0','ZGbK26x0ne',807,NULL,151.05,0,1),(1093,'lXRqW9fcre','LE1orEGCFM',1864,NULL,70.67,0,0),(1094,'ffYMHIQx6j','cJGYrtrzFR',1308,NULL,266.12,0,1),(1095,'tBFzdWTpLK','ngwrcFEN5D',941,NULL,241.26,0,0),(1096,'v7JqzJ86Tn','jfhOmyHoMa',470,NULL,102.46,0,0),(1097,'Tl4j8Fq4tx','UBaMX7Jp1s',1855,NULL,230.21,0,0),(1098,'QoyRO8hPuV','0sxOy5DAs3',815,NULL,290.52,0,0),(1099,'QE8XExAD7P','hGODe4oCNj',847,NULL,250.76,0,0),(1100,'9dx7hUqcol','FLkojZoD2a',172,NULL,251.85,0,0),(1101,'zGSJLaSHtZ','Re3wQFKuo0',1686,NULL,133.50,0,1),(1102,'D1Lwkw7Vy3','WDaMFU9fPP',221,NULL,16.07,0,1),(1103,'KaPDHoT6p6','BjELYvWXJZ',210,NULL,31.09,0,0),(1104,'3kDP2M4jcO','nwy9hIjrJo',170,NULL,245.46,0,1),(1105,'Dmq3LUgVv4','eeNmDxp9z4',355,NULL,276.74,0,1),(1106,'zWsMly3btL','eE0oWox3fV',392,NULL,195.41,0,0),(1107,'zLGv1i6hlF','tkIPfrGdeM',729,NULL,161.40,0,1),(1108,'EtuiqdPHr6','MZDeJr7kTo',1343,NULL,104.88,0,1),(1109,'umDMNlCenB','nGvqn6Y6i8',1316,NULL,122.92,0,0),(1110,'cJLiD5GBZo','tlszTMBfZz',1568,NULL,33.54,0,1),(1111,'WC2ylpupCm','sXw85c3OFY',381,NULL,273.37,0,1),(1112,'btG8rg8SiK','2fK1OQXJOM',1136,NULL,39.33,0,1),(1113,'51VY9gYpzo','rGTKUYwLJ3',132,NULL,194.62,0,0),(1114,'QgyDxnSikI','Mq9lDhwC9G',1306,NULL,260.67,0,0),(1115,'HEJM7JAbwm','VkXsQeugCp',220,NULL,57.75,0,0),(1116,'4ZGKoAO8WO','oZ0DLMJ5Uo',1757,NULL,122.46,0,0),(1117,'EGB2ye5FjV','V825M9rCs3',652,NULL,284.76,0,1),(1118,'Or8HfbzL5c','TODqjFmT65',1188,NULL,31.57,0,0),(1119,'rUtXelxp03','5ulRIJKzR1',168,NULL,244.84,0,1),(1120,'lnljVN0zYT','buTyF0txpW',1632,NULL,270.56,0,0),(1121,'NDz6p9Rayn','jsnDIY5cSc',683,NULL,42.05,0,0),(1122,'zQ3EDe51aU','N6phaZB4H4',1275,NULL,18.83,0,1),(1123,'8uIC2bX9FH','SwotsBx5fo',825,NULL,212.24,0,1),(1124,'udc3gAc63v','iWWlv0jjAl',1124,NULL,85.34,0,0),(1125,'KtnTHRUXQz','TsLU1PhKiN',179,NULL,39.50,0,0),(1126,'L0skud9XhZ','G6oimM6Pdd',1331,NULL,205.68,0,1),(1127,'QErzFug30O','MS4FGUppxB',280,NULL,222.51,0,0),(1128,'KQi6d9U3yS','JpJmW7B0TZ',1501,NULL,162.08,0,0),(1129,'ZuwcJOZV0O','MVWhoyXAXK',933,NULL,270.56,0,0),(1130,'I9Rprp4ahN','0Dr4Vw9M8S',1796,NULL,89.73,0,0),(1131,'14PrFr7hQ7','D9LIig3deQ',936,NULL,288.14,0,1),(1132,'nbNs6JSvJS','yA9NtAgL6G',168,NULL,61.41,0,1),(1133,'5ocqJ81Jfh','efzMPpuepQ',774,NULL,292.34,0,0),(1134,'kXlVGm8H4t','cS5tPDXUtT',1522,NULL,279.26,0,1),(1135,'i7CcnmgYc9','UAH7EbXa56',1340,NULL,174.43,0,1),(1136,'q6JoZToUmu','5i5vkln9eF',1153,NULL,74.37,0,1),(1137,'by0MFtYIsQ','nZq4Sx0bqC',1281,NULL,288.46,0,1),(1138,'3rlnJOUVC8','z4beq0VRD8',1260,NULL,98.38,0,1),(1139,'MsRPWIgqlR','7RQTr2jrNf',14,NULL,103.68,0,1),(1140,'cCwXFt0jXM','g3fuMX4aO5',1857,NULL,233.22,0,1),(1141,'7FYRAOG1ab','VdKsOgKh9Q',1996,NULL,287.03,0,1),(1142,'JrrQbTsEpD','JWkbbbVCf3',1917,NULL,76.81,0,1),(1143,'fmlevOfyAf','53MbJ1t0VJ',310,NULL,269.25,0,0),(1144,'q4SS0K4Hus','xocREbzS15',1052,NULL,205.38,0,1),(1145,'ewrFOkPb6i','QictK8oZ8w',150,NULL,298.13,0,0),(1146,'W9zOjP9Eut','PW3jgzSMUX',558,NULL,157.51,0,0),(1147,'PT80VYOKlU','2HYFALmlo8',1257,NULL,177.98,0,1),(1148,'Bq4wt0tpt0','LaE9Rlw4NM',1145,NULL,216.24,0,1),(1149,'6LKKRTMMTO','qfCbslygz4',893,NULL,61.52,0,1),(1150,'Hp7sWrmEH9','lnDJ5kseUu',1171,NULL,169.86,0,1),(1151,'dncbHJxAiY','pZFC5ZibsJ',1420,NULL,294.49,0,1),(1152,'MJiu9qltsT','gRq37e0LUQ',1698,NULL,236.09,0,1),(1153,'yFmzivAmm7','mgNQGoLRG8',1037,NULL,295.91,0,1),(1154,'3DnASyWvCf','huMl8Wnxgu',1195,NULL,94.85,0,0),(1155,'zoh2ZwgIAN','e6q4gOuNIw',775,NULL,21.73,0,0),(1156,'FWjTORDv2C','rMPwkStCY4',1204,NULL,195.85,0,1),(1157,'ZLaf0ZoAIb','TqxXzamG2Z',1298,NULL,66.26,0,1),(1158,'25unTI1B0n','fjMHgHTnSZ',795,NULL,267.65,0,0),(1159,'p3AgyJ2wej','9nmVWfmkP8',1582,NULL,20.57,0,0),(1160,'f5ogtLKjk1','ZjnWjUVeB1',121,NULL,212.96,0,0),(1161,'ozAnuytWrx','J4aCu2ZNYb',57,NULL,17.86,0,0),(1162,'6wbOFpfwu9','ZCuPyr1Awi',1904,NULL,208.26,0,1),(1163,'bUhSTZCQw3','68B7QMn0Lk',1268,NULL,283.54,0,0),(1164,'Mua5ZhV5Re','ZumXpgRYYr',164,NULL,100.09,0,0),(1165,'x8dzlK5oqb','JDDsmrrCPE',1623,NULL,273.31,0,0),(1166,'boyF5DOwDO','pRCjlUPUTN',18,NULL,299.59,0,0),(1167,'jBjOR7N5jz','PpWzJkJz3k',322,NULL,219.61,0,0),(1168,'vZD0hSV24U','ymJvBXXf4h',859,NULL,48.01,0,1),(1169,'D7RBPRNbck','5WjMoVKVXN',2000,NULL,122.26,0,0),(1170,'Bo4wNltaCY','wEply66yGw',1751,NULL,56.50,0,1),(1171,'liCZ7qXZm4','KspdCGAmVS',194,NULL,22.15,0,1),(1172,'tFG4oI2zyf','yAYSe59bpS',346,NULL,300.19,0,0),(1173,'42HJb8igKC','m3I7tH5DjN',1168,NULL,231.19,0,0),(1174,'QplO42l17S','dUWSYS0Dv0',1148,NULL,115.42,0,0),(1175,'Os7aQytylB','ENo58goanx',201,NULL,264.94,0,0),(1176,'tKPxqIboly','HLJWbVxX9G',1450,NULL,255.71,0,0),(1177,'o6B4ao9HkJ','TpWsC4Qurh',872,NULL,243.79,0,1),(1178,'B2fnuX6n0J','k2P9yQ2Z0B',1753,NULL,232.81,0,0),(1179,'q4MblW9Z5w','lQytxSjSVd',446,NULL,162.33,0,1),(1180,'SscvtEOzA7','jCIwEgPTNe',2000,NULL,55.79,0,0),(1181,'i56GGKSxEc','FREDQLYllb',911,NULL,65.47,0,0),(1182,'3kgUsRrh0k','hmlXtPbREJ',1437,NULL,131.20,0,0),(1183,'ZeTXelP5Qb','sMylq5NmRK',1738,NULL,168.41,0,0),(1184,'rAH8ZzFySQ','oNxx8GERiE',416,NULL,143.63,0,1),(1185,'rVUK3MozKu','iDSaYK5G9S',946,NULL,30.48,0,0),(1186,'aQASGmXiTM','uiH5QghFQo',984,NULL,137.20,0,1),(1187,'EZD0CaM7Ym','nzLsBoBCUn',1526,NULL,39.50,0,1),(1188,'sx6DZmoyte','W883EZPP4O',1543,NULL,106.95,0,1),(1189,'GL1CKWuGwL','eROW4oDLfx',809,NULL,97.12,0,1),(1190,'ZpgoHi0c5V','HOJcGLoQN9',1435,NULL,10.96,0,1),(1191,'iSLbhzP4e3','yasVfqmlet',836,NULL,71.42,0,1),(1192,'ysBEDKtkhP','Rz8FTBL062',1751,NULL,149.78,0,0),(1193,'ynUrYxykot','kZVHJLYwhr',316,NULL,253.53,0,1),(1194,'xWAAxRk22m','MN9fTAA6WR',1189,NULL,186.58,0,0),(1195,'teuyksWzvV','XY6FDMjpD4',1219,NULL,128.21,0,0),(1196,'uBWEPLzvnV','jdkSJuVCXL',290,NULL,100.93,0,0),(1197,'1PINH8xTUB','dXGJUD6Msh',1599,NULL,242.63,0,1),(1198,'WPqXyDC1FA','z3fJq0sHto',1859,NULL,40.14,0,0),(1199,'hn1iBaGYR0','RqT7oNKOOJ',703,NULL,99.67,0,1),(1200,'cy5pfDordT','fG9ZQZAkNk',1903,NULL,178.76,0,0),(1201,'YtyFKm2EHb','aGwilMxOIY',937,NULL,206.66,0,1),(1202,'L3cWEP7iPm','nLonm9Mq2E',1895,NULL,23.50,0,0),(1203,'4UIfx9jG5c','U4CTsSvEtq',1762,NULL,187.23,0,0),(1204,'iLsAkkdRZo','jWZvrOywKp',1697,NULL,165.64,0,1),(1205,'jA7hABhMnx','cOEkwE68l0',1096,NULL,68.80,0,1),(1206,'h97ugoa8Vi','znBesYe6lY',951,NULL,243.80,0,0),(1207,'GUgMHLylAE','qce8me1zSg',279,NULL,290.74,0,0),(1208,'MEvLqTNHsf','9ZJI906r95',1268,NULL,47.64,0,1),(1209,'GhLPfzTgsq','0VjWZK6wLE',1181,NULL,125.41,0,1),(1210,'Thh2xm9V0O','GtYe6c73rH',23,NULL,289.77,0,0),(1211,'y8FMCIW3ys','W4eAIRHswZ',527,NULL,96.52,0,1),(1212,'eCmQo1uOQg','ILT4ynSSIk',1093,NULL,227.96,0,1),(1213,'Ulelcukqdz','Jcb6nd838I',991,NULL,84.39,0,0),(1214,'5Pzd61xOmW','h0zDKTdaXK',338,NULL,159.58,0,1),(1215,'IA8bYpgoYy','n4LJ5VFZxx',1156,NULL,12.36,0,1),(1216,'S24goJjyhF','OgWUdSwoWa',168,NULL,295.59,0,1),(1217,'boRzq0UmWq','yvAsOz8eta',883,NULL,187.11,0,1),(1218,'iMDQMN8wSf','tkP7oQpN2H',1998,NULL,107.73,0,0),(1219,'uqL15Gl8ei','sFDJFd9jzc',1185,NULL,184.83,0,0),(1220,'gMIAfgYCl6','rwSoIzYe26',1917,NULL,277.69,0,1),(1221,'0c5fFP4tqr','zE29R9Twe9',149,NULL,194.46,0,1),(1222,'rNCgGLmLv9','K0kHLN4YwK',1394,NULL,138.31,0,0),(1223,'a5gguaGx6F','uvNAx5s0my',1005,NULL,72.43,0,0),(1224,'O84KcYp9FT','zSYqUAMSBZ',1343,NULL,156.23,0,0),(1225,'xRmyZpjr3L','CwT9CwtIM4',890,NULL,165.55,0,0),(1226,'M7kIoY1xgH','RlVv8a5q95',360,NULL,163.36,0,0),(1227,'HZqif1VRL7','1K6TnkP8KX',1387,NULL,175.14,0,1),(1228,'vjsY7akecX','iuzFAHE1wk',455,NULL,122.32,0,0),(1229,'NOWpp5UY6u','Z9l66Kxq5u',410,NULL,264.44,0,0),(1230,'hHVkU5QMlR','NdrcHgWDpM',104,NULL,98.56,0,0),(1231,'Bs2Dzm7A55','1UmGc7wSRc',1500,NULL,245.81,0,1),(1232,'eLLWzq9e7t','3A32fme4Pz',936,NULL,258.79,0,1),(1233,'37fET1eHaj','jY7VGR7r2f',1109,NULL,31.51,0,0),(1234,'Km1iG8rTwo','2lYqyDL0YT',878,NULL,42.07,0,1),(1235,'2pBwgN4VOy','sil0msEff5',936,NULL,239.84,0,1),(1236,'7XqdjYFxcp','qnLIPZQZ37',1078,NULL,87.53,0,0),(1237,'7CUqhVDnyS','LdAAUL68yh',888,NULL,174.98,0,0),(1238,'BZZI4jcYQ2','tU1XRcwQbb',422,NULL,99.73,0,0),(1239,'8UZdak1fr8','hBpH0rOZEh',740,NULL,74.86,0,0),(1240,'kzTWGpXNNC','CjDMlVTMM3',1976,NULL,163.99,0,0),(1241,'VvGzsfohtW','vb1rma6vkD',1059,NULL,43.95,0,0),(1242,'vjCvMxPlZH','Fg6GEchs9W',157,NULL,293.28,0,1),(1243,'egRWpdnDWW','02ATcMdo2m',457,NULL,91.60,0,1),(1244,'6JzymLo0p0','Rr7TEcrMtQ',1973,NULL,44.47,0,0),(1245,'QzbMOznDim','OERiy983rZ',766,NULL,240.58,0,0),(1246,'MBLFUCcQjO','VruKs2nb8v',136,NULL,115.06,0,0),(1247,'qBKkJq2coO','CA8qQcr9us',173,NULL,33.74,0,1),(1248,'NEm9Xl9RiM','NGgDbTtJMF',370,NULL,46.63,0,0),(1249,'n2TcsYIzKN','OvS8unXj03',914,NULL,40.96,0,0),(1250,'VfxSUeMccJ','U6pXFkfS2z',1754,NULL,202.70,0,1),(1251,'pYTm36Djbz','pBTYJSwxnM',577,NULL,184.04,0,0),(1252,'P4P7V6vyJb','2qa9WxY6kT',1387,NULL,255.72,0,0),(1253,'M0DAHadM19','ONbSeEMIa4',599,NULL,245.91,0,0),(1254,'5IJmyLffUR','atxHgfUbC1',1222,NULL,168.28,0,0),(1255,'xULOxduTYO','HjpWckQiyN',20,NULL,146.40,0,0),(1256,'tnC0qdhKbj','oyuz5HJr9v',1386,NULL,123.01,0,1),(1257,'K3aQzZTfze','Axzyab5JRm',1058,NULL,258.55,0,1),(1258,'YG9wG0IWpx','R6yNiy49LU',787,NULL,293.45,0,1),(1259,'Ct77Jp9msd','zznFWoi1AU',1593,NULL,75.16,0,0),(1260,'BI4UCMk6Co','RQmX6cLL5Y',354,NULL,257.05,0,0),(1261,'F4J9f7T45C','p0hfOzvqnt',113,NULL,300.90,0,0),(1262,'VVtP1K5xFp','Hl8op4VHoa',717,NULL,252.08,0,0),(1263,'BXP4MmF5wG','Kbhbo4EhVh',1200,NULL,132.40,0,1),(1264,'PyAgATsvXA','xLj9btevhR',639,NULL,151.03,0,0),(1265,'4lRqkTVBgs','VBoVzNoBdM',132,NULL,185.07,0,0),(1266,'GJJsu5eeU2','NcuzN03clu',1045,NULL,243.84,0,1),(1267,'vgT2byGAPE','dF6tJkn5X6',1651,NULL,64.47,0,0),(1268,'nzdREvDTKY','Z9HF9oWteH',1942,NULL,139.97,0,1),(1269,'zrAW0UpTnZ','D1uHaYxVhx',498,NULL,22.61,0,1),(1270,'BMQe2P3ZVP','tx4s5q90YE',67,NULL,28.28,0,0),(1271,'tZ4i0JFl8K','Wqd8HUQhzE',1753,NULL,207.44,0,0),(1272,'DfzL5dBSOw','FPvLrl1fYC',1577,NULL,167.09,0,0),(1273,'LSDzolO66i','gk1ngP9E7i',1579,NULL,107.42,0,1),(1274,'sHoQr8mWiC','kitq5BVWK0',601,NULL,78.92,0,0),(1275,'nraE2R3bcN','SniCkpDSn5',1417,NULL,283.91,0,1),(1276,'MpuxufKI7N','i5T1n55mmB',979,NULL,160.93,0,0),(1277,'ygXfim9a0Y','HaRwASTtx4',1214,NULL,117.80,0,0),(1278,'nuTVDsRFl2','jufxnGzJJB',1000,NULL,55.77,0,1),(1279,'cw6Bg0HCA0','PUqQMO7c0D',1764,NULL,210.63,0,1),(1280,'PW5kIkAMIP','bLILif47Nl',1472,NULL,131.69,0,0),(1281,'2mE0Fqbavs','27xDbz5yuR',699,NULL,111.07,0,0),(1282,'Nw4kvCQiDv','5dXlkhhwxe',1926,NULL,270.86,0,0),(1283,'l4vxbtQ43S','jOtp2D1eZt',1249,NULL,152.53,0,0),(1284,'VcBVfAEbSi','WgYPUI9eus',297,NULL,132.33,0,0),(1285,'FY2T7OuCRb','W8MN4dz51a',1288,NULL,255.32,0,0),(1286,'qxHSxLnGFf','cS6H16cZ3P',1880,NULL,181.22,0,0),(1287,'XPKxEopZpN','zazrKtHLHA',784,NULL,259.54,0,1),(1288,'KMyrgQcIG6','ZahoKjdzKB',1899,NULL,229.84,0,0),(1289,'N3RUMOfauT','hbaiSSNclx',193,NULL,25.74,0,0),(1290,'2iV2E60OHl','XP20GNQ5ud',494,NULL,165.93,0,1),(1291,'lgwlpCEY3A','s8HfIjc72h',875,NULL,231.86,0,1),(1292,'MpinLimeKG','g1bNlPSbJZ',1465,NULL,50.30,0,0),(1293,'qtTj8ssPUE','Ka7M61ZxHt',1107,NULL,212.14,0,0),(1294,'1cA5Y8DZc4','XkGpyuYzNT',572,NULL,39.50,0,1),(1295,'ZYy17MrfRH','Ps7lFZD8YK',1761,NULL,22.98,0,1),(1296,'BWuTcyf0po','olAVNPpmFj',1728,NULL,80.16,0,0),(1297,'5EYmgY6JKd','lS6ZWMh7I7',214,NULL,25.91,0,0),(1298,'y5Gz538KwG','hlacGAuySr',1898,NULL,267.39,0,0),(1299,'IkT0dxyC8L','gxbVsJCGYV',1566,NULL,80.12,0,1),(1300,'YQaqXayX1H','7EUGy0Y5HI',24,NULL,213.20,0,1),(1301,'9hvvxfgkW9','xVbTRjeOxo',726,NULL,219.26,0,1),(1302,'ULUr2RxuFs','mT4d4IhUfQ',1799,NULL,208.87,0,1),(1303,'qr7vApeUAY','udmuXGF4Qi',1456,NULL,103.52,0,1),(1304,'tyHMMXAQnP','dXzkrz8tE9',608,NULL,53.78,0,0),(1305,'I7noUmedr6','LZxizP50Ln',915,NULL,139.98,0,1),(1306,'l2TU5Dus0k','HcwcTurmF8',1461,NULL,226.00,0,0),(1307,'tkdi7E4dNr','pOmES1CztZ',805,NULL,253.06,0,1),(1308,'AkbLl7B4zn','tQlucgHITZ',1228,NULL,248.82,0,0),(1309,'fjefjHTsf0','fb1JA3KBea',660,NULL,216.29,0,1),(1310,'TWF1urSdyi','5zAPvM8i12',1010,NULL,237.94,0,0),(1311,'e8LtGDzcR4','JLPeTh0SnY',1370,NULL,291.78,0,0),(1312,'Cb5kPBRc4T','pb2GzAAOp6',955,NULL,46.95,0,0),(1313,'5JYwzQ1mWq','LgsVNcLr72',1499,NULL,123.32,0,1),(1314,'ecfi6NQvqK','3Ms25G7ZL5',345,NULL,104.38,0,1),(1315,'breDRPnHZu','nwNmSH4V3i',1469,NULL,12.69,0,1),(1316,'Tn6Wt46qPj','iFLsEiPFBR',275,NULL,251.46,0,0),(1317,'Ul8wOz3yYn','SuPNXBeKGg',1186,NULL,51.75,0,0),(1318,'hthNbHaEl7','BMCeF72O6B',735,NULL,237.35,0,1),(1319,'mBOrvcpk92','PfebAnVy2X',1171,NULL,221.50,0,0),(1320,'zfoY0brCRq','6Stb84IuVK',434,NULL,72.43,0,0),(1321,'QBIrCOJyLq','inuX6cvXb9',1765,NULL,276.94,0,1),(1322,'G0NZJZJ52G','cpFbeX6ANA',166,NULL,259.05,0,0),(1323,'9pQP8Pe0Em','6sQRENyzzT',1494,NULL,55.65,0,1),(1324,'hnybnGH3Ir','xHjQS8hF0d',1046,NULL,245.64,0,0),(1325,'F0upb2Ti7U','qcLXYuHb3H',140,NULL,47.25,0,1),(1326,'g0o3j8fMoC','VJ1SGrFASr',1451,NULL,216.19,0,0),(1327,'Diio1qbAKt','o7bZntcnIB',611,NULL,97.25,0,0),(1328,'vTv3UeXq1c','RbWJIeNKDa',952,NULL,50.62,0,1),(1329,'XoIWjwK1ja','nxIJAVpgUg',162,NULL,10.96,0,1),(1330,'pgMNwGXhp5','QKkZmGPzXX',100,NULL,131.25,0,0),(1331,'XNXFCpbKH1','wthyjPDmEb',57,NULL,76.36,0,0),(1332,'r16SFiE4DH','gp0BZLK0RZ',1344,NULL,13.58,0,1),(1333,'ZgBeA87M1X','wlXZCy0ep8',1218,NULL,179.26,0,1),(1334,'h4BXPldxTM','p5RTGtrC5O',939,NULL,73.24,0,0),(1335,'FOrQfYzQvE','H4pLboLsUt',1956,NULL,40.06,0,1),(1336,'yyNQK5drK4','LXRuXjiwYY',139,NULL,255.42,0,0),(1337,'X46iwzPoVT','08wXgbQvBp',333,NULL,263.87,0,1),(1338,'Lf69f9ooAT','GwsVmg3Z8t',499,NULL,20.49,0,1),(1339,'tg0RTozsnu','MOb1xqCrfk',244,NULL,185.97,0,0),(1340,'rM4taPzUQt','5ZFTWOmU53',622,NULL,159.53,0,0),(1341,'pcngAbdMw7','EvY0aBXLlq',773,NULL,206.76,0,0),(1342,'zEHgFJeFNT','75m1rQtW3O',150,NULL,242.84,0,0),(1343,'mZhyNGoQoV','BVnfzn5B6b',907,NULL,87.60,0,0),(1344,'sugFLeNfVV','JxkRjXgsRW',1335,NULL,86.87,0,1),(1345,'AjXShZsicA','vZKrGEArG4',165,NULL,174.46,0,1),(1346,'s6suEMdbvk','rEKaydBgJq',1003,NULL,20.90,0,0),(1347,'LJ7HwxWB1N','yISIR4iz8e',225,NULL,75.99,0,1),(1348,'OJS8mcB0Ly','legCds4b7q',230,NULL,45.68,0,0),(1349,'d6ZpskzLK4','RgQ2m0lzC3',1114,NULL,162.54,0,1),(1350,'7ozQjsZSTO','Dl4NTRrbQL',1562,NULL,85.67,0,0),(1351,'1PVOGWqaVD','wO64KWEp92',24,NULL,267.30,0,0),(1352,'dazGyLOkbm','eJdpgVIDvT',80,NULL,117.53,0,0),(1353,'wtT7GbxlSB','F1c5rk67lq',1339,NULL,228.57,0,1),(1354,'ip23msUW4l','Jy9FMWKIFH',1145,NULL,194.28,0,1),(1355,'zG7cFaEPb8','CjAjvBNy3I',931,NULL,291.69,0,0),(1356,'hnkwvzldv9','MUAz67eY5N',143,NULL,165.99,0,1),(1357,'qjnzTyuDL6','g0J78vB1D6',305,NULL,44.33,0,1),(1358,'5YkoDwaLgv','6t2PnehTjQ',45,NULL,135.10,0,1),(1359,'Zbm6rnIefv','DJSF9iCKVu',649,NULL,160.09,0,0),(1360,'kluIdaZabf','MSpk2q1uTl',1095,NULL,137.62,0,0),(1361,'4jnRwOneHN','rkZ9kDIx4W',1377,NULL,240.54,0,0),(1362,'8jguHaQ5Mg','kth2kD5BSp',1469,NULL,233.89,0,1),(1363,'z7HsDe9MX8','6Hx22PAuOT',225,NULL,86.29,0,0),(1364,'WY83NZJorE','qi0lMAinbh',202,NULL,227.65,0,0),(1365,'u8ujzrXqAc','pqGjdpzvDU',466,NULL,160.66,0,1),(1366,'H7e4lihsTA','8gBIZM5e9D',218,NULL,51.43,0,0),(1367,'tzYhf6lZBW','xfS4fToe5Q',1334,NULL,282.95,0,0),(1368,'sTzYEYVg0c','DxHP1bdDXw',1772,NULL,182.87,0,0),(1369,'FBKPo4gbH0','oJ8zHP6I6j',196,NULL,26.45,0,1),(1370,'VVQlZ4LH8F','GT72w33Gm4',1138,NULL,74.07,0,0),(1371,'rC1gXb0HS9','mgp79R0K7w',1574,NULL,294.85,0,0),(1372,'v1cnt19g2T','sId2Yhxhb7',1847,NULL,215.32,0,0),(1373,'T1gIySPVyn','m1g4KVlMCi',569,NULL,94.42,0,0),(1374,'2MmewtHOt9','aZxmDM9blv',316,NULL,140.84,0,0),(1375,'pUxtQfN4L0','ahBqgPrQ6T',758,NULL,52.17,0,1),(1376,'at2XVxTuR0','0vGLAT1TFy',162,NULL,180.15,0,0),(1377,'yKIWs9rH20','WX0W1WlJww',1147,NULL,150.08,0,0),(1378,'hOQJB2cGmw','l2rlM2NErT',46,NULL,281.49,0,0),(1379,'1K9BIn1sDv','noKr15v9e4',1227,NULL,169.92,0,1),(1380,'mR5gsRHfvo','PogPkxJy7p',357,NULL,73.20,0,1),(1381,'lqXr1l3Q4j','JBSqJC8gFW',1735,NULL,67.20,0,0),(1382,'f03UyAcCb6','xyCX2cxOui',546,NULL,37.04,0,1),(1383,'2s0EpMnUgg','92g0HkAwTw',1158,NULL,184.42,0,0),(1384,'ZY2qznuAJ7','JkfYUXrExz',1454,NULL,247.88,0,1),(1385,'0mP2sen1Ju','6Yi9CHB0sz',574,NULL,122.65,0,0),(1386,'ETx5dAb7i0','vRXBNmgZcZ',1431,NULL,191.27,0,0),(1387,'jxPb5lzUwy','j9Ks8KQJvc',1888,NULL,109.98,0,1),(1388,'J9IIPmBA2u','0tRa6DEmLl',1582,NULL,41.71,0,1),(1389,'YA0rI3U9Iy','YFgrFul3jm',1040,NULL,48.44,0,0),(1390,'bKVg3EDEt6','35jP5nrzHq',1952,NULL,74.74,0,1),(1391,'Igdrx7mvo0','JtmhphLmFy',246,NULL,223.53,0,0),(1392,'yqwyqcCzo5','L8tDXQNH5e',970,NULL,196.13,0,1),(1393,'T0sN7hnX6J','2DICk49SWx',1857,NULL,167.27,0,0),(1394,'9TEQvFZSaN','rSvuGeEvpE',983,NULL,189.76,0,1),(1395,'958WrF0KxF','FrRb20A5Q3',888,NULL,95.57,0,1),(1396,'r43JmL5Upf','2x6b7XayMC',1185,NULL,194.03,0,1),(1397,'XxjSzE0lIp','YoRuiyNaMN',1807,NULL,101.24,0,1),(1398,'uAoX33MCCe','7LnInZHvVy',1773,NULL,116.84,0,1),(1399,'ZtaBSEOV3X','5y94cjhe0A',1640,NULL,213.98,0,0),(1400,'irrvBIzGpb','4K74Oh9RIj',1644,NULL,263.50,0,1),(1401,'ZxTbhVnahL','dwOeUIUZ0P',1962,NULL,146.16,0,1),(1402,'H3YaUJr4KW','KGQ1XlZQWP',456,NULL,287.13,0,0),(1403,'zIb7P7yIOu','ugA0uuGx2Y',857,NULL,235.20,0,1),(1404,'PoekwaHBgX','yY2eWG1U99',372,NULL,45.35,0,1),(1405,'izEnNkXqq9','dsseejSay1',408,NULL,218.94,0,0),(1406,'njn92Anird','h4cgHlf99q',1309,NULL,200.35,0,0),(1407,'7E9tECR54D','rVeyqPGrwE',1780,NULL,119.23,0,0),(1408,'68hldO27pj','5PkY5tc80x',16,NULL,180.77,0,0),(1409,'qRib46NunW','cp33W5NCLZ',490,NULL,15.63,0,0),(1410,'K0icDKePCY','7ttyn0mtor',1783,NULL,217.67,0,0),(1411,'G0BTBGCQnh','6Qkvxor7YX',905,NULL,220.03,0,0),(1412,'2O05L7u3WS','23iNA5ezNM',132,NULL,271.85,0,0),(1413,'0rT95Lz3mn','gzG0SrteAO',1560,NULL,234.52,0,1),(1414,'XVfjivatkH','TwyM9lhHu1',278,NULL,91.11,0,1),(1415,'r66bSTel7e','VjWe9eHOwj',1359,NULL,185.75,0,0),(1416,'Lwa9a3zeh7','FmPyyyn2Pk',710,NULL,53.23,0,0),(1417,'PHkqs2QZ7y','5Jb1CCBPXR',1228,NULL,62.83,0,0),(1418,'ykyr9Qn6ag','6rqadqCNg5',1684,NULL,194.87,0,0),(1419,'XbCuulggDT','LUE0XuHOoZ',288,NULL,15.29,0,0),(1420,'pNGR5AMvOn','tgivA3Yjin',1974,NULL,137.50,0,0),(1421,'nbXLgllANd','N2QEWDjGju',129,NULL,93.63,0,0),(1422,'W3DGvmAyO6','eoQWJHuNeR',1678,NULL,75.20,0,0),(1423,'I2BqXQZNwa','TmW1ML7fs0',1243,NULL,215.77,0,1),(1424,'pTk6KD6FgH','0GX55mgqTe',1426,NULL,151.87,0,0),(1425,'y9k0ONJiGD','KAVYbuMhM9',193,NULL,51.17,0,0),(1426,'0GtHlnnIvi','hQzqrhIsd2',777,NULL,284.21,0,0),(1427,'Ye2lZfkMNF','o569yk05xh',586,NULL,42.36,0,0),(1428,'kXWysGz0Vn','DiCvKE4Cok',1160,NULL,231.52,0,0),(1429,'l6uQlR6sPi','CBVIPJvdLr',1424,NULL,200.50,0,0),(1430,'iYluVQcfW0','m2bmYBFi89',1151,NULL,77.16,0,1),(1431,'kf5HRlufRk','Ub40qKW5ma',894,NULL,76.87,0,1),(1432,'AaVZiQSnKB','kVAH1NKeph',425,NULL,195.21,0,0),(1433,'KG9JTLuzLC','VFMgQ4SZK3',185,NULL,184.57,0,1),(1434,'YnwdX2LNBp','AeQIoZXuQ9',1192,NULL,139.75,0,1),(1435,'bC2MzKZsQZ','6lVqghvJ8a',377,NULL,269.80,0,0),(1436,'ZyRTjnDdlS','6j70xTQYY2',447,NULL,40.64,0,0),(1437,'N8d38K1pYJ','jjFJZEMvXP',1997,NULL,90.49,0,1),(1438,'wrGPVOr2Md','NqH08QRMQG',842,NULL,14.89,0,1),(1439,'bkUAWvIhvQ','iiVSD5sl4Y',1298,NULL,284.20,0,1),(1440,'3shXJ4IgpP','MVllO5us59',514,NULL,158.96,0,0),(1441,'4sKsGiXOCF','QgYVZ7raXU',1835,NULL,107.42,0,1),(1442,'luGiKCNRt2','CQOpqa6kTm',678,NULL,268.43,0,0),(1443,'jKY5vx9H5h','eJTloj9VXe',408,NULL,249.90,0,0),(1444,'Hxwq3nHt0p','QW8xAxztGf',314,NULL,250.11,0,0),(1445,'wTt4P6wPJX','RG70ys1xsi',944,NULL,85.48,0,0),(1446,'95mnDdHstR','sRBz0WlqJm',1759,NULL,227.39,0,1),(1447,'jLLKrU5vOM','O40Fgs0s0i',384,NULL,36.57,0,0),(1448,'1od8zTsc9Q','Hwe8R8tN6W',1534,NULL,285.35,0,1),(1449,'WP70guvK1Q','HQIRekbxat',1152,NULL,14.34,0,1),(1450,'HR2YILxeqv','BoJujD2TVz',1221,NULL,166.15,0,1),(1451,'IBaG05KdvW','FkH5bYXN77',1273,NULL,101.16,0,0),(1452,'KtkTp6xtxP','JFz0s52loi',1710,NULL,170.48,0,1),(1453,'wk4G2pbOzY','8exA1xIZ8J',1701,NULL,111.91,0,0),(1454,'scfDlY574Q','MvJvE7Z3tv',640,NULL,229.16,0,1),(1455,'BAi8rnQWEV','JISmmtMJEg',950,NULL,272.20,0,1),(1456,'sP3LiJOmgd','JwLVH8wv8M',1346,NULL,292.33,0,1),(1457,'LqgELmciEP','8wuR6myMhq',1574,NULL,86.59,0,1),(1458,'Dsig1jFiY9','YPcftIIO1o',147,NULL,18.58,0,1),(1459,'mUOQQemYEQ','4Q0wjPcMQY',1581,NULL,108.41,0,1),(1460,'gmuBByDrMD','TDsDfLmkFq',1280,NULL,184.03,0,0),(1461,'A86SJcvGsk','AO30g8MBEY',344,NULL,46.68,0,1),(1462,'AJpZW0RnMY','tKvfJlfzvV',1306,NULL,156.42,0,0),(1463,'uCouo6rcL1','YDRpBh2e78',1089,NULL,104.26,0,0),(1464,'Iv3dFvec5w','W1csTbb50j',1316,NULL,110.39,0,1),(1465,'1BXXOJxoxs','xXHtYhFpnL',516,NULL,292.34,0,0),(1466,'yBpbgM4grd','dh6D52sl1Y',1742,NULL,146.70,0,1),(1467,'fyUD79dBV6','N2qhkYm777',637,NULL,104.74,0,0),(1468,'lnXqNJpKu7','Wlbaok2PGW',1107,NULL,190.12,0,1),(1469,'DpyiMTEmkL','p3OFaWAT2S',389,NULL,135.71,0,1),(1470,'l5Nepd5mfS','WBn6jTzjqQ',531,NULL,249.03,0,0),(1471,'oKLa5vpIgT','K0esTAwGIv',1109,NULL,22.17,0,1),(1472,'OHvJO9iwHq','xTkXg6be3j',303,NULL,110.21,0,0),(1473,'EhbptChDgv','uvmr0FVLfP',418,NULL,259.61,0,1),(1474,'NAFB06NbJH','km8stlglpC',1355,NULL,234.17,0,1),(1475,'u6TB2yx49j','4dv417Aih5',1609,NULL,90.15,0,1),(1476,'NsP54J4b2k','nj23aj0Okc',948,NULL,160.10,0,1),(1477,'8rmdsEJefT','hEaOm1zdbE',88,NULL,30.32,0,1),(1478,'HuaiIZyijQ','s4DdnJR4NF',398,NULL,114.18,0,0),(1479,'znikLaWYTd','s6u8uBfgJ3',958,NULL,218.61,0,0),(1480,'hxq6ayIwnm','IZnA1LZIAv',1145,NULL,239.02,0,0),(1481,'5OxlOmCMj2','3YBr3YwvE6',295,NULL,95.02,0,1),(1482,'JoL3nGifL9','NNC7NjTT6W',16,NULL,82.35,0,1),(1483,'8d2aRLoAey','g8sgMNRXZU',1207,NULL,49.97,0,0),(1484,'KKVDtorTFU','OTgW3iUqYZ',968,NULL,183.12,0,1),(1485,'dHSFIBKRCn','JfFegO2vtW',232,NULL,224.29,0,0),(1486,'tGltCju8hV','0nEY1gpgl3',1158,NULL,99.85,0,1),(1487,'h2i6B1q4u7','cNVz9sX0p2',150,NULL,153.34,0,1),(1488,'8xUFljRQms','swuPwhj8F4',1644,NULL,102.77,0,0),(1489,'vGGFhD64sp','29XtjLSCcB',1786,NULL,111.24,0,0),(1490,'gWBBlx763c','lRPHMd7xaw',1544,NULL,147.12,0,1),(1491,'0TKwZTTfFF','zSVwvlUryX',1854,NULL,136.99,0,0),(1492,'KjnvqLHyFi','dgYvxAd7fj',979,NULL,293.63,0,1),(1493,'TIRR3Ai33V','FqtVtDI7TX',443,NULL,71.74,0,1),(1494,'V4qriLbt7e','Quxm2VsnPB',601,NULL,121.97,0,0),(1495,'faC4QB1tor','OeHWFdxfTL',187,NULL,226.68,0,0),(1496,'QU6RyH0hji','sMHvHFQGoZ',54,NULL,284.95,0,1),(1497,'vzwqZF7qRO','ZDPJ4TvDfh',1700,NULL,45.24,0,1),(1498,'c8MIc1VqVB','8koeqFhgsg',159,NULL,111.47,0,0),(1499,'n8hP3tCVpg','TQN57Ap3js',360,NULL,53.40,0,0),(1500,'G8a40FyQQa','uEY8h9df2G',172,NULL,80.60,0,1),(1501,'QDyRAKECBl','6geFBCGQ0M',1982,NULL,242.71,0,0),(1502,'1gfRIHqFJn','57CK6XnDAu',1906,NULL,19.42,0,1),(1503,'mjbYOr8K8L','ODb8ZaZgOP',1480,NULL,33.86,0,1),(1504,'YhIzkYRwRd','4hXAN3Lqvo',1066,NULL,246.28,0,0),(1505,'lNaX3FCOCK','zX0AvhiOFO',1071,NULL,95.20,0,1),(1506,'EtVLg8c4t5','gIPl7wVCeZ',594,NULL,149.78,0,1),(1507,'UBq5t6njdy','QQqByI53y1',1099,NULL,251.46,0,0),(1508,'6YrifPVkia','KxzSRdIofy',1360,NULL,115.55,0,0),(1509,'b7Yyp6REO6','LPIUrHKd36',1041,NULL,13.49,0,0),(1510,'ryW3GriO13','aqlR1ckLWa',10,NULL,272.62,0,1),(1511,'cXNsFuaTe8','VS1kPLyrCo',780,NULL,184.00,0,0),(1512,'pjbyOJhBdO','RisqqYxUBx',295,NULL,80.03,0,0),(1513,'JnlCvbgyQQ','CNcik64thL',700,NULL,284.31,0,0),(1514,'vZ1AlkApTi','aNDLKtXSgc',703,NULL,227.93,0,1),(1515,'yR6BhAC0kG','ZhbYQXnJeW',1675,NULL,296.85,0,0),(1516,'u7afaogigG','ih0WIrLCUy',1708,NULL,252.31,0,1),(1517,'Olt4srTVuc','udOj8LkzPm',542,NULL,158.75,0,0),(1518,'YVG8NrjsGx','KcAlKWHeNV',466,NULL,176.07,0,1),(1519,'6nkfYK6bqd','sxWQCIbcwp',1096,NULL,117.90,0,0),(1520,'ODqYYcw1vO','zuh85vlXkc',1268,NULL,12.18,0,0),(1521,'Ja5oUDUl0M','gxNdPXySqL',1206,NULL,188.20,0,0),(1522,'JFiDzj9BA8','p7oUn66xo2',579,NULL,58.07,0,1),(1523,'v51NAR7gaT','GFkklKAIm0',1107,NULL,214.90,0,1),(1524,'qaO6WlD3BM','sWWwFeWZLU',1974,NULL,36.49,0,0),(1525,'Wmpx2eGW0T','KXVkfOdTzd',441,NULL,96.39,0,1),(1526,'SoBZhaGUy8','wKUoXrDq2M',806,NULL,157.50,0,0),(1527,'8jHfFhhkny','2b7gfSHeNw',120,NULL,72.62,0,1),(1528,'bvrpos1fMF','1UFRjpcSzs',907,NULL,265.31,0,1),(1529,'SIsaNsvOSK','lxs9VOHO3Z',1579,NULL,190.14,0,0),(1530,'U8LL40aT3V','ZLF8o3TpvA',158,NULL,290.23,0,0),(1531,'FBf9RVdjVX','3czCiTx588',493,NULL,163.44,0,0),(1532,'f292GrIYzL','sXQQTOKefW',242,NULL,60.76,0,1),(1533,'A6slZPkG0k','eB6srSRM96',521,NULL,52.08,0,1),(1534,'eTizPsBMsh','WpgltW4Xl9',401,NULL,95.78,0,0),(1535,'LSoJDhVHTm','0bJLVF0HRJ',1150,NULL,208.71,0,0),(1536,'bhX4C5BOlB','RCQslXtIXB',1516,NULL,122.18,0,0),(1537,'X2B6l2zqy8','ODiJo3S2V7',222,NULL,190.07,0,1),(1538,'Kano3rZosW','h9E1Rzjj6u',1335,NULL,284.57,0,1),(1539,'EmMxzf32kA','pYAcoAX9b0',190,NULL,178.52,0,0),(1540,'xNhX5v6j1i','P4A2VHXlZr',159,NULL,191.86,0,0),(1541,'u12d5kL9Al','Z85ynoIGOr',1694,NULL,95.67,0,0),(1542,'JxsKjBSxEq','Ap49YU1kYY',822,NULL,39.67,0,0),(1543,'UBkPFWxLEN','AHUUsMVpf4',519,NULL,101.28,0,1),(1544,'2hMQhwyrLp','r4Me1w8axL',1271,NULL,263.17,0,0),(1545,'CvXSiT0sgc','8Flf2KOjsJ',505,NULL,132.27,0,0),(1546,'Dq5Hq9oygU','3fYnajeKtz',574,NULL,30.54,0,0),(1547,'NOgCt26RJe','AVblFEeSHX',1483,NULL,283.74,0,0),(1548,'cplRyIWTuQ','FWW1Y0UvGg',1673,NULL,198.31,0,0),(1549,'jIXu0zWWvh','8lL1ECU9du',1799,NULL,123.26,0,1),(1550,'zJBgibh7Iu','fC986tP7JN',703,NULL,126.22,0,0),(1551,'BlziSMXXGs','0QcRgT0uUr',1511,NULL,49.76,0,0),(1552,'N8sSZbc9cF','EznGY1YPlr',1201,NULL,229.34,0,0),(1553,'1yiTHeUXue','Ql3gQQj7dB',812,NULL,23.87,0,1),(1554,'eVP9frSDxi','TeXpuDz0j0',20,NULL,101.59,0,1),(1555,'SZhpALR9Qp','hJaCgsUeR6',764,NULL,90.50,0,1),(1556,'x12EmIO3lx','9vAzMYU1yl',268,NULL,159.95,0,1),(1557,'4GfODAalpm','ckyfKt71gm',1903,NULL,203.05,0,1),(1558,'eKb3OIAeuI','iRXU0uckvP',1101,NULL,280.98,0,0),(1559,'oN61EhWPLk','NzsR8PiMyH',792,NULL,132.45,0,0),(1560,'yYEvj5HX0r','F41Hm177Tv',678,NULL,32.39,0,0),(1561,'9yUMXsZVhP','KvmC9ONVQq',1089,NULL,26.02,0,1),(1562,'7w9QeWmF2i','jfEH1Sw3pO',1107,NULL,227.84,0,1),(1563,'KrUJ99lTIQ','H1vjmbpOIn',201,NULL,216.82,0,0),(1564,'7oQQHFtPhv','uzNgs1Sojt',701,NULL,77.20,0,0),(1565,'LG27Dnup0Z','xe4tiibxu8',1094,NULL,120.91,0,0),(1566,'1RnDovaLbQ','gvhCd0qO1K',1359,NULL,281.91,0,1),(1567,'KglvvVUXLe','v5chUiByhc',1328,NULL,206.80,0,0),(1568,'pK1lg3ByNi','j5jY6nLfcl',1403,NULL,91.19,0,1),(1569,'7hpA0179wi','DOxG33VWtb',1894,NULL,35.94,0,0),(1570,'NXxdmYgo8R','VtajggAlti',676,NULL,269.31,0,0),(1571,'lEoC0liuh8','fO67lB5NsM',916,NULL,287.09,0,0),(1572,'VaUqeSc7a1','hPK87EhafB',1237,NULL,135.04,0,1),(1573,'r3corUSug2','UuGDNUxcdW',1786,NULL,162.79,0,0),(1574,'lpwzkJyQ80','r1bbfzNLYh',1465,NULL,187.12,0,1),(1575,'cf6X9UwyYr','VhVIwwrtFx',1812,NULL,273.43,0,1),(1576,'g8L1pq2m1n','4Ag7waD5Eh',1890,NULL,77.25,0,0),(1577,'Og8OsNyQzh','Ny2rilJMxh',1947,NULL,214.56,0,0),(1578,'I9KWk9X1Ry','gd2Hrc114q',1578,NULL,98.01,0,0),(1579,'9sbwBYZqcq','Pgxp68j9sz',656,NULL,205.38,0,0),(1580,'ov27y4r2NI','Z6kWto32JY',387,NULL,166.75,0,1),(1581,'07gJ909GBw','ropZ9AFYCp',1516,NULL,223.76,0,1),(1582,'AfFJL3D7L1','UBR4kqLgEb',915,NULL,253.26,0,0),(1583,'LPwUFBSQRY','nNoYvM2CvV',590,NULL,39.96,0,0),(1584,'T2uKW10Pp1','wa2eD5rQ0i',456,NULL,160.79,0,1),(1585,'2oFLtavnKn','xXDPatcNWv',174,NULL,132.03,0,0),(1586,'hLgF0bURoq','qfBNqJBu5f',1793,NULL,134.80,0,1),(1587,'HYOqaLFsHo','G7MF6f69JU',1967,NULL,46.69,0,1),(1588,'25gsFoEZNM','PmsfBfV7mX',144,NULL,63.47,0,1),(1589,'BHnwZzL0uI','3lnhrwaPqi',1240,NULL,153.87,0,1),(1590,'GHxat1VWox','JlQjXUmNeM',73,NULL,53.75,0,0),(1591,'m2ehKfext5','FzPzIIyHub',78,NULL,12.47,0,0),(1592,'pHicJfogEJ','DhF6k3vSNb',702,NULL,292.63,0,1),(1593,'pTxemy0S8N','pkiugauOFh',263,NULL,22.97,0,0),(1594,'JLbmeT5S75','xPHKcYBW2M',37,NULL,212.89,0,0),(1595,'gSOUh9yEkS','Pdq1tf9lxK',870,NULL,20.80,0,1),(1596,'Peg0JlK6Zw','xRYzQ4g4We',1717,NULL,256.37,0,1),(1597,'iklUAqdQil','ACvvQFVgec',137,NULL,176.76,0,0),(1598,'AN8t4GyEPO','wSEf9ogn2L',33,NULL,288.69,0,0),(1599,'7X2W4KU7HD','tYHKTeLkgr',1692,NULL,40.86,0,0),(1600,'FaEOKNF8bM','QPJXe7XlDC',1507,NULL,140.84,0,0),(1601,'FNbFEVJVzp','FXP2KwM1Q1',1707,NULL,77.39,0,0),(1602,'0MpK95Vdpy','3y0hXYA7MN',1872,NULL,260.20,0,1),(1603,'9W6FLkQdde','5ESRX2HIwR',32,NULL,217.96,0,1),(1604,'rfts51zZ5D','60eCxCHufK',1772,NULL,234.75,0,1),(1605,'FYxSmnOiRN','NNYky836t7',902,NULL,216.99,0,0),(1606,'1cAyApsdds','tGL6KwCsba',982,NULL,11.57,0,1),(1607,'J1E4Pu8p2j','9uRk2eVzKW',1271,NULL,264.83,0,1),(1608,'aeLGBwWHj4','Pr2l59mYMB',1505,NULL,264.10,0,1),(1609,'X34UvYtgRM','xUBs04pPn4',1355,NULL,95.42,0,1),(1610,'d4kvzHsJwS','pdFs9R3nz6',324,NULL,181.40,0,1),(1611,'eGHpuSi97K','60n6PRwTOD',442,NULL,136.28,0,1),(1612,'3FHj9t8FNn','RwUU7kf2G9',1162,NULL,46.69,0,0),(1613,'p7FedjocJo','fMS3kOu2gT',1549,NULL,173.16,0,0),(1614,'qDqe3mRbIr','E2fEPoVDYQ',1059,NULL,39.71,0,0),(1615,'xfIW29weWy','4bLXThRm9l',997,NULL,95.69,0,1),(1616,'ZdFeegtc5c','sjhbbbd89l',81,NULL,156.80,0,0),(1617,'BOhysjQGmI','lbGwsftibB',1460,NULL,87.83,0,1),(1618,'iGZt7hWfKN','Gp4sxLi8AV',985,NULL,103.75,0,0),(1619,'daXPs27Fdk','eeT4GFL6AA',1583,NULL,27.90,0,0),(1620,'fExPjRmTYD','9atAPWe2ba',170,NULL,126.64,0,1),(1621,'J9Rggwo68E','Lckvurogsj',1710,NULL,263.74,0,0),(1622,'zPjMCqJi1B','XvjC06BlRK',1717,NULL,35.44,0,0),(1623,'g4xcVfC4MJ','yxGEmFFIwg',1823,NULL,180.90,0,1),(1624,'SGZNMChjNQ','z07b3Q62jh',848,NULL,149.99,0,0),(1625,'c30PcyLFL5','y1NZ5unETE',230,NULL,76.17,0,0),(1626,'05nHfNXdOv','kcPx9J38iS',1633,NULL,113.64,0,0),(1627,'baVo9J3PfC','lNIWzML7Mr',107,NULL,280.91,0,0),(1628,'weyrpwMmuQ','bWyMdZV8AJ',242,NULL,31.63,0,1),(1629,'RhIizvIo7u','5vDMOkPPQj',1430,NULL,281.65,0,1),(1630,'NO5CEQ0xeR','5j2KIr7feN',1583,NULL,25.04,0,0),(1631,'6UWDexiVQ1','aJxPFzKwrX',394,NULL,76.32,0,1),(1632,'gkAzuQxiCm','QJh0Qj4ulE',1642,NULL,183.94,0,1),(1633,'gDr5pnAeBl','BxkXTtYJsj',875,NULL,256.85,0,0),(1634,'CWXbLYl2vz','Qi5l3eDpPl',339,NULL,65.92,0,0),(1635,'lLFcVmCscz','JQwTEwXZhH',1012,NULL,291.97,0,1),(1636,'fj1EG79iPj','w7PTSFzJDf',221,NULL,160.27,0,1),(1637,'Kbv8ajm3RE','bdNTUkuspQ',470,NULL,85.64,0,0),(1638,'d6y14m6mwW','Oo2fDOgXEM',823,NULL,244.45,0,1),(1639,'E1OWiyROVQ','yXdoyJIc80',475,NULL,65.28,0,1),(1640,'tohy9duALo','dfIld7gkBq',1001,NULL,108.54,0,0),(1641,'r0kXo0noKY','IrZzDm6i62',1155,NULL,73.73,0,0),(1642,'cTl4nHBZuN','sqXiPclCaS',77,NULL,47.96,0,1),(1643,'Ud8lQwPVdV','7oddZkEot0',1306,NULL,30.76,0,1),(1644,'JQPijDoFjb','NQeoM9vcsf',1089,NULL,52.53,0,0),(1645,'OKU4BgCgS4','aQsbRjvEiy',104,NULL,164.38,0,0),(1646,'dHyVTAyLKa','ycMmv2CsDh',2000,NULL,184.68,0,0),(1647,'VNN3KzfHRX','7eqRqdGizX',868,NULL,140.35,0,1),(1648,'cofiJQosD4','Vu4yXwAYH7',1157,NULL,56.44,0,1),(1649,'X9EcbL8mPA','FiR5T5w6Wd',1432,NULL,273.72,0,1),(1650,'EZBrk2Lo9m','6Sd0eZ9fNO',1838,NULL,43.47,0,0),(1651,'ml4hOq3NOL','MsjjI5Brcu',194,NULL,222.13,0,0),(1652,'7vm9uffZA9','mmUII376pk',1197,NULL,254.20,0,1),(1653,'ONlVUyEpHH','5tTOxi45jv',1416,NULL,236.27,0,1),(1654,'OFE9yTNu5J','ZBE11zN6AA',1436,NULL,38.02,0,1),(1655,'tZ3jlEUZnb','gWkJlEMoUQ',1842,NULL,221.87,0,1),(1656,'95qCcOcngc','DmIVALpg93',1518,NULL,15.93,0,0),(1657,'fvUTvfysjM','DUTeGgyoCY',1214,NULL,87.92,0,0),(1658,'eHvf8NRJdk','NGylE5lT6h',243,NULL,251.06,0,0),(1659,'ReuXotvzWc','kABc6iDvdp',1741,NULL,272.99,0,0),(1660,'VNyJxPeUPP','Am9laJIjpA',8,NULL,180.20,0,0),(1661,'2yLny19qCE','4uK4YkGHYF',102,NULL,250.10,0,0),(1662,'3LHHJUwRzL','mTKo7HaQ1M',1076,NULL,180.00,0,1),(1663,'PS65OyZ89D','UofoBoFngy',54,NULL,158.26,0,1),(1664,'iyp59SQmAd','cAv5YppS3W',657,NULL,58.53,0,0),(1665,'KKeUcL7LSp','WnwqPwEwcO',209,NULL,14.60,0,0),(1666,'ouvBz0ktPx','AalfCp9S6I',1648,NULL,20.57,0,0),(1667,'cYaJrFJ6VR','3PSXheiGvM',50,NULL,54.99,0,1),(1668,'LrYXw5XbUE','XlORuWEsmx',328,NULL,124.54,0,0),(1669,'WrmIThwLyU','keAop4ApRQ',1768,NULL,294.35,0,0),(1670,'RTE5oIpuzo','7w3Mq7U7YA',844,NULL,142.02,0,1),(1671,'6rQ3k338se','xYYmsIVT2M',1975,NULL,89.99,0,0),(1672,'SITaDsrs5f','SP29B1SdAb',797,NULL,57.42,0,1),(1673,'QNFSwVH36D','ZAchs8k2eR',1871,NULL,18.96,0,1),(1674,'0fLx4OUAvx','Sk9kIUPxKV',762,NULL,63.12,0,1),(1675,'REg4MpWNF7','WgnmhRjGTd',939,NULL,13.92,0,1),(1676,'R3Ma431W9K','NUWXZYkUha',1043,NULL,142.07,0,0),(1677,'bD27O8ptEh','GYb81cI8jg',1729,NULL,288.28,0,1),(1678,'YwoDCkN2dI','W2WZcXJlHr',1509,NULL,275.85,0,1),(1679,'RkJl1nLTo2','FEwgZQownK',1809,NULL,13.46,0,1),(1680,'gRc1amJmsW','o8L04PCxgd',799,NULL,60.52,0,0),(1681,'IKe3DBqMPb','K7ZOw8U6v0',1448,NULL,133.57,0,1),(1682,'chHdRlpqAf','iqqq4HemmI',1754,NULL,77.91,0,1),(1683,'i5yN9pBzsy','NyvEHApaCz',108,NULL,187.88,0,0),(1684,'rEKEfG7tOt','EjxnitPtr4',359,NULL,167.02,0,1),(1685,'gJs4o2Kh9X','RYez0zHX2I',1305,NULL,36.81,0,0),(1686,'1XYye7eL8B','K8YxiOoRoO',44,NULL,289.79,0,1),(1687,'fT4DJD6KnH','Pp2g4KbxTu',1922,NULL,290.44,0,0),(1688,'xtQt7Lzljl','VGw9kSiDNX',1646,NULL,154.42,0,1),(1689,'1adT8T4zYw','r7ikEoquNy',534,NULL,258.60,0,1),(1690,'EdNXQX7NIy','CaDxZTWNV1',1868,NULL,234.82,0,0),(1691,'xX4CtkOYjn','QhyT6aSAr3',1818,NULL,171.16,0,0),(1692,'KsJ54L2zSg','sNRQk6wBfb',1535,NULL,204.22,0,1),(1693,'0Wb7phiG8t','kawVDtgheX',624,NULL,231.12,0,1),(1694,'9lquYqr8G1','8BwOrAElFn',1489,NULL,185.64,0,0),(1695,'FGDDenGb5w','is2htSVvjl',1765,NULL,193.42,0,1),(1696,'qZZegfdv5Q','laR4heIZEw',432,NULL,109.94,0,0),(1697,'446fyCN8FO','8OEmqk8J66',115,NULL,34.79,0,1),(1698,'qARQZgfFCq','2EnDnkh2RU',1529,NULL,110.72,0,1),(1699,'0q3Q4QAaSL','m4QPNFo0ZD',65,NULL,23.94,0,0),(1700,'AuyWIa07pz','xMZkSTtyc3',1118,NULL,11.12,0,0),(1701,'3NuuDjblfR','iovKwlPEhd',1917,NULL,29.94,0,1),(1702,'1EWwyRkA1i','Roq4dHMA1f',1311,NULL,104.34,0,0),(1703,'4USNZCPqrL','a2abSaGDLc',1294,NULL,15.61,0,0),(1704,'TpXsbeROaH','Cf8fMuNaed',844,NULL,264.59,0,0),(1705,'Sv47C73pVh','xazRPv6w7z',119,NULL,244.17,0,0),(1706,'hYsovym5fz','dMJGT0Qvf8',961,NULL,26.52,0,1),(1707,'rZi7XQEaTW','tvf08I14QH',248,NULL,90.67,0,1),(1708,'iD2ZFVBeJa','eYlUXuEYKM',1685,NULL,16.52,0,0),(1709,'4szTPyKUIl','iwjYq4YhDW',1320,NULL,242.73,0,0),(1710,'Wa79vcNrBT','9ddO1U5drR',266,NULL,244.46,0,1),(1711,'NJG408hVpU','YHMSVSl9mb',898,NULL,52.74,0,0),(1712,'pnqiuLe9hO','A8Ayzm7SbT',154,NULL,149.62,0,0),(1713,'XcF3jLVodr','M5dpvZvjan',1463,NULL,209.55,0,1),(1714,'F5zBcUX7Qc','K3eatkj7EW',1293,NULL,128.97,0,0),(1715,'KvfzRAFvyG','5LxyEEnwor',1351,NULL,18.23,0,1),(1716,'QN72r6Wixl','ss5z17z0cD',1073,NULL,275.11,0,0),(1717,'27BBcaZKTt','ky9QvzslhD',1173,NULL,183.43,0,0),(1718,'V2RM72hooP','0RUhM7S4wj',1759,NULL,271.36,0,1),(1719,'5uycZApb6m','O39BLN3CMg',1821,NULL,239.58,0,0),(1720,'ioA3X5XCwJ','9dm02BhN7W',701,NULL,99.94,0,1),(1721,'40LpdQXWaa','7ZOeOuihR0',607,NULL,213.72,0,1),(1722,'AEe8tgtQ76','TXatmyVJti',171,NULL,127.28,0,1),(1723,'ZjMKyppa2z','j9VF79yfbV',610,NULL,174.86,0,0),(1724,'h17YcQD0AG','2Gt30Ersav',121,NULL,76.69,0,0),(1725,'W3JILh95jl','MPF6BoszJW',814,NULL,126.16,0,0),(1726,'f2JHemHLDz','7cK7EbJIOL',1707,NULL,254.14,0,1),(1727,'6j8t2p00MN','so83XKLEKR',1088,NULL,150.23,0,0),(1728,'LvNG3ytuaX','m6wtAM8ons',1881,NULL,26.75,0,1),(1729,'MTfbsb4n1z','m6NwU7WV7w',595,NULL,208.41,0,0),(1730,'sdtTHo0Y2U','bDADTQci85',1873,NULL,266.38,0,1),(1731,'g5sfcrnBDu','a4wlXtzzFt',691,NULL,231.79,0,0),(1732,'jgb0zi0VUH','hAT86Uquhc',900,NULL,247.20,0,1),(1733,'e2RLpmvNpJ','btsPQ2r7Jt',1883,NULL,50.49,0,0),(1734,'AQdKuHoqyk','RAThU83rl5',900,NULL,220.33,0,0),(1735,'7pxkBXHCUx','kHGnfDyaUC',923,NULL,235.19,0,1),(1736,'xfiOdbwyUB','jADv1l3bMD',627,NULL,299.91,0,0),(1737,'k9SWzh8CE1','nPN0J16fCj',612,NULL,51.05,0,0),(1738,'tiS0UkizbL','HnRi1FMNU7',1916,NULL,45.00,0,1),(1739,'2z1FU32uxM','io7IDpRiZn',1363,NULL,145.69,0,0),(1740,'HgsmTmAQZO','03jd8ryZVO',1455,NULL,284.44,0,1),(1741,'0JyZUb2fNP','cy2t0FY8Km',119,NULL,205.56,0,0),(1742,'P0DWtiTziO','sNpmwO4BVu',1862,NULL,74.35,0,0),(1743,'l4DpTonao7','vodmGHoQt8',682,NULL,221.06,0,1),(1744,'Uh8LDyqfC2','5kibFH2MqV',402,NULL,84.05,0,1),(1745,'KyjU6tsnP4','jEZ7tEQxne',27,NULL,105.22,0,0),(1746,'3VotMBYqkG','PL1v9JKUVp',171,NULL,207.53,0,1),(1747,'pglP6HS0DQ','b6WWTxfkHV',1669,NULL,49.78,0,0),(1748,'S5C7DmW4cn','LiNxGoGPuG',1040,NULL,222.60,0,0),(1749,'emDmpkQhvX','UIQB7kdePm',1659,NULL,291.94,0,1),(1750,'8lO8WcfTnO','hxtZllm4A5',211,NULL,170.65,0,1),(1751,'KE2xXCU6Zf','4cq1o9Pnmw',1266,NULL,202.16,0,0),(1752,'n1StC4NpF3','xwT2FMT358',685,NULL,112.48,0,1),(1753,'0gmU6oYm8N','CjpiMCopvy',943,NULL,167.88,0,0),(1754,'SmWzqhs0uD','pEzwfUOZGG',471,NULL,152.50,0,0),(1755,'Ui8iQRT5xa','ZXSesUc6ze',605,NULL,217.78,0,1),(1756,'VV2ZCJzMsP','rp33S1lUs4',1850,NULL,241.50,0,1),(1757,'IfGrZTAtL5','L7pl6o0CQG',1836,NULL,171.20,0,1),(1758,'TCvoIIwf9E','JIL5tkyGdi',523,NULL,213.72,0,1),(1759,'XZzSeXZepz','AMjxdl0Phn',56,NULL,58.77,0,0),(1760,'Sbd5b1uG20','6Pxx5mU83Y',951,NULL,295.80,0,0),(1761,'JspPJNq3TJ','lPxkRYQovQ',1247,NULL,215.31,0,0),(1762,'dcnlCMyfip','BvEN4dAp1l',724,NULL,69.99,0,1),(1763,'I5iEcpWZUj','NPI8FhHSRF',288,NULL,227.53,0,1),(1764,'i5gTt2IExE','MCIjcNQJ78',1266,NULL,57.62,0,1),(1765,'RiHEAAGZk5','dipzPyQTnC',478,NULL,66.28,0,0),(1766,'2iYkD6AsXb','SdbW8GDnjT',692,NULL,267.70,0,1),(1767,'dmmWO9btTP','h89HX9pYb5',327,NULL,112.18,0,1),(1768,'aK4z1JeVD7','IhDGqpxOYW',1163,NULL,22.26,0,0),(1769,'94yqoua374','SDg4YMmOd2',161,NULL,57.87,0,1),(1770,'9gtjkI1amL','2GMP0oWjYL',1525,NULL,241.61,0,1),(1771,'OP5ppDt3tN','YpfNqnhYDp',1634,NULL,234.46,0,0),(1772,'HhHJvHeEoj','Wpgi411VIc',580,NULL,133.79,0,1),(1773,'m3GV3kBPuY','Kqbq1qT3Vo',1711,NULL,252.60,0,0),(1774,'hzgHbm8j9e','eIPjBKsOIt',791,NULL,92.91,0,0),(1775,'4huiaUah4r','c671hmT1I7',1179,NULL,106.46,0,1),(1776,'AwqIuAixvc','W1Pq2SspWD',758,NULL,276.93,0,1),(1777,'BGrprN2wLm','iCFMM0tl3W',284,NULL,231.48,0,0),(1778,'8w7dU2p1Us','aBMpM9oS7P',1266,NULL,122.37,0,1),(1779,'TmQ23LeJc1','QXx3h3itIh',532,NULL,280.68,0,1),(1780,'OIQnssHkdI','o8ie1DjyvK',242,NULL,51.77,0,1),(1781,'qCK5gC0xB8','nGFTAw0cZf',248,NULL,239.85,0,0),(1782,'k2zWRKYnRu','3H44WYZyb3',434,NULL,300.94,0,1),(1783,'0bhxq61FBb','lKlJxH9wnm',1957,NULL,299.99,0,0),(1784,'Hgagm6OeeV','FGynXAwMG1',131,NULL,13.56,0,0),(1785,'t4hAMKZrWg','tdsqbCp1vw',149,NULL,51.79,0,0),(1786,'GSV7SU2L3h','AbZQcn5lEK',1747,NULL,114.25,0,0),(1787,'hxSnOlbCIL','U0vVancazX',514,NULL,258.93,0,0),(1788,'lumXUaSAxd','TRK3xjOyes',1591,NULL,158.44,0,1),(1789,'Bx1Blf7X8i','3UEg6OV1ZN',199,NULL,63.65,0,0),(1790,'1f2UMf9b6B','SMMZJb7kPA',637,NULL,90.70,0,0),(1791,'rFbPYgIRL8','Yk4dtCp4PU',1174,NULL,10.79,0,1),(1792,'0fmY54m8V0','Ub613y03HA',623,NULL,165.18,0,0),(1793,'7sJQhClbzI','jfbmhepPBi',1265,NULL,106.19,0,1),(1794,'kHyc4jXU3m','1ouaMbD8Cl',290,NULL,211.46,0,1),(1795,'TOm4TxTdJJ','RJWil9HW40',1933,NULL,240.22,0,1),(1796,'MJhbsynzjP','b6tWQgLzpt',1090,NULL,83.84,0,1),(1797,'hz5vb0G8b8','dw7FKzWt0o',363,NULL,194.84,0,1),(1798,'fbAe2f0SeA','SLteictkPI',178,NULL,295.01,0,0),(1799,'rlYDuAQMp2','efiedP75QO',1940,NULL,17.49,0,1),(1800,'2J6KNqSJyA','gwCrARLVHJ',1005,NULL,161.52,0,1),(1801,'8lDg5qucIS','FwKXuWNZJS',1669,NULL,162.53,0,0),(1802,'TEirMMtmcp','OEpo1rUhX3',346,NULL,173.56,0,0),(1803,'rCJSJ4uhfY','oYhiMd4HDX',1633,NULL,292.26,0,0),(1804,'5bsi6nfcvW','9sB55VVNqJ',1067,NULL,241.92,0,1),(1805,'rdQtdeN15u','cAxooBFQda',28,NULL,66.65,0,1),(1806,'CilqBiAIRP','5PVGWf1Wdg',461,NULL,98.10,0,1),(1807,'PtBb7yLh9Z','2aN5jJF98W',1880,NULL,86.15,0,0),(1808,'bMZuhgQden','ix3JEKMzjQ',468,NULL,48.11,0,1),(1809,'C2OU3C2iCt','QD5kZ4poZa',1977,NULL,60.59,0,0),(1810,'zzUbJffR1S','MJBY9bfY5M',612,NULL,62.27,0,1),(1811,'rSR2LvXyuJ','2DUQQQec6F',1127,NULL,79.62,0,1),(1812,'9VEhPnSAyQ','awsdyOVtlg',948,NULL,203.03,0,0),(1813,'Fe4EYGc87F','6sN9R2ZLoh',1273,NULL,166.45,0,1),(1814,'7nJFOHREdO','HQ0jdUagzQ',875,NULL,227.80,0,1),(1815,'JZidj1fBEE','aHovwJNgVk',1561,NULL,61.80,0,0),(1816,'TQ7tU1riOR','z2Eyajdx4y',108,NULL,59.18,0,0),(1817,'3OSO1biYXv','TZEBfd7Wmd',1928,NULL,94.27,0,1),(1818,'f2U0tFoG1t','iusF1SnpIw',635,NULL,268.98,0,0),(1819,'h8GVg04UlR','lfWKunn7cY',1269,NULL,282.60,0,0),(1820,'cODRzXdT2a','aBBpd89CK1',992,NULL,49.16,0,1),(1821,'g3DnrJLGv4','hrSAfmIG0P',1760,NULL,126.43,0,0),(1822,'TmLddkID9V','hnwT6A0QMX',659,NULL,109.45,0,0),(1823,'czM11ejoqG','mryfmypx64',1416,NULL,159.70,0,1),(1824,'dYNtQrMCxr','yDoCNoGRph',910,NULL,263.26,0,0),(1825,'usaycfyRzW','OpgrLEDaXc',1436,NULL,11.62,0,0),(1826,'3i7as1KBrr','Ad2NlLOsoB',932,NULL,160.15,0,1),(1827,'3g5y3ODYEX','uZbNdAJH4r',1424,NULL,14.93,0,0),(1828,'OwDchEPG0h','a9zGJMdmIC',532,NULL,55.98,0,0),(1829,'12w8qTymaj','UfDbypE6pg',41,NULL,87.92,0,1),(1830,'1jhxUQhpCj','jjmeFBF4Fa',1256,NULL,39.61,0,1),(1831,'Vm3vTdFjXU','GTQUVcFoAC',1165,NULL,165.41,0,0),(1832,'Tp8C90pRFx','O91M1eKBlT',236,NULL,281.59,0,1),(1833,'8oELWvmsVv','GN8BE2UHbZ',138,NULL,124.52,0,1),(1834,'W5lWs6KCnr','34Kl0kraRu',1594,NULL,287.31,0,0),(1835,'F7FCtCZB90','vs1p2wiLZq',1150,NULL,134.16,0,0),(1836,'hPfTt2HbPY','4uwxECabyY',709,NULL,156.57,0,0),(1837,'Zz5RwrbDUt','S2iA0G1sCG',1351,NULL,101.47,0,1),(1838,'cerZQigkK9','z23eXbYyTJ',1183,NULL,231.48,0,0),(1839,'3fHvdhvV8u','6ZYvK0MbAd',1743,NULL,162.51,0,1),(1840,'xPeAGh1pnS','8YC31qmggH',813,NULL,243.21,0,1),(1841,'vRvvAFRRwr','AxZ5rtjjIa',1442,NULL,163.15,0,1),(1842,'xeUdbPVDqW','icZ1U2tmtR',1400,NULL,13.90,0,1),(1843,'EVbriWIh5C','DEJQs8OEsk',364,NULL,222.84,0,0),(1844,'jTUyUMzNG2','JUcTtKsHNe',1706,NULL,59.93,0,1),(1845,'yP0iGKSN1h','f8aLLwQIKI',1909,NULL,181.71,0,0),(1846,'29gUbXItXa','ZIua4yw8GF',1386,NULL,224.15,0,0),(1847,'4U84hZi6yS','98nNhXk12V',1719,NULL,169.21,0,1),(1848,'p0EGzwjKV4','GtDqrdosqZ',217,NULL,66.88,0,0),(1849,'cxQX381lbp','J22YbnZqky',1079,NULL,240.23,0,0),(1850,'FpDQZlGNHr','bKOtT4lw6W',1430,NULL,161.85,0,1),(1851,'Z6nuUB4e63','smwtE0N9A0',21,NULL,298.38,0,0),(1852,'jCSU8o8SMw','hL6VV4Zgpi',487,NULL,24.22,0,0),(1853,'mMmBlnxLJL','bkwDNqzvF3',1718,NULL,143.94,0,1),(1854,'4OrEEELBwC','d8sYlFl6eO',1106,NULL,110.44,0,1),(1855,'QvEX1V1grw','uUG4aUVTyn',226,NULL,138.60,0,1),(1856,'x9PezTcZNf','03tdJHQ865',859,NULL,270.67,0,1),(1857,'nR9Wy3u4SA','z1KNXRQL6w',147,NULL,142.01,0,0),(1858,'aqOKLeUnVN','1nMRXOTQi2',1173,NULL,201.85,0,0),(1859,'m3x6NxPK6p','K8JQhdvVWU',1283,NULL,267.79,0,0),(1860,'GMoSyIT7w8','HDFqR6Nso8',1034,NULL,247.77,0,0),(1861,'FPn6tWV0MJ','zhfPke8DYa',1861,NULL,95.50,0,1),(1862,'36dccRk1CZ','bb3SWYxFN1',234,NULL,91.70,0,0),(1863,'T4tt9dyPFW','pEZjMMTmxb',378,NULL,31.66,0,1),(1864,'hGot0uya9h','Xfiay1iYuY',475,NULL,235.37,0,1),(1865,'jiDk8HBjOR','XGjNuiEpZR',663,NULL,146.92,0,0),(1866,'N5rqldeQUT','Fz5asHJHIu',1142,NULL,172.47,0,0),(1867,'tMxPtNGHCY','9z9nk9cTC6',1199,NULL,37.01,0,0),(1868,'SjDz74uE0W','9oQFc0TcwZ',1080,NULL,41.85,0,0),(1869,'6uCyXW9P3N','oNrHrAbMB3',301,NULL,126.83,0,0),(1870,'zS3MIj4mW5','XsFoDFGuNC',180,NULL,105.17,0,1),(1871,'M5eJeGNSBe','cCNOiYukwx',1199,NULL,254.08,0,1),(1872,'Jby8NlfgvJ','5E3iwyMcyo',1106,NULL,32.60,0,1),(1873,'lUDBpCB54c','vrwaUG21yr',1612,NULL,171.13,0,1),(1874,'6rQetjvZbd','B4Vxebruer',1982,NULL,52.94,0,1),(1875,'1iPq4V1jL5','bmioAhnLUQ',873,NULL,275.10,0,1),(1876,'Pitjtdj39i','c8N9G3t7gT',1350,NULL,277.16,0,1),(1877,'GwrFkOa7Rw','tOJq02SWPb',180,NULL,75.36,0,0),(1878,'b83pkQy0j1','VnfOsRz19F',1228,NULL,106.20,0,0),(1879,'SXbKsRK92l','56jcYxBXlo',43,NULL,128.79,0,1),(1880,'3JqGiOKcnO','tUB3ggnX6Y',592,NULL,288.68,0,0),(1881,'3JxhBND35P','vc2BWMxFxK',1495,NULL,150.70,0,1),(1882,'MlAd9PwDVh','7snFbdwvSB',84,NULL,81.72,0,0),(1883,'SdtEtJAXBo','EpAzfpBJOT',143,NULL,50.16,0,0),(1884,'6Nt8237kXK','F4LFn6LkIY',1292,NULL,83.05,0,0),(1885,'IX69n03xwq','9quz0wFOO2',621,NULL,235.05,0,1),(1886,'g8csl7BxqS','E33cDq2Oa9',403,NULL,132.20,0,1),(1887,'9hCeu1UBdX','hlhmcoUZ43',1522,NULL,224.22,0,0),(1888,'pApbwIoGUm','Ehsb7XA0gJ',551,NULL,84.28,0,1),(1889,'T8MjT5D73d','M3NoXTBMON',1377,NULL,205.62,0,0),(1890,'G3hb1namTY','MdrmEGMJKI',1693,NULL,274.82,0,0),(1891,'FB1tqrHBTn','dDcDh5rXCA',749,NULL,66.99,0,1),(1892,'VY9zOscQH7','gux7evdVBI',1319,NULL,21.59,0,1),(1893,'iQOA9B1oVf','F549WYTpnM',19,NULL,101.79,0,1),(1894,'4urzHSw3Zh','Z5tF50yrCQ',1826,NULL,148.30,0,1),(1895,'CIZbez1C87','4R06ndcMR8',926,NULL,99.37,0,1),(1896,'rgMcmIIyUy','y1qVgHNXcv',871,NULL,164.78,0,1),(1897,'kFoLLNGKHH','jfcDlSiZXc',436,NULL,294.44,0,1),(1898,'57d1DncS7F','COmOflPjfR',1523,NULL,16.88,0,0),(1899,'az1gTmTG50','qr24XTOnMQ',12,NULL,157.46,0,0),(1900,'ruIhO5YsiL','C7IAvVx91l',1539,NULL,96.27,0,0),(1901,'wevbza05BH','LGZxP8PxD2',1848,NULL,101.47,0,0),(1902,'fm4zubQ7Js','J6vL2QJOCm',1581,NULL,256.84,0,0),(1903,'BACMxZjscf','X7vU1MrOwA',149,NULL,195.57,0,1),(1904,'udi27kPKVg','bCQlmjlXyv',694,NULL,112.42,0,0),(1905,'YlbtWxgo3j','nG9sYBqUrs',15,NULL,232.85,0,0),(1906,'dWHw4NoJgv','N5Q84HQFJw',1867,NULL,52.97,0,0),(1907,'QCIfbxzpr3','O4g48WPZOt',1005,NULL,44.73,0,1),(1908,'vXD4lUClrI','EB7Nr9LkQl',997,NULL,161.53,0,1),(1909,'JgWp6AT5LG','0p2ry1rJrL',955,NULL,189.84,0,1),(1910,'ifRBq6RWo2','zOH9H19lNl',1071,NULL,106.51,0,0),(1911,'y1sfboj2bb','3ET54SlPY9',113,NULL,17.99,0,1),(1912,'2jG8lIjBbY','8z3iZ8YefF',1900,NULL,247.13,0,1),(1913,'TGx3hKA66a','HTAu4ITH4d',166,NULL,75.81,0,0),(1914,'P2Czb6nGyp','cphnSJ1mwy',208,NULL,188.13,0,0),(1915,'8zPi3FYVG6','VgbkyUgrK0',1229,NULL,180.10,0,0),(1916,'qonZKZZNTB','EktidBkq1h',1408,NULL,113.98,0,1),(1917,'Pk7llxgkDU','JsClhEnwpI',360,NULL,271.10,0,1),(1918,'0i14bPZWgZ','OzagmtfDkb',885,NULL,120.31,0,0),(1919,'jO7yCy7EgR','QYZ8bU8YBt',1689,NULL,173.00,0,1),(1920,'dNH3jl4Ysu','AuCwQ1kWB2',1098,NULL,108.24,0,0),(1921,'h0H9q6qFCb','BZwvhbIXt5',702,NULL,281.57,0,0),(1922,'K4vEFEIrrP','iK1yOuBflt',1328,NULL,260.75,0,0),(1923,'cn9Y1qcoi2','4VZ9KIJFAf',1783,NULL,33.72,0,1),(1924,'lASSpJqqJm','4a3K9XkKm2',1396,NULL,156.45,0,1),(1925,'smkthIMEc7','MWYTXYyvYr',557,NULL,107.22,0,0),(1926,'MXbSc2ruUu','ot4VoqZlxn',1157,NULL,177.25,0,1),(1927,'wgzn26I8Si','d6kpgSatF7',1125,NULL,113.11,0,0),(1928,'Pgci2DWhhi','rQ4JuuYSV1',110,NULL,209.75,0,0),(1929,'6WwTdRsVNe','ovxVfxFaW0',745,NULL,202.39,0,0),(1930,'Ejjj3VgALH','PHC6T3QxVv',1926,NULL,24.57,0,1),(1931,'noOVVyO6Nr','c1UM0DO4E7',1043,NULL,240.95,0,1),(1932,'YsJBtiua1f','L5UqIyM37X',1226,NULL,261.72,0,0),(1933,'Ies6WEixv1','RkMMtFEg5j',1308,NULL,173.10,0,1),(1934,'5iT0cEXcGd','RVSYmHIZhN',423,NULL,112.78,0,0),(1935,'nkzaetsMIP','feUgza9FR5',1966,NULL,28.85,0,1),(1936,'rTXsQywE94','zDlT6EkR76',956,NULL,85.57,0,1),(1937,'7kRz7ezxT8','DCJ0Hd2gY2',775,NULL,139.99,0,1),(1938,'rY14yU6JJS','56XbYRY9YD',1722,NULL,267.54,0,1),(1939,'aiC9Ntmt7a','dLUM1cW3Z3',831,NULL,165.58,0,0),(1940,'qp9zOjpDVY','Lz7lncgm4O',45,NULL,291.00,0,0),(1941,'f0y7VwJA5f','AdMw5galuG',1947,NULL,256.35,0,1),(1942,'SXVzl4btQA','71BOa7MKun',991,NULL,291.96,0,0),(1943,'i2vbdl8Mjx','OLuXvBm5km',1482,NULL,194.21,0,0),(1944,'tGbIsU26vi','DhZtBddhtb',1342,NULL,190.30,0,1),(1945,'4Gm5Yx9xGx','cKPLxSVFdM',1178,NULL,272.78,0,1),(1946,'jdUinPzHFi','IC93vthVED',1071,NULL,220.35,0,1),(1947,'BkTf5XwYau','RLI7vU4DQn',1092,NULL,191.66,0,1),(1948,'sHVfudQ3To','ZOaHSSqJj2',1617,NULL,185.21,0,0),(1949,'BYy1cMaE8b','KwpkBdCZol',175,NULL,166.93,0,1),(1950,'HDLq1AKh3t','mOG6yJPpCz',794,NULL,218.47,0,0),(1951,'bhwLa0qXee','gwvBTOb4F7',1585,NULL,94.00,0,1),(1952,'97sORCA7W5','xMv4jGIcnS',647,NULL,89.95,0,0),(1953,'yOwVyjdzIs','KUg6WJUQYO',1296,NULL,237.85,0,1),(1954,'0XejWJ14QK','JICLONtj2G',1077,NULL,275.79,0,0),(1955,'DGYzBz5tjs','eS0v8nZx8F',1067,NULL,14.24,0,0),(1956,'kV4sZP0MDd','I3Q1pF29ln',556,NULL,229.01,0,1),(1957,'ZN1rbcWe8d','IIHsg5OlD9',1361,NULL,228.48,0,0),(1958,'bbj03RAml6','xb4Cgw0r6G',1757,NULL,126.21,0,0),(1959,'QuGbXt8Zmm','vxSEf1b8MM',263,NULL,242.85,0,0),(1960,'gnrU3v2JBD','2hyO1gvhwC',408,NULL,217.22,0,1),(1961,'E8GmXixQwc','158gqGv7G9',974,NULL,240.67,0,1),(1962,'3yIel5SAk2','9VR59XrxY5',200,NULL,124.76,0,1),(1963,'afDrZpHo91','65dGm7zu8I',966,NULL,203.72,0,0),(1964,'L6m8kqbOuO','H2OTZVD2YT',1067,NULL,223.47,0,0),(1965,'VwlTtlMrqP','NNOxV4fBdk',342,NULL,96.41,0,1),(1966,'h9oAW2hzHV','QNrCeflkWN',655,NULL,24.80,0,0),(1967,'UfPSUYScuN','h2ZL0dZohb',1492,NULL,293.97,0,1),(1968,'eQsnLHpqnA','mu3cpgSjf2',1305,NULL,207.71,0,0),(1969,'VxNH5IgS4F','TRfV2wZ1zD',612,NULL,200.57,0,0),(1970,'KRgwVJPGYV','fKWC216fnh',1371,NULL,166.15,0,1),(1971,'RXnf5XsOII','1tehNrIU4f',143,NULL,60.05,0,1),(1972,'tH3OBwVl9F','ZruxAChViu',179,NULL,186.66,0,0),(1973,'Ec1V8Hgoom','iXYIWwKG1j',1716,NULL,267.78,0,0),(1974,'YHzrMeXLL4','5KZl0JspLU',475,NULL,272.75,0,1),(1975,'3i4fE0iMY1','xddDbzUW8b',1672,NULL,130.76,0,1),(1976,'w5piikkOPb','Iv1gUp0FC1',652,NULL,218.75,0,1),(1977,'dC3yn7kUTD','WlqcfMDPKq',1712,NULL,132.95,0,0),(1978,'x90qyDyq6W','f13i6OXNPo',1601,NULL,79.33,0,0),(1979,'obXs58dR1a','lWR4q5IQt7',1768,NULL,195.60,0,0),(1980,'HCXkHP9QvL','6EJTU6RxIE',1485,NULL,253.85,0,1),(1981,'axuhnrml7C','GYlOWwkRdD',648,NULL,171.85,0,1),(1982,'AjQqPo0GsH','ISZS1PRGCJ',280,NULL,186.42,0,1),(1983,'tduhEDWBNd','rTSeCsFYRT',538,NULL,158.00,0,1),(1984,'11uct8ZsVQ','lb4NOBGybQ',378,NULL,284.07,0,1),(1985,'yrnz0puk7j','FTfa6hPfSd',1924,NULL,22.29,0,0),(1986,'kMOM2k9Ub5','3QO4n9MdaS',92,NULL,88.53,0,0),(1987,'JHHvJTpgDw','RF9rHpcBb3',4,NULL,243.85,0,1),(1988,'RDRz7ScVSX','kdzN9DrEO0',1373,NULL,68.53,0,0),(1989,'2wYyrmd4MQ','B9gT201J1q',165,NULL,116.45,0,1),(1990,'bSsCUszxGg','pBLz3r8qrx',1566,NULL,213.66,0,1),(1991,'kQvui2eAF3','nu5AAkvSeT',597,NULL,210.96,0,0),(1992,'DBK9kwcsgt','FpB0Tq6EgH',1516,NULL,32.13,0,1),(1993,'FWC13O2KRo','I1wZIlnOFs',601,NULL,58.80,0,1),(1994,'SS3y282gS0','uF6dlbumDK',851,NULL,262.88,0,0),(1995,'XVMRIUGQ2r','wQQTMhIJJH',1677,NULL,132.80,0,1),(1996,'CciJWkKiut','Uq0nanxb7e',1768,NULL,283.18,0,1),(1997,'iwPkNEOg3X','yyhrxqKzOS',955,NULL,106.09,0,0),(1998,'QDx5ZKveuK','Nyxl8nq1yn',1128,NULL,106.33,0,1),(1999,'sX7lWtAl4F','WC8SknfcvR',1041,NULL,283.15,0,1),(2000,'sOjNsU8NKG','qbqNOsJ8L2',1189,NULL,223.26,0,0),(2002,'Heavy Machine','Bobcat',1,23,459.99,0,1),(2003,'Heavy Machine','Excavator',1,56,734.99,0,1),(2004,'Power Tool','Dewalt Hand Drill',1,12,19.99,0,1),(2005,NULL,'12',3,NULL,34.00,NULL,NULL),(2006,NULL,'aaaaaaaaa',3,NULL,69.00,NULL,NULL),(2007,NULL,'jpeen',3,NULL,69.00,NULL,NULL),(2008,'handtool','screwdriver',3,NULL,15.95,NULL,NULL),(2009,'fr','bbbbbbbbbbb',3,NULL,34.00,NULL,NULL),(2010,'hardware','drill',3,NULL,10.00,NULL,NULL),(2011,'','',3,NULL,7.00,NULL,NULL),(2012,'','a',3,NULL,2.00,NULL,NULL),(2013,'','',3,NULL,2.00,NULL,NULL),(2014,'Drill','Hammer Drill',3,NULL,119.99,NULL,NULL),(2015,'6c','menash',2005,NULL,120.00,NULL,NULL),(2016,'Heavy Machine','Bobcat: Track Loader',1,301,375.99,0,1),(2017,'Heavy Machine','Bobcat: 4-Wheel Loader',1,301,299.99,0,1),(2018,'Heavy Machine','Bobcat: Compact Excavator',1,301,579.99,0,1),(2019,'Heavy Machine','Bobcat: Large Excavator',1,301,899.99,0,1),(2020,'Tractor','Bobcat: Compact Tractor',1,301,199.99,0,1),(2021,'Drill','Compact Power Drill',1,302,21.99,0,1),(2022,'Power Tool','Sawzall',1,302,29.99,0,1),(2023,'Power Tool','Skill Saw',1,302,44.99,0,1),(2024,'Hand Tool','Wrench',3,NULL,5.99,NULL,NULL),(2025,'Drill','Dewault 4000',3,NULL,5678.00,NULL,NULL),(2026,'Cute','mandude',3,NULL,18.99,NULL,NULL),(2027,'cute','ah',3,NULL,60.00,NULL,NULL),(2028,'Test','Testing',2009,NULL,420.69,0,1),(2029,'tower','tool1',2005,NULL,12.00,1,0),(2030,'Cute','Whats up cutie',2011,NULL,80.00,0,1),(2031,'ds','Hello',2011,NULL,253242.00,1,1),(2032,'','',2005,NULL,2.00,0,0),(2033,'hadn','yeet',2005,NULL,34.00,0,0),(2034,'','',2005,NULL,2.00,0,0),(2035,'','',2005,NULL,3.00,0,0),(2036,'','',2005,NULL,3.00,0,0),(2037,'','',2005,NULL,3.00,0,0),(2038,'','',2005,NULL,3.00,0,0),(2039,'','',2005,NULL,3.00,0,0),(2041,'','fr',2005,NULL,3.00,0,0),(2042,'piledriver','andrew',2005,NULL,420.00,0,1),(2043,'power','andrew',2002,NULL,33.00,1,0),(2044,'Type','Test Tool ',2009,NULL,69.69,1,0),(2045,'Test','Another Test',2009,NULL,47.38,0,1),(2046,'lololol','adi',2005,NULL,234.00,1,0),(2047,'rock johnson','dwayn the',2002,NULL,0.00,1,1),(2048,'rock johnson','dwayn the',2002,NULL,0.00,1,1),(2049,'','',2002,NULL,2.00,1,1),(2050,'Nuts','Deez',2009,NULL,69.33,0,1),(2051,'Nuts','Deez',2009,NULL,69.33,0,1),(2052,'Nuts','Deez',2009,NULL,69.33,0,1),(2053,'','',2002,NULL,2.00,0,0),(2054,'Of Deez','Nuts',2009,NULL,69.77,1,1),(2055,'Of Deez','Nuts',2009,NULL,69.77,0,1),(2056,'Of Deez','Nuts',2009,NULL,69.77,1,0),(2057,'','',2002,NULL,6.00,0,0),(2058,'Who?','Candice?',2009,NULL,420.67,0,0),(2059,'brown','anuj',2012,NULL,0.00,1,0),(2060,'Nuts','Deez',2009,NULL,69.69,1,1),(2061,'fighter','wetmop',2013,NULL,30.54,0,1),(2062,'sdw','dripCollector',2013,NULL,800.00,1,1);
/*!40000 ALTER TABLE `tools` ENABLE KEYS */;
UNLOCK TABLES;

--
-- Table structure for table `unavailabletools`
--

DROP TABLE IF EXISTS `unavailabletools`;
/*!40101 SET @saved_cs_client     = @@character_set_client */;
/*!50503 SET character_set_client = utf8mb4 */;
CREATE TABLE `unavailabletools` (
  `ToolID` int(11) NOT NULL,
  `UserID` int(11) NOT NULL,
  `ReturnDate` date DEFAULT NULL,
  KEY `ToolID` (`ToolID`),
  KEY `UserID` (`UserID`),
  CONSTRAINT `unavailabletools_ibfk_1` FOREIGN KEY (`ToolID`) REFERENCES `tools` (`ToolID`) ON DELETE CASCADE,
  CONSTRAINT `unavailabletools_ibfk_2` FOREIGN KEY (`UserID`) REFERENCES `users` (`UserID`) ON DELETE CASCADE
) ENGINE=InnoDB DEFAULT CHARSET=utf8mb4 COLLATE=utf8mb4_0900_ai_ci;
/*!40101 SET character_set_client = @saved_cs_client */;

--
-- Dumping data for table `unavailabletools`
--

LOCK TABLES `unavailabletools` WRITE;
/*!40000 ALTER TABLE `unavailabletools` DISABLE KEYS */;
INSERT INTO `unavailabletools` VALUES (4,954,'2021-12-13'),(15,161,'2021-12-13'),(2058,2011,NULL),(2,2013,NULL),(2,2013,NULL),(4,2013,NULL),(4,2013,NULL),(2055,2009,'2021-12-16'),(3,2005,'2021-12-16'),(5,2005,'2021-12-20'),(6,2005,NULL),(2,2011,NULL),(2030,2011,NULL),(2030,2011,NULL),(755,2005,NULL),(2042,2011,NULL),(2042,2011,NULL),(2043,2002,NULL),(2015,2002,'2021-12-26');
/*!40000 ALTER TABLE `unavailabletools` ENABLE KEYS */;
UNLOCK TABLES;

--
-- Table structure for table `users`
--

DROP TABLE IF EXISTS `users`;
/*!40101 SET @saved_cs_client     = @@character_set_client */;
/*!50503 SET character_set_client = utf8mb4 */;
CREATE TABLE `users` (
  `UserID` int(11) NOT NULL AUTO_INCREMENT,
  `Username` varchar(50) NOT NULL,
  `Password` varchar(50) NOT NULL,
  `CreditCardNo` varchar(16) DEFAULT NULL,
  `Address` varchar(100) DEFAULT NULL,
  `Rating` int(11) DEFAULT '3',
  `TransDone` int(11) DEFAULT '0',
  PRIMARY KEY (`UserID`),
  CONSTRAINT `users_chk_1` CHECK ((`Rating` in (0,1,2,3,4,5))),
  CONSTRAINT `users_chk_2` CHECK ((length(`CreditCardNo`) = 16)),
  CONSTRAINT `users_chk_3` CHECK ((`TransDone` >= 0))
) ENGINE=InnoDB AUTO_INCREMENT=2014 DEFAULT CHARSET=utf8mb4 COLLATE=utf8mb4_0900_ai_ci;
/*!40101 SET character_set_client = @saved_cs_client */;

--
-- Dumping data for table `users`
--

LOCK TABLES `users` WRITE;
/*!40000 ALTER TABLE `users` DISABLE KEYS */;
INSERT INTO `users` VALUES (1,'Company','Password','6489594603329302','COMPANY ADDRESS',5,0),(2,'JnvwSWzbJ9','GgG86OWkGY','0585282162769009','PSe0UYt34DDAyCeYGTcn',4,0),(3,'btbZgXeM0e','vo6omgGuCS','7995730866047914','XJnh0InS0OLLGi86yea2',4,0),(4,'AI0YPkX9gC','kvGQ54pcas','1886356771213375','0gnnnQAf0kzMYkmTL83l',2,0),(5,'C848fBHdpz','D4wryKmGWD','9557001064066393','mABEsR4lBfiekzx9wIfw',5,0),(6,'HEbpWRrpP5','qpRNk6UZR5','2638334066014847','tS9EyVaWk41MXP4SmnOh',2,0),(7,'GZuYaKM28o','uL5KoZRceM','6690375813645270','9T4LH9PqHUOgNKen97PQ',2,0),(8,'3KiGFNuugG','siDwGYJdMo','2925931255095716','Qk0chZVGijysCdRvLODG',1,0),(9,'hM8Ewp06N7','Jp7bH5IBpt','0802224752586957','zABTwnh1i4ERFqjEJrwR',5,0),(10,'lzaZmTAS2R','mug7T9xjCJ','1674871114748658','CxMopuyeXN8N2XpNY89e',4,1),(11,'CirNfkH5SO','FVLm4nVOi8','5866385747575879','iJJpXcc73unmhUTIKxQU',0,0),(12,'c4CXn3qJRX','JqDM7nzwU8','3391186728004021','Jh5fuI5b0TTbnNfjNDrm',4,0),(13,'m3CLa6528o','udp7EifjI8','2442371551933165','9zInVegzsg6bbrGZ4hs5',2,0),(14,'uGMlFvYTKN','JvrnSfS1nj','8340449660098029','EIebEkvsq51asJc7ZjS7',0,0),(15,'Ga0YVhoK0x','Dd9Ltfl0kV','7544578178030372','r6UiNWV50xsJhOHUg8Bv',2,0),(16,'Z73NZ9Phgq','jzuVFnJROL','0087331353353704','g3qijQSbSBRTYAt7GSXV',5,0),(17,'eliMteuowu','Hv4toFbBzd','7580562901850168','t5FGMO0P2acGSugxyn4Y',2,0),(18,'I5jsebeBD7','XIPAas6YH5','8469750942160880','jTukgytzsAKeFlgpuagl',2,0),(19,'jWEdmJ7WjT','n9ugdbGMJX','1973740384040995','pbHWN8Px8uqjKvAL0ho1',3,0),(20,'MMEKDVFv4b','UCDBWY0trV','4013730320790655','HbpONAwCEbhWxyJF8yC1',0,0),(21,'7bAu1G7KEB','TGHYtZUp3x','8683999893110712','RarzdmJkw2mwXfuGd1sz',5,0),(22,'ePMB5BTwxS','xwcTwWmLWn','6052727504760443','ZT0QUzaXfOScd1f6yIue',5,0),(23,'UIBBU77A79','b0kBwuYAG2','7602756360902163','3FdU0ABVu93IkYM967v9',4,0),(24,'VyI66SE2RB','dkWEerLGK5','4065717863077440','YYzWkJzrPSU7aOkFvFuc',0,0),(25,'nCfJFmbrnF','pqXKJVq0UE','7242013794042621','2qcq5A3RSYbxcVsfn4mN',1,0),(26,'jv4om4xJLC','w8OPdAePQT','1419275447737416','eaIScSEvW4DIPNUVVwrq',5,0),(27,'5d8hhuqqHT','LomHHYrdI8','3925729959215333','r4fpNXh361VcxOADjFoD',2,0),(28,'RVzbB2dafJ','iB6IhZD53C','5116313344826963','HICzNxlX4gdiGvmiPaQu',0,0),(29,'xciXvs7fGq','N2213ZoZEL','6552031286204355','4s3U3fROHGfMpwhlnep7',0,0),(30,'nwx8waymD0','7c6MQ5tSdG','3144452284127420','MflKCweODX89M9iFVqYo',1,0),(31,'bTEi4BRXLW','yX1SXKk0Dj','0825914286296325','GrS4BlDGfveHqtojwFg6',0,0),(32,'DIfxwAYvQC','4oYeUsmQnn','7707969468925347','1q0gA38dHqzgVZRjSLX3',5,0),(33,'rO75u4zTzp','3ItEfVbv66','7756191289203975','JU2SYWUCFe69TCiUi1Pd',1,0),(34,'QM5JJdKheF','YBbftiJEWM','6078739029446400','r2Q21HlT6AN3dDYhf7uu',3,0),(35,'4BomaTWOHW','U375v3ivU2','1268469013346059','bIZ7k2DvKnlgzYWo17Qh',0,0),(36,'CJJFmYA2YL','sSKoQ2YpWq','1005536699470007','t2A4Up4o7AQuBsfPhr13',5,0),(37,'96MRD9egM0','Ic5oEAuRKa','8080437034320436','73M832RoJnzId5X2FffO',0,0),(38,'LmLGbPKY6n','YOM4wIdv54','2506961309549554','pA3oU0nyEUf6Rj17nUzA',2,0),(39,'Zd3Z8uGPgl','thHMz8P1zT','5261501914223799','fMsPgurstGDlKEeQokvL',1,1),(40,'Lw3SVT6eht','oNvhHzwsAB','8041250191477189','5KgOQY3KsPFRxjYrltwB',3,0),(41,'6tXRvPZqKz','aWIiYhM1Bv','0997682889601672','eX7ihA5lHpTN7xOS1T12',0,0),(42,'Wp3AzO8kyk','51uJ9cnlTV','5516420288767672','OrQSpMcO8vq2UhpkIheY',2,0),(43,'nTNH6JWKaV','ABRtP0XNwR','1331595393090092','dxE6zDxZVQYtLQ0ARm0b',0,0),(44,'aal77OrTNy','1Md7YDcJns','1209734512846140','NV4XqBDcc2xLNGQyvvc6',4,0),(45,'UUAb4DIVNi','WGdPe7fyKi','8999036936982552','Z00AI55WgyhsWSkakMmJ',3,0),(46,'WvELQrF99w','PtZU5Cg5fg','8585321742820821','yuCbkblZuLlTggqHtZoB',3,0),(47,'cJ2BDrnJ45','AhDeRufS3I','2591061568882019','cBgt7xAC02qLsnAAfDWc',1,0),(48,'1i5WPDHQ0s','OtqHhlt9qA','7481307774004569','RbgcWLcgenxLdngkbx8p',0,0),(49,'ehACvENrZV','EetIG1qbOx','4386933202325640','B1Y2GxfVAeC77pImO2FM',3,0),(50,'BkrUDRCHZG','OAiOlJKFoE','7855206185722988','d77QVe8YhDw7ePcmUhyI',4,0),(51,'GsZRU9HQ6H','3vMeMpnqaf','5380927452829310','3D57d1ZhgzUMpJjTxOfn',0,0),(52,'2u0yoMB8K9','aRbffyIHrC','9008102391332475','9ac2U9G4814gUbCDxzSZ',3,0),(53,'D5tNimz3Xc','I5TcZ5eO7Q','4375615926447576','fTlwt3F9TRoxxW88YgGb',2,0),(54,'jCuDbqgSrF','uE4MpQOVIU','4008817740960376','Rc3wCrbfGFznjAVFCG4y',0,0),(55,'yFfZPFLI03','tQGocJ8kSX','0730473908327114','asoLQTMmL8HUrfyDXhpN',0,0),(56,'suA70GG1Pn','TQZJiETqdU','0713196257468397','RQOvpx7cpx3g69HyZenZ',5,0),(57,'6LyvshKZFq','jR8IA3rLEt','2763614192440981','Mw0fNApBikt4aAlXh0rk',4,0),(58,'tu82A17IEH','nNB4TJt73J','8593673191929284','uJaKMlf1Co7tSB4djIrx',1,0),(59,'HoZvznsccp','0V8it2WVzi','6685991433458131','6wAdetJa9E6uLblxIq9X',2,0),(60,'OYQgb2YH22','uu5xX5Gktv','5105221438801536','6fb6Bl9JRkTYZEEhBnjb',2,0),(61,'ixK5lxKnBy','vMmnv73rNK','7824880102991604','lrEL21zN7pF59BEPNN5c',4,0),(62,'dLXK4Ce9aP','Nm6h0HekBK','4802003820736975','5AoVm4LWxsEMSGnVChwH',5,0),(63,'bReZUddkx1','1ceetxtJru','0229559211816438','sbnenRivuZCvQOD4Jap8',4,0),(64,'RJ4J6F4zNq','lUjNlEOygd','0530794866657777','NjhdG5tYcUYGzQzBY7pk',1,0),(65,'eUUgw1a0pc','a3cgmIsdo7','0372943860191027','Wpgh9tcmXGikWPYIIlnx',1,0),(66,'nn4aqMo3rL','YCVaTxyyI4','4314569523935277','3hDHwK3Z4eJL733dkDRx',3,0),(67,'EEPHsfmZAK','8pekBUPBzq','3121979769148890','s1vOJiFlhxqig3qbyox7',5,0),(68,'dObrqeaBxN','ZVdWcCsN2Z','9279016659670635','DNDwk5goxDwHNSkdSz9t',1,0),(69,'1KT6TkUItU','rQFyF9looT','8228008719053852','HAYC1Ny5hCUDekAyq3Vy',5,0),(70,'xStr95308F','m3My543545','8738109520330837','LhOOMcTutnyclFWE0D4d',4,0),(71,'ZObYIdBth7','BXhFM6GcsR','2498228290286202','cRHAhZWcFVpjWUOMHaKt',0,0),(72,'ErxUpEq93S','d8oYKH5Mem','6460647234261198','swTeGlSKAUVmpBnCLeLF',5,0),(73,'ezyfExfRae','BduwhJZVDy','0576259394686862','Mg8EuL7Mt1PrdoWPE9ey',4,0),(74,'rbsHP6qQXW','WhtvZHcdCa','0350487870477663','C1pKOUgvlt472W4tgZtP',0,0),(75,'wATXAJUFZ6','GvZuEWD4R1','2998222882945470','1mbzydVGd0umpcJWEZvL',2,0),(76,'t6Gp4vj79K','Ieqkvpfvw4','9366795227634152','6ITRKLKa7pUvLXCeyOxv',1,0),(77,'TzBdOKtCQr','kqdGK91vmM','1445306350588824','TpLdAhIzvKsUPDtluY7d',3,0),(78,'y6dGyQEfVL','gRO7C3X87V','2123378884728527','WEebi7TrUS6ICxyiAEs2',4,0),(79,'HVLQNMgHAe','7WeEsaThzp','4698953278018798','SvmqhUDW0wji8Kg5ynLr',3,0),(80,'wNeyn6W6ey','yzAJ7tBZqp','7831391253206013','uJqPay0zf7GEg6r1RIzk',1,0),(81,'ZP8k2voiM4','gj8KQUpf6w','8055558278077499','BXMK5pe4fDgp3w9rvXfc',1,0),(82,'HQqDThxJlg','1eRDtXvVH8','8924671091416169','Wqhahqw3PowK13HDnX4G',0,0),(83,'xKQgDN4k8g','Yhx97SCW7I','5505293156832037','wFVqjcvm8bBh8l2tXMiA',1,0),(84,'ure1Z3JHLn','HFA6SSh0Du','3398411584683678','ayPMix4BjnOLwTwfNDg8',2,0),(85,'VhoyQDVSUF','8Fplz9fQOs','5326687101114700','SEy21JvocjiOzThES0Bi',2,0),(86,'6ltsFG1g5L','moeDSHmb73','2033996048450061','DsBbNclTZtJd3VJKmE36',4,0),(87,'s8csJT1dLL','ubxJzJ5jtZ','4620768666591754','nMHx7DlWD8yAHmRlsv0i',1,0),(88,'zkLhVBNPGf','BbeyyppcgS','6766526659960212','tO717kkGOXciVxzcu5a8',4,0),(89,'MtKePC19tR','D0Y0YStnKP','5928052429443638','a5jZ7cYUDoMHWYPUEeJU',5,0),(90,'m5PopcFY5g','n6kDqKmPma','0721144325795238','7JFoSuMB2zT0fYLjk8G2',5,0),(91,'PTwGPN0kWL','iTDkBEXe2F','4941211825087155','KaIMfTizdNv2ZREp8Qpy',1,0),(92,'n2LFRthv8b','Sxd1n0t6yv','0556951105566393','bWpaw1Q0MRgMZ01dvWkh',0,0),(93,'WhcYxApT5x','dAaeRpG2fb','8159882265720442','87pnPaXjBuEYmtwtnCCB',1,0),(94,'Ym2tlsAbAD','WrmyDxJVs0','9679413492330947','Y7jNzseLtC0HW4aAuL7Q',5,0),(95,'z76LyCViBc','OF15dTYuDQ','6985205110490684','W4hXIDvgkTsfr9SPq39k',5,0),(96,'CIXVfCbSNT','NZEZTF9hI1','8976588016042356','L7OURdVdM3mnJiUYluUm',1,0),(97,'pxtnCCEq3J','OJxUhdvOxc','7411891279526479','ddHSWBNfP3ZhC0FEYgrZ',5,0),(98,'LXlrBshiWV','p1StNnZElo','8435105923119301','azHOVyRPwjWl7QgVnn0c',1,0),(99,'pVAsYkNtfs','h33U9d1D5T','2261099283411268','nKxZU8mpiA04tb8tNLVO',0,0),(100,'38uxrkZ6r6','ST1XmyCcYQ','7650220582811013','jOMiQtFaaI4zpDYKBXMp',2,0),(101,'KaNq8GGFcd','uI2M1ehNi9','4188210434334887','xvUqv7TRrIblPzcMFrQY',2,0),(102,'GHuwAEWWMl','4xmKdbFRQA','1166819456299265','Ud4QNzfXgNRTn2aOInjE',4,0),(103,'FhgKr0v2yu','Z4g73hP6H1','9050610669641517','qvzAuQglkpFGwZlVoDba',0,0),(104,'PnGZOdvrR9','L3PmgVAaYm','8316990623192091','JRFPDPosWHoPxTpEUIYm',0,1),(105,'l7zOGp2GA7','9kuWcXQ1iu','9446197722474894','20kNtqvg8z3Ja8flTXwZ',0,0),(106,'pFjG4Wzlc0','2aSsMVkfuW','1391351109286878','j28BOPu387jKLwb6tRX4',1,0),(107,'HtAeKMFChH','792YndeF2f','5730173350162183','BIkonngoPuJs0tVMF82i',0,0),(108,'yGnF6yLTbh','hx3jK7DR87','6902431087601120','8MIKBizI2BqIexIXCur7',0,0),(109,'T6fBzre7Cm','L7nj0LDiuz','4468308722310418','lE0x9qOjSjBPEujQBX45',3,0),(110,'wkNDjkPSnu','C1JAyCV6AQ','5090867472034091','EdRg9uL57b5zMp5wg0hO',0,0),(111,'mSCoAiKFQK','L3lKYIUR8j','6302628572446306','uCcrL4uZCgoVheCYBRWu',5,0),(112,'A9Yk6OcsU8','y447pRTTSz','4245897976712079','OIQzXh2BIzUbwLAWPktD',3,0),(113,'gIgqDqVl3J','Qxwbar60CC','6996835373597369','MPsyM1RzxvpcsRgJhufR',4,0),(114,'CwFjB8Lyxx','wiVapPbXcp','9039655746375531','Xx1YEXrRt2opakv7D85A',5,0),(115,'2asR5Pu0oi','fHNbmVlAOa','2074054487732270','ijqzSmSxXqnXSxFE6N5q',4,0),(116,'pnoQakB0V0','Yo4AiovZ5Y','3694791877091784','ojWX0kMTH44sEiFxadoL',0,0),(117,'dIzdE4lJue','DWwtkfL6ru','1080763358211181','BfHW4fe8wUW0jMSqCgC3',0,0),(118,'g8CnIQVVZm','TQ1i3B3pBY','1415468016488162','o2j0WE5RwuGiZCGXPOQ3',4,0),(119,'ffyWhvQqWY','iMX5u7TpWc','7535625647372046','gWlS2HQE1e3M4G7nZKAh',2,0),(120,'AxU24VM3NW','2dq3Pi83I0','2762409310335234','hcH1FP3bvYpjT1p8RjCi',3,0),(121,'G2fwjpfT0T','gKc3UXjDEs','0373289453878185','wLRKtrDqkf7FHeB6UMoI',0,0),(122,'RLXG8jhhAG','eWulcH5Eu1','2692672452127797','jOhLhzUbEYRElVdv8ok6',1,0),(123,'i0xfISRijY','A1C2xQHViS','8210237055655642','D0CKgt7HsedriFGNJlf7',1,0),(124,'LgrKHhbzwN','Qtq1Wxa9br','5469131865310152','8RIIBveiNfYtV5rbUrON',2,0),(125,'vVZLrBi9WZ','QuFA6t63zi','8686983696616095','z8vpBt96fBVPoypUcIQt',2,0),(126,'j92Fq45R4l','VIKZn88Nlr','3059618683803394','PML9iLqqeTeZBzFPWIAU',1,0),(127,'ZS9Gpzf5PW','ddTDlsPtBu','9121276490629356','4wcesktHVuNnOVsqRxRr',2,0),(128,'TGe0bUgVyC','SdTogBqjVb','2297504178842195','3VRJMeFTaz6D9GmVEdgl',3,0),(129,'TnJmzvsjQ3','xLTEDxyfzy','9109475617636189','ESpXfZDeXTXBGiKkZoIY',5,0),(130,'2ba3WPotlE','62kSTnqkxm','9111684299563395','D2wc3qdZasaIKWWoHGrd',0,0),(131,'eDp6ESYXPS','qoB7Z7zYRS','1373352609420867','SFX3ZMckcVub1fFc5hYZ',5,0),(132,'SHCQ9jzadu','NlD1EX2vlw','4682810872950402','f4P0r42rO0EnL1GEMt4X',4,0),(133,'baSkzYOJnn','HJ5StgM2yv','0657161465352966','XcHIgSqNPRMTLYihmAoM',5,0),(134,'vCnSLSzHYy','BZ3R05yAK1','8629142422487900','SnNHiy4uQpkF0pq5GC08',1,0),(135,'G4HPR5C3jO','zyWVNYu4L3','4969030998902573','dxRW6Cg10CsiVMUEcjKP',3,0),(136,'BAz2v46TgU','YxdbYdKlW4','6233026085886784','6XS7ZnWtrXMXy0sGzvSj',3,0),(137,'RRcSGm1Qui','Lf1W8rSJy1','3807249295117433','eLRMaVWCtPB2yXflumZW',4,0),(138,'jmdFY3OJZg','mhsFcYX6BT','9343548009945253','83nkd1QoCn1jvf1Bl3s6',3,0),(139,'J22lUh3ZNM','wOSshn3Xka','4212930338966463','SrUgy4fILII7S7hqTMTa',2,0),(140,'fZKnEyD41v','jq6fDG5uM8','5420510952063488','UQ0ziaQzViRL3D2T2aty',4,0),(141,'X79TIWZnme','o9jkB633Gm','8404661716383292','ZFawJd9b7cvkn1MIXoKk',0,1),(142,'VR5YBMofeI','XvNuBBSLUJ','8551480770870260','EaAJ3Zi5dM9RZfUC11e7',5,0),(143,'QOoUNEu3wR','8hyKP7wGaW','4013458939786202','PtLCdOpVeHIx1CUnSkWd',4,0),(144,'VW01FXU2iM','y0z4g3h3Jz','4177801768987387','pHGOXLNQkLTFyYmbdL95',3,0),(145,'r0jXrozg0E','397jVXHFTq','1598082509317042','EUtSSke48oTak5wviftx',4,0),(146,'JXfD7Yjy1K','xvMQpwLj6F','6852612908234105','ciTnSSSYh4pS2Ihw2Dht',4,0),(147,'spQloIXSgV','JHeDkks8cc','7983773460483272','LLBOobeBYUDfVnd1Dkhv',1,0),(148,'OqSqn4SChe','t4OC00Pusf','1049292058431138','KJxoG3qVazQgb6FdM5xG',5,0),(149,'545GcI7vhV','5rFsLJDqcv','6945762604515187','5Ud9nWM9KKxucXxeEsik',0,0),(150,'8MP4Kkg9e1','E0DENHXc1l','5655689838029800','naoS0tNvpR1HsnKqdAn5',4,0),(151,'WdkfGTsznJ','32tNfC3Qla','2889664932255775','ORzt4KrQ24UDG1u3Ofvd',5,0),(152,'4yXiTRa3zw','0n6cjEaK09','3034159620871981','6ul6EabAdXBJ4mij4ZIX',1,0),(153,'3uMyMOabVq','fVWkNAzhNE','8205500965648820','Al4ceMOWbcmKE6XAiTx9',2,0),(154,'xjkKMB55HM','Tjb1b81VAh','0732310081481128','MdkEkp1qUz6BsTZHjGt1',4,0),(155,'HT2NmQv6sH','lAN9Ik062m','4923675041423487','82y17vl1Qs2tD5vYMQ3x',1,0),(156,'kJKjVKHfGY','Foq1s2ysDq','8262267360139648','SOkToanXGXF5f62p8ZDV',2,0),(157,'KxZ3ImBqsE','uMsSL8guYp','3622136384183895','wSQwIX0RdLIuNTcfZfGS',0,0),(158,'XXFbsZDNd1','AINaghsjHd','2599473882586234','sWcQh4mraVDuX0SoSkFb',1,0),(159,'LkOHwhEYIC','CSB93gDKs6','5376673934978176','9Kzg6TxNWoppVZMMFkiY',5,0),(160,'kdg2EuJDI6','jsWhY35Nj7','4222225822006887','MXcDF5mkR7p77TFRy4MV',5,0),(161,'mAfCIi8jlX','1j0o9pEEwD','7266554626038669','We8rn2AuRB5yPHmg4qBH',0,1),(162,'0md7T2RxiV','uWfQUMFODr','3854611332670969','S6tRPwgBPACn6s8wU4eK',0,0),(163,'Gvet21DPPB','rrFCh1A73E','3033476572484118','5C5lPd0GGOB3TuPP4Dvk',3,0),(164,'8m30t8oC1e','aDMf3zc4hg','2343060523796583','sytPfVU2gFVeZT6J40pR',4,0),(165,'zkw9hxyT0q','YSXIOKEAuD','3837372096529129','UbQU1cAkRgRtAo34Mtf8',0,0),(166,'WSbyFM4jKY','z4YMympI7G','8330653044752867','99VKjCQ4ENucyEOxyn8V',3,0),(167,'ywAzhF8C3C','MKizypw70U','8079238943318124','2h9m4IpAvupDIVvsC3fD',3,0),(168,'8pxcmxfV9e','jKJSqJWzmN','3128119002075657','2EYCyjUTENjHi1gZSE4M',2,0),(169,'3xYr3NS3GC','I9e8IEo7LX','4668351121543062','70neuQrOBuQO3EBoLi3T',1,0),(170,'azP5m8fDYH','Ts5ZTQWCtc','5725769196212274','DnjsoTRRxYOMtTnnIp2b',4,0),(171,'Cr6r7BZNnk','7dm7JKAPl8','7455425650786330','X0G38SRBgZsqDVFvrxfS',3,0),(172,'lL2LziKVuM','Um6vyCOP8i','9014937212102213','5rYUW9STGihSobsBbIv7',1,0),(173,'VdQCOdEZc6','5caibMokc0','0313451435473200','qX9pLXaopLAIKA6n6IOK',2,0),(174,'ZUezd0Uppo','FN9wYi0hum','3793714763569653','Ebqyx3kzZE261MB449rL',0,0),(175,'li1ZUAZ1U0','4g1IyKenLc','1697373362768024','HMZQzoQ8PxYeoMNzRYNK',0,0),(176,'GPpXkMW097','3pRZDfpTTA','2317249807788591','Cye1L7ppjBpB3dJWOiBJ',3,0),(177,'VEwRbIeKoJ','apDHfCZSKU','4786000947877127','LwezHYKQPx4YIOWh7dbS',2,0),(178,'yM9hQdNOj5','zCBHvVUtOD','7250378502610468','6EcHl66XSDNWF9bTqgxL',3,0),(179,'VI0JzDiiCN','M6Ee15wKJ9','2291146610358025','6NPGjTRK5UElFoF8R4cZ',3,0),(180,'c3tS4L1Kc3','yH32fzIRrT','6560241477158991','Etjl83OdLtzlRIHfrDtZ',4,0),(181,'qx28S3Rot2','UDbU7orScU','5965594094860614','AUgcwAeuKJecnuBLA9h9',4,0),(182,'LfwkoyjZNk','J80lNBVC2n','5855728662358156','XPDXSVsX10aoeeCGDHfS',1,0),(183,'UWpF2xVQgP','rzeqYNCqEb','7617904633668005','E55vKeZG1MvKBDOUYsQa',5,0),(184,'6APOB7M6f4','ifNDqYXldt','1582068256223302','Ay9py3IpBHUSimhMyz9l',3,0),(185,'er9a9GIkgU','3gkQkTvE39','9404802552688342','JzK4nvzcviJE8ol95jAn',5,0),(186,'djYpKzQtFz','u8i4hFF9Ih','7709346056868883','QaueEBlWzSKSLXfoZbxC',0,0),(187,'DUPgZscpgJ','Lk71JQ5kKu','8391761283967824','1hasXyfVnlyfrAD8Aj1q',3,0),(188,'bvMnjlzKEt','yeLRJlWz8w','4379398483826231','oU6wYwfwL3ujqSSrXTCC',0,0),(189,'RTLrPm9vuW','mUBPBye9Kn','7477079160616906','oTzR1jc7HHq3DrFVYyyr',3,0),(190,'5d9AUGgWM5','SZQ4tMFHPO','3170294931169893','Pp6kBEZxA4HP36IU9GdG',1,0),(191,'xVVDC2Xc0u','JMDSaabwRK','7345117315042649','nUp7aC2n6KemQAquxxiT',0,0),(192,'cWabGagQFA','oBJMqp1AjK','3617486071997433','h9aBQZWxhohjepWgi0QG',4,0),(193,'LHJ2oaLjO9','6kpHNbVlsC','6535186989081009','iKXfiBzPaNALiDMtoDRW',1,0),(194,'eKsV30gNEy','QD52ZAgHkk','2790219307154041','Uqmt6N2KEHBHhoMN0S0p',0,0),(195,'uwYHDwvh6j','799aqHYK9B','7320913811214754','1KEqNgQXSh43Fm9vYZcx',3,0),(196,'VInNgqruLJ','VkKvt8IBhg','6822902415212056','sZwwbpn4Z4n9kAELAbYz',1,0),(197,'jbj2wDH2pr','8JvU5AEZKg','1633678928768247','g6RP7bK9VvdWYBhfV7wN',5,0),(198,'QoMCErw9JJ','D3DfMLdTHT','2115431703896084','eKUr6tdh5yN8EdCkryVv',4,0),(199,'mrcNauaWIn','VO4t8mJZlt','7702941315725431','QeIT5wKKoxb1KdPVmURo',1,0),(200,'YrZ9SlRsvk','bRpHbbGuZI','1897521353891802','HvGARmkEs9QdcaHvdxxi',3,0),(201,'Y7CuFiKzil','M5eDyZLGFQ','3366848358616450','SHtB9SulmQ4fqTHkfdR5',3,0),(202,'bgWiEjX025','A9gVLfQfeD','4716980251890014','GBxou1TNBpEiAfJ2cqgZ',5,0),(203,'iDnIn1Y0Nq','pYUmmWG52A','8877388223790619','ZdfLa6uc1noTC1g3LogC',2,0),(204,'4nNmSRpu0Q','GR6ezxqOVj','3862402296349619','1zIiH8xPKCGhOqwFTca2',4,0),(205,'gLFiUtyNNu','Ue3KBkMvh7','7579813019302155','urZs5MLABJqDSVTR5pM6',5,0),(206,'gLqVMMY9fP','kj5wZYr2iG','6775592149627474','Bdh38s3GA1VFiZSVkijB',4,0),(207,'mhRhdGfmJi','5F94ud0Lva','0423258578196482','J38YTnCZVq5lKL0B3Pon',2,0),(208,'kvYfQz0Nbt','YeB15G0PoY','7447417994322780','kGK6OWPn3uJGjK43y4jV',2,0),(209,'QZ7gS56yCM','xNnN8GYDLS','7842032326285192','aaE8NFTqsU3cQxF47hYA',0,0),(210,'MsVbHZLzUt','CE1iFHajc0','7986461855425653','1H429VNEfe82fbz8rIOE',3,0),(211,'amiknrUyut','t4O6NwfTEj','4439926699379074','AxJcC6IwWiKfCWTfBDR1',5,0),(212,'ckwFxIgrM7','pOH2zcsYsO','4318647956562563','LHe9toyvDtCSNC8GiOgg',2,0),(213,'Dh4FCLUA0t','nyx1LtL6QM','7383285465876889','FG6GCPYaX1opPdHOpaTm',3,0),(214,'q6wIzkAbxi','39C7s9Wh6v','9506404592001349','l1MzAwcyBH7VCQgjf38g',5,0),(215,'1ej2f4jkNR','QqEnQVfERX','7756673027588314','0FgKrg7XsIPdxqiT0V4S',5,0),(216,'GYMzVvj4XB','sdsP4PdT9X','2911028672718442','T2ePjTunx1GzYPaA7ySU',0,0),(217,'XXSMvaIk9q','pgwnvN76Ef','4124423570357903','2qeEcbG3RvbwLirSbJ7k',2,0),(218,'1VuEk2eEkJ','goTxOWTIf2','8210980784322315','wrF7XeLuBa26OJoZyUym',4,0),(219,'jbtwBlbVB7','SmQkUNIWcw','8695779502726588','hekdh9FeKvPAlRw7yvGP',0,0),(220,'UyDkWxE9Yb','En9PmG3E4G','9746184318998223','pjIsHWdXEInTQZUDWOmr',3,0),(221,'XQrFh0CJpN','3kzd95ngWq','9818002875875721','ohNqIBTb1DBee5L4LBxc',1,0),(222,'qflWT0IH2k','4QdItR0mI4','6479426830166545','MYJTitOhNBC3OmupDHVk',3,0),(223,'tu7D76kPZG','Zmj6dtTTK0','3805644246031461','TNS4cogaxLFYpndL5InR',1,0),(224,'MUOD8lmQfb','XzQLwtIDr5','5850402404733422','xaB0VqOZqtdc4qFGuCCm',3,0),(225,'WUjapO7CBG','LFAZBiFosI','1172745807304685','5qUL4uQpoz5mHMDDlkup',0,0),(226,'7LIkvJxLeS','r5KJVGRRex','2858871638053869','BmqUWKXhr3B1t8W8JQyG',3,0),(227,'pP8YZlpFUe','NEv88qNu8u','7140006492808819','ZlPsgR3MwkDJWDLZv4Y8',5,0),(228,'tz2GiW9Wx9','XYLZIQ3WTB','1242166319713434','QY16jo5CT10sQQHeXMYG',2,0),(229,'78hcnbiyyz','zbqKXaj4he','2546279857274890','9V5a0nZS6ods0VWKE3D3',1,0),(230,'uElbvRxpal','xBVfsy5SBf','1035702850231005','uu1LNzyWGzk96MPdQWY8',0,0),(231,'hfnHK1jukd','KpD2PZo8Ss','9035548740833369','4uuofnUiCxjWo6YOqSgh',3,0),(232,'RLRfDYOqvt','huBRumkC4C','5466941618139844','D6S3ZwFfATNj7UR6oKMd',0,1),(233,'G5wiNKPlto','ULbolS23a9','9314710273480859','fhE0Wl4MS6Y2UzS67k0L',3,0),(234,'DMiFc6Xxuj','s4suXt34na','1311298424338495','0YFtuLw1sQ3ifxrJvlHJ',1,0),(235,'hUY8dPl8Lo','c5xvYVx7QD','5612876305778042','h51cKawfAk4nEyomZGr5',4,0),(236,'TjNc9d34Gn','mWs6S0cu03','7610389398167490','BsKISCKMHaXgvD8Gk7tr',0,0),(237,'ykPdP6eFC7','gRKbH4lTxu','2507713442506786','lGKeEpBsb0fuOmfMY7Si',1,0),(238,'DlqQ6dGeb9','pIZJCw9LCh','9546511319198996','80Id8DkUhO9yKOScrxqv',4,0),(239,'NusBciQr6P','geRFlb7wkZ','4125280393930314','ck8POBcGa3xT3xEhU2ej',3,0),(240,'OjLHWukBou','G1s8e9QIVs','5859834032165104','7UGQ2B35IglIRXluoQbN',3,0),(241,'AdsOgfpSvj','I8gsuhezKc','0151215773700559','eXJ92qUhszxJw6sub6c3',3,0),(242,'9GMDaaEVTq','udA5rOSvL8','5912441367022187','t5Gh0QLkGtfa7dNR8iuA',2,0),(243,'3iFqP93yOl','L081lX6Eue','5871762015082328','SQWCbPxzS15kZWVOv6Cy',2,0),(244,'iEUsRSLzv7','ACsaNbqXVz','8937994733050091','yeGNxmdbdrDQZyHkGSWx',0,0),(245,'rYRbinkIFm','pZNd7I0Sqq','2118860626602566','IFTH7cQkTAYYZquCrNhK',3,0),(246,'aM0roXrXL0','RcMTHW3hDX','5543068282835994','E1M0w9TW6J6zGBrJtkHV',2,0),(247,'bA2oIlXMQr','uX6CEFrlBB','9137783864012128','uldTc3in0f10zaXzgwqM',2,0),(248,'p2Bj0ToDGb','VIrpuTfPdu','8736707598434391','MEpz70oxbGFDxg7XH9dX',3,0),(249,'TxbkQ5T33X','4DX4vlQUd2','4721284665306489','ieNckhyP2YZ5I3jHUGqx',3,0),(250,'3y5xoXbNez','XNnOHVocnp','5136490474049750','JFcy6SQU7aSwY8ODJRGq',5,0),(251,'6nfjhaj18r','bNRKRVsj3r','0053609900129273','gZPK9ezsUvNdBYVRyvLH',3,0),(252,'QG4hd4sRjc','EHMjCBJ6Ww','1652410809688910','XdJ4BJ37cNRhvMWjSvFY',0,0),(253,'lZLIbJHDDA','XGR5jVgXOe','0902915161336516','zbOWegUdp39sMIrsZvHF',5,0),(254,'0VluTgO0GF','Z9CUvEgUYP','2471578547747854','bHLDnCfdG3n6YaQlZVXh',4,0),(255,'jTVox5HBLr','nOZBJUSUQN','6372299961014457','IUdZAJE5Y1L4OM5HQeBh',1,0),(256,'uPb0qOnsCc','QOlWA9LkB6','0306893298568455','2ovSwfFXN7Wv62m9xuhH',4,0),(257,'iYAMR0XOCX','yxcfHNjkMg','6449496878792330','f4JosItGfmmnVXk88Vgi',1,0),(258,'3tBRajMaix','QVgEzQuKh0','7349069831192302','RocCAmya34NtgyTWofkE',0,0),(259,'ImECruHdnl','ZciAYWX2R0','0375661620098641','QxRkCKFBtZcuo9mu6geu',2,0),(260,'F1YxiIIRve','IyAjgwlD0Y','7533853844649864','RQKmLi9JNvrx1v3IXSvO',0,0),(261,'7sWRCW2ctJ','LBybjlZ6xX','6308077861758302','uLPgFZGUxxtFcPbQSmIa',0,0),(262,'qtHyAtPTJC','OGXkBJ8kAZ','8174884848812960','QlxhyrWXdeGxuQeAEBVx',5,0),(263,'BMkUW13l26','k5VMaYr8Vb','7736139486774503','jjO9PyH3QW15xJRUPrjq',3,0),(264,'Zm79mXLI24','yOECG5Cyhu','1781882957419690','GkTK4THj90YATFnia1Uj',5,0),(265,'OWQdcAeYVj','IgKBJJ58c9','5606389734680472','sv6DktSIryaJX7syw6Mo',3,0),(266,'CUIjUThbYR','aNTLDuC5PT','9034510779621635','fVOb9uEwmvwx8S3Wv5Q6',1,0),(267,'retknhdbdw','WOOQccwxhS','4733764814428332','Qi34h0WXznVQKc52YJ1k',2,0),(268,'8g72URyyLX','j88YKHJBG7','9959681921957738','goQleRf2VOMUWQpAVRhh',2,0),(269,'6g3eUgoLyI','fKBfbZXpwV','9316731016075796','mXZmyicwY6gttYMBGicT',4,0),(270,'9iBtKLfnOF','P7r2TZjSEo','8927262788840784','8mi8rcsJN89xPvNiP59k',1,0),(271,'J8L4MdZ0zf','xEvzTcagx6','5364012201991227','sFGXZrBlICOiryqXg72g',3,0),(272,'Xh9lXlxJzA','9RNBMCzlAp','3729446294383093','bGkbL9yhE7jAR7d7mVAr',1,0),(273,'wAMgRi4uSp','Yk0ps3Jtq6','1702553338546765','IoJ9lBsJ4MCz9hYa6fqq',5,0),(274,'9Cqyt9epo3','MlWfS6FHJF','5867633633855621','3KidlsIsTZrWFzxt14Ej',5,0),(275,'NKV3doBocg','S9yqUHJWod','6979043944455840','XYj6QOHWs2BnOakuYTKq',3,0),(276,'bjbEZazMnA','yKT2ZOuSRK','8788989672192924','Anu3Z5sPdj50jePTlHid',5,0),(277,'JMnivBp8Y1','l320GM7Brn','1572038039911561','j9A9gChT3dEYPUu6pUYl',4,0),(278,'EN0OC68rYW','XYZAQZV5cw','7620066346107998','FgFTDMcCU55UqxwP91O0',1,0),(279,'Fe6OuMIB2C','rjEvSqMZ1U','3517302607527915','deeWmxpROtx84xnfQAq9',0,0),(280,'KyvoakPgy3','yNj0r5j818','7848318629161674','v7yvsWRDuzMtq7DPAW5D',2,0),(281,'HKWjLvJ86M','EpiwP4fGvu','4178355288745630','sBodiKmoCGGGF5ItEUQq',1,0),(282,'sqEqDezXhu','pz4i4KTlfy','4351817505774298','xkVCjVMus9bCnZOlG2x0',3,0),(283,'7mBh47ks13','fvZKrOI5G5','6573463983323726','IuC01Q6tIgsethj9bABV',3,0),(284,'JqmJhYaVr2','Ftv3grNSzj','4594578339384219','vcRDsu8iADdqTOzOQHEp',3,0),(285,'cCBBktWH6Z','BwXgwC4Z5h','3529166495144934','866aaXPw7ggKRdVauYFu',3,0),(286,'bL2spb6azz','2qHFml1qk8','3209708337459256','F3oDNtg441uYevcKIXKo',5,0),(287,'hLdhJR2oNg','H7xN80AHdO','3651554998146350','LHuVzHdOiF5DHgaqcnz9',5,0),(288,'LgHpVsFvsj','CHXzQLf7H2','5114481132553873','YFDnJMFprv4NnCvo1psx',2,0),(289,'v3zvHtWx2Y','WTNdfq2OsU','1905660234823661','e2PGaIBxcVIovqj3IyeV',1,0),(290,'bX0Ox1Ew1N','dOtwpOCUJA','7109232632592980','wSN5NS4d6WTO2iiKYv31',1,0),(291,'O5uHSyRATg','EiC0mtOsEe','9271232562765531','Y4lBhzfrUG7Gl4X9sk4p',1,0),(292,'QBW5wRDFOg','RSotvn7Ccu','7433765018161481','J8H8qBjKESxmuWE3BJB3',2,0),(293,'Hmjvd3lObI','yhWk1GP5Fa','8999728162518835','yjrpU4u65XcFwhhtBkLN',0,0),(294,'3c86V2rYlS','JsaC7gqwT0','9006581453066327','hGXK0MhSbxL3DQPvvHg4',4,0),(295,'P4CDPyD3zp','5jWPbh9jHX','0286730186057206','0KP6cq08ddICD4Zb6lIx',5,0),(296,'48fjMPkJ5L','tCWu974GZD','1870970201791299','dKmaW3hulKDHGcHFfM0X',3,0),(297,'sOdigy3D1g','nB2XrFBB0Y','3072539868555676','nidWg0jluZYsrfISsFsF',5,0),(298,'1qWVq9Pi8A','jUNGJsyALR','4839260991531684','k3Q9QdVsQlkNcSPGP0Gz',0,0),(299,'OSjhaOv35L','HQDPzmAWbB','4738000474954476','HxCUCNC1niQ40CvlocmB',5,0),(300,'zY5mwlPpWk','d4ExHECasq','5211923213794507','MHY6MfplNcZ9gGpxrYtj',2,0),(301,'kpqmCKvN25','YrJv81Hmwo','4276323882473347','38C2dSx3pTi34FYLyuAC',4,0),(302,'beD2xXVJDE','nokjMAhEmc','4520894253305962','ZbAgozRT12D6acm7WhPb',0,0),(303,'oHpH7ohHbO','JU5j2ZxxL3','0014431844925599','SNCsjLbAlfobUUdLiaMg',3,0),(304,'UaoFjAZTJX','JwoMC7iCLQ','1833707015894824','1G6l9GMFmZeJulmdLOcT',5,0),(305,'1baFlluREH','JGKgcCbAsk','8886214973262614','5fKm4KJd7r0OiN8HQVU1',2,0),(306,'DeE1ktctRT','Qd908IKfdw','6623581167279470','BUEpsaVM4cOnApK786hR',2,0),(307,'2CpZaVB0QO','Eai7snWcfg','2611653645295750','wypMoX5nMuzf4Gx2Xq9t',5,0),(308,'XAGwldHeQ4','ZnTIknWk8W','1648547552619436','EmJBTcBqsXqhKqSCuPdV',0,0),(309,'FfpoeY0ndo','N4AgTVWJ1F','0408638147783587','QF9Tvtm1xqLDw5a9Js14',3,0),(310,'2XzY3YQxzq','voondyJG23','5171868475671867','KvfKyBiOIEcaUQhquRrE',2,0),(311,'z3njdfDwcj','H6bH3vbuu7','9093209526766615','bQIhKkwCUBMpFQtXh4t4',0,0),(312,'j6PEtXhxVu','8Pf9w8PfpJ','4645085839552291','ihkMVVlsTfvVBYUKJXKt',2,0),(313,'sUZ56USosJ','75Q2S5QMd3','9268949044402328','mt65d0pz6fCx4S7RlgXS',5,0),(314,'oi0BEeRJwm','t3qyoCc5cv','9079801673485807','Nh92JNYxiiX1fq39mpwC',0,0),(315,'3jCw3kkiiU','MbYQhwdWbI','4714507026550132','pbOX8GdWEKUfOafBCHuT',3,0),(316,'Li1reiO7Pw','NwIPwtolfn','1148322235012248','jtcoIwe5IeMME9BopsH6',2,0),(317,'VFFnZUtvsJ','L9LTzzSAVH','0774521257023637','8stIMT28wftdaAckOdJA',3,0),(318,'xuwnDG3ZH5','xC1t1HKKTY','6593096317449612','Wweqb5eXFywbTEWyX5fI',1,0),(319,'JVdTxCG4wP','K7dq3FTVvR','4522931975521037','Ugc1WKXlx0XcsdsbR4lg',4,0),(320,'P78FH86w52','hIMTdgkF8r','3542137836680640','56e6aKtIchZozUfsqx9j',3,0),(321,'a6ulGdwC0x','Qp000rMphS','1442798168247467','kAZz6UPC4i6G5Eq1uaFO',1,0),(322,'LTXRhPNrkJ','oLV0dhta5s','5674420163836403','5wvYa3gQMvhLV7rzraHg',5,0),(323,'SzGLFbA3fv','u1H1rPiRjT','6705193946291333','8z4xFA6B2WK9kfHZk8Np',2,0),(324,'RiXTPIoBqO','UU3Fd3sk94','8719670198781978','fn5QDl1agmkHJrcRrLgs',0,0),(325,'O3uGSlZ2ji','YCTK486G74','0360866871663220','FsXxuS3yYhfji2nTZFUn',0,0),(326,'clbpxllUas','UpCoXCuEUt','4541106068717119','RF4VOAf9FyuLGMEQBSDh',1,0),(327,'NOBlnzigm8','srMdvj4rvA','5137298768020407','WCoLe0Cv9U1Ekx2H5e92',1,0),(328,'IqhH34SARC','4wNxPf8fgD','4195976465761772','YT0iqDdKmUgbIXvXzhfw',3,0),(329,'3zHVRGQebK','vjoE7KKFYs','2450522710742032','8f6WFABpS4wDBZflnc53',5,0),(330,'YRh22tsjSN','iriVc2pITg','7957491745786769','3ARf9RFa2l0Hb3mGVqu7',3,0),(331,'NfbslqvsPo','hHqVrQcD38','0961163752619048','K2MiafsusuThWgM4sRWP',1,0),(332,'BPtpVdjxI8','5ABBKsR70t','0298048848986769','RXMRGYbTHFHZN1QB37jG',3,0),(333,'wZNcWJbYey','lX0W7lYh0e','9937246017318322','8mX5eaNb9fEm4Zgi0nsR',4,0),(334,'x6APHe9xri','SnRfaVGpxl','0329655003322774','6hNuGblyKiTTfL97KSGf',0,0),(335,'hrLxQy7eLf','uCk01lSKnC','1395128772080900','W0AM0GgvShWAZtyPGNKR',0,0),(336,'luS5YMWAEU','mn453jy93q','3477515883990640','gqRZ5aZs6JCKeI6voiiG',1,0),(337,'6O4SxqyNwP','Kz3ET63csq','5823229555713205','JYBL4spXp6ECRlLgvPHQ',5,0),(338,'ScmUWCCXqJ','EDuL42XNr2','9608911226349193','GaIsLPWEahnUDcsHSTpC',5,0),(339,'CBXc44czHo','LH8lNSpxXo','6075377325903608','WIMIESbUz9UWw7AQpKGh',0,0),(340,'uVeebF68rd','g0ywrOZBmX','3696715588196427','0zAByDLeUAOYRUD6WPFi',0,0),(341,'UGNTZIM629','Hd8sKDRm0D','1851228696379248','hEG61xKMPqiKvC2R9PFW',0,0),(342,'9fzgDAzbpJ','q9XYueXUr4','4208070548100306','Ukqlz4hSEDDflhkrVbuk',4,0),(343,'qweo36smO0','ufmqKePuFV','9847931935675337','mh43vgT5t0VFCbqkKGaU',3,0),(344,'ndd29aDIZZ','a2o0i2mZ8w','8686008529698309','OLXFopeess4UrSdGmjrg',3,0),(345,'7JYCnHXL2C','r06rHfEvsA','4083152450884763','Alj0VCCSdWwLdUCmao4W',1,0),(346,'OWV2v0K2lM','ODsRE2LMCi','6217420586026894','u5dS440B9XwvS1n2SoD8',3,0),(347,'HsI8cAkUuh','lTVKgXEbUw','4265565425422504','jFSrDyCjjhpmSOCtDYTS',0,0),(348,'IKISjKrX2l','KwW2IOcTc8','8163058628886405','jmNT0aw69phJmKkJp4wp',1,0),(349,'uHbXzc8dEb','KHIQKMZ3aV','9244864558157252','b6odlkYK15XIebMkS5Z0',0,0),(350,'5RXOsHpXHm','ykouGPhBvN','3281219093964381','frnpF7J2cre152CZFidy',2,0),(351,'mFhKNO4uAl','8LwCqSilvU','4075386711863251','UMiIPsZwy80FeHgJDfLF',2,0),(352,'CMHF4H050d','HxjXr0koeQ','4743717201295671','SodkYHus39LQ3Zn7qgfK',1,0),(353,'dsuZpmeIYP','9AEE6rEdpK','6895487178684689','FVsjyIYZYt5otPTyuzU8',3,0),(354,'c1g5sjx8Gt','toKOCOxLoE','9016781608109186','1WrhIjYEQnV3XTBqtFlq',1,0),(355,'v2JGUsy92C','DorSg6YEX6','1315225872704182','kPlq9mSY0DZuhaqu2Xls',5,0),(356,'X9V5fScazi','yeSfTDI4jI','8600938272987001','bmCvzkO3Qkn3fnfFIO5i',5,0),(357,'IOJtVJsjqJ','zZrYUVKNFE','8904715944188808','vCWFOCpgb6jhWSs8UqBA',5,0),(358,'qIq9KCNI49','KmfsRG3qi0','2913430879915925','Wiw41kMwupfFTQM0GNXX',0,0),(359,'UBlnnJYuEf','JhJRI6uc2B','0131374685163119','19DyVdAUeNr9le3HTplm',0,0),(360,'OGTluKq6XB','VfsNJb4rnX','3534058094424124','yZB3MCDhnA2J8T0n9bee',3,1),(361,'qfqOzd5ukM','irDmcQcuN4','0136739513322590','zeBbU6zluXosxDKMixrO',5,0),(362,'SrX20DbISk','PEljBFjxBo','9371153920129144','MXzbrD21Swrux6Livinv',5,0),(363,'XAs4pEK2VW','sEVv7Jtjmz','8786532274805896','tCB8GGwDYjVe2hoxKf0x',0,0),(364,'z85jyJioaO','Z0HgOl40Vh','4619981472052176','JarOu5kOyDG3QEmoSAmk',3,0),(365,'W2ZhVv2U6A','VAWRJWd93S','6190332107145772','IfbBfe59C9tO7yjQo1FE',2,0),(366,'DSszRQcGBq','BtOT88Wh1u','3364756742892339','rmpbYCFwAMw1hSgckFqX',2,0),(367,'OaIyDZMbYT','hv80wMqoVb','9085745690120117','3OYV2RTzq1WZy5dFOhwn',2,0),(368,'tefVfheXc6','IUqYIczJWs','9189726051762649','spFrgaFH3i8EO8u98gLW',0,0),(369,'aFLw17IvxF','0YtKXPbYzm','3365739497439875','HgYWCNxzbtIs1dFrjdKT',5,0),(370,'ZpYHh9GuOM','OFCG3ZztTJ','2779581768684058','BwODw7t4C1noguy3ekMj',1,0),(371,'b2v4gmj0Sc','Puy42Rw47D','7236885970357479','WGkS6gpno9pFqdW5DUSp',1,0),(372,'zHpYYvEc1m','fLbh51o6UJ','1066800608121935','PFD2zY2UMoMrSS8v1tIx',0,0),(373,'ZGE8tCZ3Zh','rXzKfkccCT','3717594308578056','2RNk5ni8PVrit8ProcPn',0,0),(374,'ZFseGAyHYy','gM4QvBvKD3','9639249012390175','ZvOrp02GSumyBfMdpqt1',4,0),(375,'hX11JREUvD','sk0sSCCawd','8488417322294878','1X7YUwZQyFrvO52ciLyR',3,0),(376,'AFAypjxkCC','HAJ3E0NsC1','0873218865002364','IH0N4lmyQABmpohj9deQ',2,0),(377,'r3LYYI6sTK','Xptx3yXvxC','9885695086419725','N9R9NZdnwrSjtwn1RSXy',1,0),(378,'KMWNdt6Oh2','gXeChV6hrK','6845298570601942','fb0bSZCA5oRSAEkRerTG',1,0),(379,'oaklaWvzkb','AwGt1qGWIV','7602133078498609','2U6mgoYUBMqobOk70rtG',4,0),(380,'9fnGWyz1Ln','Y1pli5XPsu','8167125806044017','84JLfuqt8HKpkggqsOQe',0,0),(381,'lmwl5tqzC7','V66ZGSBYL3','2619521882620339','Ktkm7CLPNTn1HOd50oWI',2,0),(382,'A4nK7fHc4H','I2rAHplT7V','3471161798754534','4gj5CRYqVQe1T0q1IGXx',1,0),(383,'60rg5WAk6U','oYopA1cF9C','7033311223791023','QUOUn4riKc2XxkNybWyf',1,0),(384,'6kZF3wYxgw','UAhmEjTDQf','8381990202993351','aFXbu8uyU2cVHeqPLj2c',3,0),(385,'fGPh00kmJ8','Krm1eJB2DP','2364095181297387','ZiB7nzMIh0UzddjQbtkC',3,0),(386,'2J5Fl2JwBQ','HzBtqwTyTP','4445907412646215','BNGglPizP3LPNTg3yEfC',5,0),(387,'Mtb6oVu3KM','WBwBg24XTZ','0052968249829904','IY2hy5Aw0fp3gWPWtQ0Y',3,0),(388,'2KvB3FhqA7','C8GM7rfJHd','7903599450524674','Ik6dq9gprmaKp5dULOe5',3,0),(389,'BrmRjiMClt','E3OEroFAfd','1841300631517995','BvdbmbtvjfiRAA1eddZ1',5,0),(390,'dGV2NwUvNH','LCKzRuFS7K','7522508385517485','GA5nC1xAtltOTvTgyKyE',3,0),(391,'j7dtkjvR4z','DADzpWa1Ov','8486468588566099','oezVtyiNCDOmBepZqxMN',1,0),(392,'aNctXOlyz1','jVRJkw3pHo','6838766409923281','EWcLuTiincBoBU0ZHA08',4,0),(393,'6YsqZeBXNj','nUsW2WGHUx','1212513102102664','96vMfjplWC7Dfm2eHQjo',3,0),(394,'IDgrRxYO8a','CCbozym45D','5430548990433333','gwNJeLIZSgBYZSVnXmns',5,0),(395,'85l362AQZv','henSscaNDQ','3181485599386066','a8uZ3jUh6DKLH29xU4wA',3,0),(396,'xCgXd1mF0d','za1amAojZ7','8400327553683502','plBdvNjBhP0cw39W9Zd1',2,0),(397,'AO6RedfN5g','Kh00XMuM53','0585309651598117','Zx4cYDWjBOqlMJRzcoAS',1,0),(398,'i8WDNJdDAl','FKUAaRP2LL','5774475004504370','fKo4gINh91g4HeDEssmO',2,0),(399,'0TKeTzHZDP','KwPiCcS5hw','2339621047497084','59NmeF0OqzOyhBeaO3uw',0,0),(400,'HdROYFpj5J','dDFt5NL9Cp','8366541530379427','sPhVxRVdkluv24NbWOgV',1,0),(401,'TTvhcrQQpK','6V86tQP2fU','0409435293994958','K9680AuSE4o1Q0ll8IYZ',0,0),(402,'xw5V4be959','2m9gLKOpyI','4938488661538980','J7X0KCEH3qelyVSTfHjp',3,0),(403,'OOkt2L6p23','V64Xec4QOH','2396518028735295','x4HXWzYjgnFLY8ohGbkg',1,0),(404,'FXGKmdNUoU','nYEcC58Nqp','8054961913187306','8gZs2mz1kP98dTE4Ny8R',1,0),(405,'caQmufCyvH','RxBV6rV7yA','8330749073773913','We4CZnmueoddIbiLB4Od',4,0),(406,'Xezw2yOxHJ','uMbW8OoPhs','9770362644806531','kKwcp1JHdBo8HekW83Zc',5,0),(407,'rU9ibqIlVl','6NyOtLJ1Bg','7091465105025927','mK5bv4Pe0SOENV0KKV3t',3,0),(408,'QuYhxWVlGG','3P5rFqlSdL','3002785965441910','RMaYlTUwebXzjWNmlp6E',4,0),(409,'REomMLN6DI','s13CiGoFhp','1414640164847156','hGRDuVWBbyBrediWmV1I',0,0),(410,'tUGDSqBzWl','Q94hXeT0iF','9902384381176013','cjgAlOS5vKRuW33zw5pq',1,0),(411,'Q9cqwKa2Mo','YFwgA7lVcr','4990377757093814','fjLmBDC0QCHdSY9aqAAz',3,0),(412,'pMn59C2MZk','5VUaFnn3N1','7702329997092986','rYau4jD0vCC0bkwDC9AW',4,0),(413,'hZdL7GJh8c','5Tnw0NLqt2','5336929754641999','9VUfLK3clJaw4fq4Ujyo',4,0),(414,'sRknzASQKN','oZJAMe5dz6','4824283811270714','oJNzDXRxTv8UDtUe9O5D',0,0),(415,'iGoibQLgHl','FTkjvZ3oFm','2611298724917789','H45XAFr4DzlGL1kjoi4v',4,0),(416,'6TjPZIV8TB','gXsVj38QFb','3810088449272061','b3tGb6LvRJeJ27PsXI1y',0,0),(417,'CVW5HZZXBb','qjnNdMCXe2','3039052914087398','rpgtxCMkDyrgFxFEwCcA',1,0),(418,'0XwDPT4fo0','yuSfNym4GM','1439258661064792','JGhvZL9C5s009ya0iFfV',5,0),(419,'tEWoG1jz4Y','C2bqcIh6KA','1736561237751860','GZU1rFtQ7cL0xOzu0uQq',5,0),(420,'d9t0MPtkFa','DdhxfgB8QZ','0274593400374465','d3iDkAoqtBwFhoKzEYXW',0,0),(421,'pofvbPeh1E','nZckXx7wCL','3787204018534653','t2pD3Ens5m1SVgNJu77s',5,0),(422,'7kUpZ0EMzw','4ppQIo8Bh1','4832024470124110','K4a33HNBx9lLGIS3TxFL',2,0),(423,'mH03HVLRYe','59OEOiR6wb','5523332854014449','35h9PCCE2wqpwDXl2BMM',4,0),(424,'yx7u2jf9wA','3u5kuccNvA','7905037263187308','tCihXjGBhmit2cmTC1hg',2,0),(425,'YzOfJ9WDfS','duX8LEcgEU','5798866808437504','8rYcFivaT57O2SdXERxT',1,0),(426,'mLVR1pXZZs','KkheptkhKz','1621238976784689','zJBpJm53vOil4rR6W6AG',5,0),(427,'sd6AWrH36B','d3XrXBprRN','4731650659787678','vtQKKQXeYQrDakUmAG0K',5,0),(428,'BEfgnVBCHl','34bmWk4nZ6','5583138589811100','FMQcdSEQxTbWLeNahSDE',2,0),(429,'FKRycYEW6P','jeRyCxfRP4','8381217443955445','SjVH5iTUvAaWLYoigMBe',2,0),(430,'cNwbz5HdRk','TfQr9epJzn','5530841598941045','TRQGlbajD4ZPKDB6Y3uf',3,0),(431,'ZcPNGm171i','8sl7w9WXRD','7730444770011161','IPdByVrQC9cGIqwOJr4X',1,0),(432,'zhWOcSmC5P','XxtcznaCZ2','1632033932137766','byltJ7wTbBjvwFefAD18',4,0),(433,'gdU41KI2SD','bgoBUtIxas','9643491201983090','hsA3K5S2vKBOU1uQGxGy',1,0),(434,'pcuJiN3Yo1','qyFQvuGv2Y','2669697589934359','ZJkwRYvDq7EkYXsW5ovT',3,0),(435,'0VnlNce2GM','ptqBlOm1YK','9903322931142627','jA5sgDjspqM6mfLJItwv',3,0),(436,'n5Pe3Typtg','QGH2FuRHGL','3040917546485271','pTT5sNOkIQi4e0dxp5BZ',5,0),(437,'eorjdC6ohP','G3IIik5tg4','0571665622448542','jcCYSubuySAcXfnj8SIS',3,0),(438,'BbIusmD86A','Htm2AfoNDB','0610590202089567','DdAs8plmcEYjo9pHWn1b',2,0),(439,'kmIRyAqvDc','sxGPPyDlLC','1584624534733656','OztoSxbCizf27xqPzcKo',3,0),(440,'qsSNeQQtMk','A5d2gUqBX1','3422403661941371','gqdtdPw1VbYJg2uzKbYO',0,0),(441,'5J2gAJHclD','nRArCYdhG0','5981574951691233','hTVUynicgzQhGV37dcTQ',1,0),(442,'n6nqs4hdOD','Uz8n4OVNWV','0142600061091796','j5S9NQpWO61LfggA9sUS',2,0),(443,'UcqUJ8PAUM','zbxP52UdsW','5795508840330544','1UhGFzReVOiI7wdpuLpq',2,0),(444,'CXME4Oe6nK','SPvcnEjA0Z','2459828259856407','kVs9dPRqGB8TBRsslBn7',1,0),(445,'Ej88jAjC8q','bGCilvKXFy','1380359682795204','GPcoymENLwC4BdfWvD7p',0,0),(446,'iKakGuOeSr','VADQNPhoKV','8890779674556945','M2GTwEladf84QJbpp3i0',1,0),(447,'Nv171JJhRD','pl8sX2ibyO','3965374608306521','XoQtL0PC4mHudP2FrWp8',0,0),(448,'irhyAw4sFK','S0rQLTkbAZ','1131173502999997','xg3j4cR665GjrCkIUMq8',3,0),(449,'1RD4PpUcLK','fWVJQfNf4K','1799975572924469','srgq0WxVLfhWxyDifoIA',4,0),(450,'R8Hr41I5Wv','VIGVZXYfvv','1238912708971129','vhBc1BjdGwWNq2kGoeL5',5,0),(451,'BzYRZGGT07','7hiA0VpIzq','1334737650221123','Pow8Kj3Tv65ziwVjdCp0',1,0),(452,'bCiPXgRrRB','IWRb5sgPKg','7807564004791520','ZjwLrioeIHHJf6jH4lKl',4,0),(453,'7ZsPV5lXtj','7eEevwvzwi','1374263512197255','2KGvx0EqTwxNVNVPj01h',4,0),(454,'dzjv4d1B0C','wX1uh3FKPU','5891323158323224','bjT5HMhmyJqVh6JiEEUe',2,0),(455,'VsxINlY3SA','oKwoIP41MK','1560938652520318','cAI72A6NiTpfkvjuSexq',3,0),(456,'DAiewqDpcE','VNhRGzpdlt','6049919089298148','MTvpSar1CXdm6EsXczbA',5,0),(457,'NvVXTtCLfP','mqv6utypON','3870854893551075','hzAW4CSig116yA12JkXP',0,0),(458,'indX8JclAK','EAH93zfzV0','3443392510660586','3xUv8ThxSBrrVgOfzpqJ',2,0),(459,'ymxutg6ne8','PPvGKlBYop','0269905642176850','ZYO23C4mtdXoGEx7IaXi',1,0),(460,'sxcbYwwxLE','ivl9c2Dt9o','6430799577300586','H8w92KCYPhUlUqI8ALrF',1,0),(461,'NP57aH1S9V','sLfEY7MRnP','6621479379696969','WKIRb0Wpn9XohVnhlU9Z',4,0),(462,'2NmWmwMaje','tnELblazjm','2509874913993861','oR7gDOxWqWgipe8oyowM',1,0),(463,'3prfFZDl7v','8C5qIxi9n4','7962769134300534','hDCMyMY9hzL4Z7mnHQrE',2,0),(464,'cCflJeG8jp','HVFjJKWTpG','3188383498825129','8FrZHKhuLsbyGOkOuQlw',2,0),(465,'66FMW2DBw8','4SISq7odTX','9105962169892837','6yleekjzJouiWyAY9pfT',4,0),(466,'i8aXpDfGTQ','rkUFnZrSgq','0234876444469385','t847XMw6STlYdWOeU7Ch',3,0),(467,'LiJJhNyKfs','YFZN5YvVVB','3067846792684123','pIdBleLIXWiHBqwa2SyE',2,0),(468,'LIU3o2phRR','oC1ETMEElH','5446485090318335','4NBJk43bkPNC6AerhYtu',1,0),(469,'R5gA9bQmQQ','GeGjbQNI4L','9542264625969200','u4tbno1PA7hPJR4suNS3',0,0),(470,'u6KVoFR6zw','z2d2Zc32Ly','7192017972439016','FEQLIUt8yQ0KYscIHMiH',1,0),(471,'6H4MYkTuNR','T9IYSaIrEk','0862646832506109','kyIBcVjuCKlpKhZVGFiH',5,0),(472,'3ltwYj4zDa','f2GFqmyGGL','7297994806119385','uXdB40VosrYBhXQgBXXI',2,0),(473,'zud6YanO9S','PYBNqruH0w','9839941794493181','Oy71Bofy8qNT9LEoyOka',5,0),(474,'NyxokZCQmR','i13n0lLErb','4991671140089940','DnoGrRCgNyuiXwEassLk',0,0),(475,'Cb5NZPi1iB','vf9C7isbCC','7955888793881624','Xx2GjnDSnEEphJhlZDGj',1,0),(476,'b5M2N22jVb','sbf6L1IANN','4027071576939130','16DfLZG4rBDb79WLWto1',3,0),(477,'KR8smYGD1a','S6kSs911Up','8844730514796075','pdNYmEf5JVPNPsmBIIf1',2,0),(478,'LRSOZyBK7G','ukz1TqyBux','2597618877906654','SF7DuEneynsWLfXwHfsT',0,0),(479,'7Ay5QLwrqK','7TMxhFYVzh','2604351374370630','odY08Xl8ODbRflqvJyLM',2,0),(480,'UFqHn8mlPx','qRKPegH2LO','1470262943360866','YYQhaOU199algvjztD7Z',0,0),(481,'xaXVr7NEgv','R7xWJJUGnt','4509318189637315','vKVPBkezfzFs3xkelbmp',2,0),(482,'hURWmDxu0Y','9FSYV4Tgna','2435142780284861','QapqOCuCB9jHkvJ141dY',1,0),(483,'2IzkTLKdGC','Bt8Qkx5zzj','2038180325734586','AoLuUOeB9j31rZXJs0yo',2,0),(484,'K0FG0XADVb','4nox02GrCW','6716588093912914','BzcPdcOrbctTHiX40vCC',3,0),(485,'1T4qyJHtgO','VzGR8FwuHJ','1880649504481854','VmF4Rosti1kBR3XHf29g',0,0),(486,'xQ0GWHqO4i','2rRjpkZVE7','0965712868217966','evnpBVczQlOT3NGeuiKC',3,0),(487,'VMtk3tOz78','Sjmqkni1PP','9601353257229883','zb8sceKpltagiC4AnMbq',5,0),(488,'8YSEJjyV8a','LtZtIg2m4g','3371507258007910','tyFA8LjtuCENBudTdlCz',0,0),(489,'CI3HBO87PN','7kDsH0B0vI','3714329973242211','JvBmXKyr3kWnswBL3Cfx',2,0),(490,'G1NqBCpSbM','D8AiGGjYPz','7073724342371574','Sss49yQP4Qx1MlsjBwGX',1,0),(491,'yPDhOalr7Y','7HieIpNpf2','7626691252147977','XuXh20IvcMQjRFVtgB8v',4,0),(492,'8VNCoropJ3','d7Ok3sxUXr','5502131372836703','xUidqLSx343DbwfAkhnB',5,0),(493,'rVeiDOQHmv','TDseP2FPys','1443927098629464','fMgGwAZ3d2ziiaZPz6Bs',3,0),(494,'fSz0jhoLwD','QiiPotL2EA','7755623014090157','fJr6Sb5jfazbclhlGEE7',2,0),(495,'T7Yx2kl04R','9YSMsllWFm','9962208460429048','mGQsTKYf8V0HDVjHr1Di',5,0),(496,'giflyZTg4R','5Wx6Ngzm6Q','0893801687908773','yvPqhCknejg6oLnZbME9',1,0),(497,'PoJiZqpypT','0SeYknIPhr','5506106989620794','3JgBKceDAG2qgIThmu3d',3,0),(498,'cmdiadC3m7','HvtduEZMIx','5848310476595117','FaefkIvtXBcmfunBszzA',0,0),(499,'lODT2KbLgQ','c1wu6J6hp4','5124752516947870','RWIfKzNTecYHPNGIOTDK',5,0),(500,'62ecOs5AZl','Ki8pGDfEhD','6108867402714409','np0GuBjStXrwo3GnXKDP',3,0),(501,'z7B4HjM0lh','o8TMb8aC97','2459140000976103','7wcTxxwPa46Z3Z5JGgPl',2,0),(502,'uPujvDoeVS','8hBxkjMMJj','0709783833546301','hybm8QRa6hYWBiQKsiC3',4,0),(503,'Lb6rbLDlVm','xxzShw8Ms9','9558572103260671','ITxkLL538cDXykR7GJAr',3,0),(504,'OUIdJHP1dz','IGxIBn4VNK','0534358618194659','l1eEAT3QQgQVqtrqC75k',2,0),(505,'cpZ0IowmzY','qyuGqylMwX','4986882294067439','4kOaK6I6DZR8OQUa75rp',1,0),(506,'79Q4UNGbur','m6Rbgot4ei','8694781116268999','4kiER5JO0XCRr0fT2gXy',1,0),(507,'z2zJggyeQp','PNUhzaDyEO','7001553047801433','KawoOeuiFbu54D4WGZw8',1,0),(508,'JCJRkaF9AS','ybCSSEvGXE','3661428356593354','nXvvOb3LbSLrtKfpkKd3',3,0),(509,'TrXx4BmElS','vpr9VinZv2','1827728941866595','nzFBId05sEHzcS54cKZ5',4,0),(510,'SLYpx7Kt1L','YX3mdLghTG','5821659286610219','ljLuakfLSvyK0XoM4QYR',1,0),(511,'dU9Ew7P1fS','Hd0SUjRwBi','2016378984282877','VFvRYRCGUrOrp1S0IbXQ',5,0),(512,'3TG5V8NMED','z6lqJNjLe1','0700506735041958','peSnth2HbYLOPIfjc6Dl',2,0),(513,'ZxZrDR1B5E','BanVz2orU8','4526424883438924','tHg2PQIcBDLByAdkt2tB',3,0),(514,'5Mu80bV1w2','8op3xDsx6q','8603963404812280','OpGzT6fU7E21H4nPdzFa',3,0),(515,'8S7N6uLGeh','b6Vaji8sqt','2822530385940211','6pV4jT1S7WqgDFVxNbpA',3,0),(516,'KdxNjp3Muv','kBD3rI1n69','0945916404091212','oAc5KtPxQUMEMLTH6Pjv',2,0),(517,'lBuJWW1aJP','FwoPN9ydHZ','6070625342577525','nnSCAYuPieuKc8Pj21hp',1,0),(518,'xKcmAsXL2F','MVvFrIBGaN','5302572215052854','GmTGPCa1AMQDtZcMgfQB',2,0),(519,'hXFOMDH9kp','NjnxwZAxRW','5812139649652782','bFhfS1buMi6FAchfLGxD',0,0),(520,'p3cydkhUi2','zv1Sh3cf9x','0109353565033711','ZUKRWwGDTA2rT4zauW1p',3,0),(521,'7hXP0T946Q','9rTP0Ehc5g','1973125057824894','oDTpCZjWzQIn6ejkydEt',4,0),(522,'DnFaDtP4RF','ysNSnBfedA','7364257583489930','UxZvHR3tX7b9ZNmzCZRu',2,0),(523,'4tVdZXNsoF','JJuSi4MDjp','6901455338017745','Vq7KbTXAq5CNWhqhVTN6',5,0),(524,'0ke4aDrdWJ','2Z0eNUDyww','4002420741687531','khyZ4gS9zATHCgA5xuFP',5,0),(525,'3ASaunZgcV','hY6RT14h9z','5612790811345634','tVoC1yh1QIMmc4xE4zH6',4,0),(526,'UG9fQQSsRM','FO0HxJPQ9j','1307896133092378','MKp8rHrq4Y96GaGSrUou',2,0),(527,'J6ogtaJsVE','foqhvlzak3','5215115397318509','WOvTZ8ay1LobFfWngOcM',1,0),(528,'jHysTmek7S','9DuszjEWOJ','3456972091737788','Yr60Z3copMGh9qEbkGa1',0,0),(529,'C0n0DNOuJw','YXue5rUEkh','2809638028348899','0yGXocMcimqxOrDdvX9D',5,0),(530,'YkMkIe0uEU','MxA5sNJlKu','8134457021571055','jBj3LVQlzFd0pIu2rLCJ',5,0),(531,'5ujAFNzZMD','84viBR49hr','0279375412804664','b8127z3vR4aIAZPp5H3V',3,0),(532,'QZRXS5Z3ZF','1x4HWdESpA','8586408824221162','ijXx4vFjQaRSqAw5Nnhy',2,0),(533,'uLsLmbKYuG','1KFxoIcxRT','8884361756561354','nBiA8WokjbIz8iFL79D8',4,0),(534,'jqEvpCcOSg','lg2TtSDxxH','0102491144222976','9BntGSdeuj1lDcH5KNZg',5,0),(535,'UPu5MmB96i','gb9aRRnsG3','3984378918338850','wOiWbErFFsgnqK5OE5pS',0,0),(536,'iPqva4bJbv','4aD1cc20nZ','3776820813976539','rJcX3TJQIPm5kObJ0g4q',4,0),(537,'9mDO92Cvdx','huqShdqy16','1867528412805092','gHGjoo8LvesRNjuFHzsq',4,0),(538,'QHFDvKxePH','UsZ9Vc9MHC','1189441127407909','IPtZOwNUYSqYCDdclS7J',0,0),(539,'X4IL9qSxWe','cSFpbI8pdi','5716065721597339','TXNzL7u3qr2ZkPSo4n6i',0,0),(540,'8QHxLjovkH','kae5pYeKJG','0158668379405226','uzSEIdjQFJXVbFIJVIhO',1,0),(541,'vUF9oofE1c','3VplI2HHGV','9826374591762476','nU6oUUy4BThqT5wFlvlO',3,0),(542,'5oDnyrfGC7','uMiIgCALof','4131516615221684','lA3NJZs5XcafgzZuB9Er',1,0),(543,'lpnZfAgIGk','lDwhElnlxe','3495978264755356','fuDSU1AzixxqEbNvQQ2w',0,0),(544,'NyeDjfkJMZ','3gCLPvPAsq','1986450024955804','5EKKmdQYHy9UW59BgYKk',4,0),(545,'NbWWWXeqC0','KarEvS4MLV','6022542226673316','ei4tn6lau2rpQSKB3mpr',0,0),(546,'iP27UyC9pd','2N5a0mVQ5n','8508859582999795','vlXIucUYWdmhQ2AsRK7v',3,0),(547,'T5fJUbwJGO','tcEt4069ip','6391051800564498','w3GbTG01eK57K4kazqBy',0,0),(548,'lVTlbJTWwJ','k8aT4K8wN2','6786084910816077','b02XSQQGXT90kTbrfEfO',3,0),(549,'a59Jckq0iS','lUbc9HeUUi','3989061673333743','iuKxB5PYYs05T2Ounz9z',2,0),(550,'HwOAI8eQeP','rEKo8xPtuY','0549350780245658','BXGrxM2w1487xTz9qKaw',3,0),(551,'cDS9qr58GL','den7bLArzK','8002395493864489','dpHavwGbY2YzWD2TKrK6',0,0),(552,'E0GSv5OPSD','N3D0g3lbHi','8922189805705990','2QoddqEygidfBRkbPA3B',3,0),(553,'szHI7eSO2x','Te5XCnMzqG','6990968070922371','viK0FDe6QEKxtnwDFmvH',3,0),(554,'7R3T9jBZ4P','MV2XqNaxfG','6348928570499606','HUCwyJOQfwT0R0swJk5b',0,0),(555,'l3z2Aj8P7H','7fa4gzWXhl','8623360292532205','fgzV7D8hIs2BEpLano6y',5,0),(556,'gE4Ifnaqq8','51P5tb2RRH','2749293682707265','tJCz0f61Wf6tKKXTDdaF',1,0),(557,'2rTTpFyyT2','KHWxN1WHzJ','4388457335743606','l9r1Gwf1e0O8BsUI7WBT',1,0),(558,'rJOefwJ1du','Ns3ot9C6Fv','6814564572428707','cOOXq2D4IF5BGir8BiP9',3,0),(559,'yWlmaljVEF','YzPEjsLeAi','2424832770961461','IxsRNAAxIy2IBz8Om4q5',0,0),(560,'gkkQxrJhxD','bRI0V3W0NP','5692711353348260','rs5FOuL2TgofU29CiEkS',0,0),(561,'Q0DmvuBmhi','9h7q3P9lBv','4360266968461934','CUrjZ5PSjoKw2PvUXPuh',0,0),(562,'AtmTmOUIsQ','9DWY1hhfz8','1425875425043387','o19xbKdLvXDPQoVFqz2N',4,0),(563,'2nW1PRNaYR','0Z97IHdF16','4723452295841026','tB5OZNpiMlFIb4G1S3qD',2,0),(564,'EvuTOtIFje','Ci86cbUbfX','0378315691016634','bl5FtCblq2Xz3nB1jrYT',0,0),(565,'Q6rQ4nuQKk','Jd5x2xCzg1','3843407316137438','7mY48ctknCRh3QEy9OPb',4,0),(566,'YpOmLepau4','WzOK8Xk6KL','0681920628272537','OUwK0YP0nt7COUqmLo0W',2,0),(567,'68a2ML4zx4','ym9NMFomzu','6165977294397329','wV9t2FXp8YpRdlCEIjgO',2,0),(568,'2qx2C2fMJK','WLdwTFPpEh','1917011582070070','d2sXxBq74pFQdSxG7gUa',3,0),(569,'lA68eQdgC0','3wydRXFkDZ','6664601456602873','U2nVkBE3VrFrWklxqy2q',3,0),(570,'JGnSgVzShX','EJpubLSA6i','1532754864477498','fsUx4r859vXmRVtOlqJA',2,0),(571,'bp34jBZfsk','bU98gm2nSQ','8893368586507609','pyqXMYUwVSOQHGs9Q80O',1,0),(572,'Zf0wwJf4g3','Fk4tnSLqUz','1652609050095220','tZ7Iolub0PbXxOQL9IY4',4,0),(573,'1WYUPcUPg2','XtNPumJl3u','2084665675814938','poP3fcTTF75d8LixYVyg',5,0),(574,'kojlHiEWe7','jztaHPVDy1','9337447728436152','RhjifzL4wadwAiSqNwrZ',5,0),(575,'gnwL79LoeG','l75hJ50Lfs','3188024828338832','4V93hUDwHL1RrOznUZWo',4,0),(576,'KfFWkdQVVw','gA0V98pxNb','2775482167317867','5A7RjBydLbInMiEOWAMm',1,0),(577,'5HDxBTDwu4','avhVc3Hww1','4441652959744629','xaWkAQn4scaaYpMiryGs',1,0),(578,'6vXYZMeUzN','nPtp43JHdx','0324426321054550','puPmo9p7OuB54nKy1AQV',5,0),(579,'CHZrycZpfJ','kYUZLLRHOH','3464385773447815','IpDTtrSEt2nAIZ7p6hRl',1,0),(580,'yDJoBRclTd','wuKoAOSrf2','5447335497250913','yyH9oyxwT2LuvMHjTALU',3,0),(581,'ox8WvO1VIW','apWLACeeYa','6794784683818423','HHW7pokx58iDzwexvsmD',4,0),(582,'cN0JFO7DeI','1oLogJe978','9693152457559188','943koblHwWAWAbd59zxK',3,0),(583,'QvfuzggE8Z','eB8D6dkwkZ','0740827657668969','rFkQRRYfZ6vNwnNuW8In',5,0),(584,'A9nYGyJr8X','0fVb4B3Q1Q','6435860410756421','2vHH6XvFO21IiMKTmnVM',1,0),(585,'iWOJOCdg6r','cyZPdPkdxr','3721568675000084','9vZr96pZmBZIk5O3yiJL',0,0),(586,'tejeTR3b8I','pyyqRejuX4','3080034319730901','1eO84MrlR7gMVO8Y1tYV',2,0),(587,'Q0JtI5dOr8','ZWKrloDwqZ','1015439940204555','ruDEPkFYqMRavpMdEXvP',0,0),(588,'H2ozYYWFG0','Y43kPdxVZw','0833165119939510','kuidSs0oaakJGlQ1fEpJ',0,0),(589,'tAX1bQAdg4','gRV6wWiwB4','3558429561881084','CDn8yR0mOJLoxFg1Ua7M',5,0),(590,'zkKZJxJtWI','4bp9hH0imf','5701002545343978','Q9xdlUX8LwEEHcujQNmB',2,0),(591,'3K8aZt4WpJ','og1WEb0UCr','3213119676708070','DyyZYce4TKV0z8U3ECKT',2,0),(592,'quUih3GzIx','CetdJB5NHX','0387048314908721','mP656OWIiTjV0Hs5J87G',2,0),(593,'tTiERrRmqc','eVZcQq1lBi','4026370495306257','Z8RPizYgUwuA24LFWLhc',1,0),(594,'2rKMtl6KPj','APisPv4v05','0620484062047033','UXBuhGEibCBXBzcn2LP9',2,0),(595,'j8bkz2jAGg','QZtGMnyHu5','9150470784991921','wv1bceVRSp0oiUaUTJzI',0,0),(596,'kYEA2Oj58d','oL53Tbwe02','6092342461518251','pYxDQFpRLKNpPoLd3f8k',4,0),(597,'Vs3E1o3GRK','DDNUeMRuAT','7139239076643107','vT1Ee6sTQ9jL2Cyod6LX',2,0),(598,'ATl8fgvMtR','7hmFJq5DDV','8968973537540900','dq334bvQF7sFqCYJB6d1',1,0),(599,'NWRVIdp1Lq','apLNnSfawT','5379495845613080','30MudimFSBDeYjzCyWu6',1,0),(600,'J7owOK9Yal','uum7bUkSCj','2603914240467671','Qe6PDyfydLwK3h6F2atg',1,0),(601,'I0Jmvfw8Hp','Fw82LinHKd','3922491938456423','5OV3CpchOrH6rNBdR81a',1,0),(602,'3ArOBBDcI5','ItjYSLDuUu','8597531762307502','z799hjlLxhzQH6KEJwgh',5,0),(603,'ccBsmHVyUp','wsWksFlPVD','7645277839145592','wAUh2DUcGnx0vSOtCq4t',0,0),(604,'70pKHpKhVP','RXmYZMtN1I','7861751005254359','t7ZVEMTl87oD2okqCT5F',4,0),(605,'0bkiOdnFai','jDvcaKdKv8','2272973429942806','9ozduNldMn71HY0KcbYr',1,0),(606,'jUXATZLD87','lylR37MN9e','2472145168105027','y3E5nPkC3nYQifgHdn0s',3,0),(607,'DuM9nPkr8Z','8iLkN1fllS','9063889170287620','LjYbphK9591SyrKfmEWu',1,0),(608,'eU2nJPuZff','Ek2FNtZQ0k','3611840672160278','3G7pYBZQUifJX95y0qV6',2,0),(609,'M8wKvqMBRz','QFdufnDYdU','5072145016457692','H4EzbcwbzcWosqctpkth',4,0),(610,'JqsBr0YnEn','lAm85toL9p','9589423154396911','KFeYtlSR23sx1pWoBfih',1,0),(611,'CKjNmksPuZ','jrMLkqgcP6','8984073827448820','aT0LsBEt3npy7CNR4qUI',2,0),(612,'o2l5EAzxmo','cDNsVRnB4U','8600793832611167','DrdBLMTgkxIaulyxdRN8',5,0),(613,'EsgfiiEhSi','d475pV0zlx','0038488007172067','salGKGToRzIMmxNfca3Z',4,0),(614,'cbnljaJdYe','znbrienl2Y','6813441947631639','B06jH7e49l579GzHbtT0',5,0),(615,'6PQQcrL0OG','PjbJsHPsYe','9711697799155462','31bipJ9hCvlmfAn7k6jh',3,0),(616,'UAD29hAKOE','LdIzNdnWY0','4371003688309306','18S5asS5w5qcOXzWZ4no',4,0),(617,'XhYvJsW77C','gllctpDJk9','2287988011032251','Evor79W0h5lC10OUIAKH',4,0),(618,'7POCH4JaKf','GNidFVuM0n','6650971326950640','Fyx23PB95CdqjMlTMSKa',1,0),(619,'a3JyHIi5sB','uV7kaDiALb','2517246447567998','ow6S0hvaOMjroEyUkCt5',4,0),(620,'KYPQWmeb4R','QJeig0EQCO','2899580582985553','8mQJWvHTSlNcNHcD23Bj',0,0),(621,'h66t8QnTvF','vvAyG9Vb5B','1829723931200325','ejN9X9hqw22h649uMGR7',1,0),(622,'T101f2iNkg','qGNmY4mwkU','8624205681352566','uHo9QI5c1E9obz3HkDAG',3,0),(623,'yH8hR7VuOB','9rg2bcjwIU','9555763719888640','WEvVMnoAJAdWuqvqewsh',4,0),(624,'ChDvmjmbix','cJ9gj0XjxU','4229325804035845','16mjJBocZzjNnTj6mwhk',1,0),(625,'8HsucOMjFH','1RsfzKDylU','2215161757646297','kQREw9JJRcEE44VsPlUF',1,0),(626,'YQ7jnjAooz','HlLkm12LpI','8352463584134136','f3lCpP7y0pnWCkIaokyZ',5,0),(627,'W9YMnETYWU','96G6htBLvR','8921841114419263','J9BSVC9ThcXpGQcvxTR8',5,0),(628,'h0vSolSWnC','yOawEujuzn','8792877825954980','FGZLf0zBT238lgP3gmvZ',3,0),(629,'LHpI7Kz6GC','ikjxeco5Ex','4212681943844597','sTfQsyPuvgJSjQTjcHh5',4,0),(630,'Wq9taWV64I','0JhvPVSr1h','3750364973580598','eei1JhIaikZFOISQgsG1',4,0),(631,'iE65bhyWC3','XlYJtcYpHd','9739348187013822','iXTZS6LjAHZ5eRmjnLuL',5,0),(632,'Pb1YmetARU','SbDxeoQ4Iq','0504791042281689','Lo4BiwtcRitCkTS67l9t',4,0),(633,'Uz3gL8RszO','XzX1tLyRIY','2962546242948155','d8VNTBpfPvWyjASyvC9u',0,0),(634,'S51r1O7QhA','CDbFO2exnZ','0007817529970094','GIsMjmnvlRhalOd6s1O9',1,0),(635,'VnoBOuYebU','wvPnndBkJv','3099847841840548','lIg7dmtBSWq3Y0sL89GN',0,0),(636,'nRC0Oz0nwp','sSyEQkK5D6','4686974094637880','DrsOFiXom5vuzOk2rrge',4,0),(637,'Ue7eFVxG4C','KT9mMFg2xg','6223026320318857','lgnZlmb0O7YuMLC5TU9I',1,0),(638,'0BB591MOwh','EHEPzd41HC','7329491045135068','xDn9KWmPozV9WbEdcFtH',4,0),(639,'yKRzwLA4eP','9NP2gbXcgh','1060932304882684','BAjoflG46HRwLgEQGb7t',4,0),(640,'x2E2JE3qJM','VUObee9wuT','5820202803896742','Vt11EX3ynXVJFVutkpSs',1,0),(641,'Lhc8bHtfB9','xcQKquBBBn','6487557574182241','AE4HebC7KZWvdPWWLhFH',1,0),(642,'jBOcvksV8B','ZiBUWYrtWT','5567006997951398','hzwNjNVMzJxvN2doDed0',2,0),(643,'2pgvWsAedv','PP9qHE6Gw8','8925892300211582','4UiuKLjUCo1RoHkf6XeN',3,0),(644,'UZHiZ03O5V','RiC8VOxnpq','9153480400321540','Y81xHehFOlyfbG3Nk3og',2,0),(645,'YDFlUXphx6','CsZG1a8xkV','1673643909459094','vfepm3Q4YfmGBVFc5w4o',5,0),(646,'nz2frzUkfu','WGYsCuOsHn','4467786478764036','dKfS98gEjMHcPos754z2',5,0),(647,'wTlTJqVDyG','WKJNPfbGqz','0550538875083751','VsvdT2DkbM1wllb3vtDj',5,0),(648,'HNEVmCBhM1','AnirjwQ51W','4882233121187551','FVetQws7iglN4Owx1pgn',4,0),(649,'E0ZocmfvCw','0p7dcEszXC','9108920417948312','tfxVDKXzMGUMykakyTCL',3,0),(650,'M9A7ZyOAq8','ecexjUP1k8','5817898698526081','gcT2Lgze2TgU120dq5Kx',5,0),(651,'9ifK1FI0YM','wAcuL3RihU','6274616531189523','G66qnfJHy2neU0aFD0Wk',0,0),(652,'cABx38BmcM','VedsEjQ4Rs','4922513077103495','fWm2mzryJcC8oFZn36VK',0,0),(653,'9cIhc8rGTK','OGS4E9ODwJ','4555874572828818','ao5dUuFw3hd5YEy2vDN0',5,0),(654,'pi3722U903','n9jMqG5xZ4','9016985176951005','UhsrKvG25sX8g33HbbbM',3,0),(655,'PVAmIwQKjx','xe28QnKgLI','5404215030954961','iqDtR1L3LkWeb4nOcYrL',5,0),(656,'IsMb9vkJMS','FjL2mrCmNg','5431057737992287','JWxga7rL8SpOprCI8GTv',4,0),(657,'vZ4pp8WSy6','UyOTlmwdiS','2718319864443700','Fy2Mt0Nn02qsflh68BzM',0,0),(658,'6wlJdwHvXO','r9RxYKVTAh','3320518161690823','yYsvXWWVIrxOfXglLcOK',4,0),(659,'k4bSyAReJr','cN89ORZRfm','1606728793576923','4z5ZMp0McbYmq71TfdLv',2,0),(660,'we7ylvOtDv','eYQj46yzFJ','8632163192268855','mK2H8IzjzoElGBptPb15',1,0),(661,'ifWRVFm3hm','wpay972Fxt','1361931228753676','ukvGuBwxNh5LXtQsaX5m',5,0),(662,'884bRmNWwN','oAZzmZwJq5','8821699431236751','fsAVQdY0RjpbavoLNbe9',1,0),(663,'QCeEkN5IvO','vdAeUmNu3B','0152200121612303','InR7J5oyQBFYrZkEJqJQ',3,0),(664,'59ZbFxQ0BP','XhCd0omg3l','3228888179859490','4wRbAbPeqYOQpTF8coMk',5,0),(665,'3ChTB4nOEW','5xLLLQ6hvJ','3729878501721348','EgyLWvBGLutJZcBfCVYn',2,0),(666,'NO7wp5KfXu','5u5gd57RoQ','9241828924378618','br9CjUFBqGUl917kZIQB',0,0),(667,'pZ14GpxuYJ','Hbb1phc9kx','5877168171270538','oFvbYFboZDLt0LQO1nyp',4,0),(668,'RcbewflUsG','K0FOlo2KYK','5060175319793623','wwhelr9BcwmUBrpdjgEn',1,0),(669,'t47SCjreq8','JIS2Ccot4K','1863994240008724','uqPldn0NmPdZGpvYWaJE',5,0),(670,'Me56NtUSc1','95GibFIeqk','2925706024219067','ObCdepG2M9LmkA0yjgXS',3,0),(671,'OuX2aZLaGH','fSBKcWg66o','0618380313528736','wkjy8LPPmCEmrkfWSjVV',3,0),(672,'AUx0FbJdqV','bLhcSOSL9C','2131208709419796','EqJB77x5a8tdyJT8fikv',0,0),(673,'EPU7zJ3vqT','01ZOIIgMK3','8090564340532966','Jt1khbSi8GlvpLETiYyi',0,0),(674,'d5fvdPocUr','TjGh1eFuio','2568837757782557','RbdlY9IA9TIPFeoQigIU',1,0),(675,'mxiNq3xsWH','TyNa0k1pwc','7664698702292993','0fpV0Y7mrbf581AJoxqj',5,0),(676,'GUbhL54RBV','mPOQaKLOli','7522916183357384','pJQYdMWBRJfE2IIdH0dn',5,0),(677,'91t4cAY8vf','gywqKJd0ue','8819316136087269','PXGKz7NdfUwX7MLDzKUb',3,0),(678,'YxzAhcIVW2','oRGJN6GlY9','6675123580564783','WtHhgCEWzZh8NocGdolR',0,0),(679,'2R0x2vojKi','y3kuSfNE7I','9267010685322487','gnr6CwYM46SjZW9TOndT',2,0),(680,'0Yzr3rwBqk','M5BlgCdHII','8829699285167451','JhIupwOjtPvuhxlmidmc',1,0),(681,'Qtenb38SXg','c99yk4K9lZ','9008404851263409','XrzGBuQUmIC5dcLo7flv',1,0),(682,'bdBzAhIn4d','7xNZ9WxHuP','0548162038251081','f6z8feKwCZ2kPlWYxN8L',4,0),(683,'b6Icmmsd2o','NejWKHNZ3V','7581033424360621','h3iqmMRebYgrbKz9nXZT',2,0),(684,'nbs4ZQaKbX','aQgpoxgSQn','1338983864855466','rwe5mVKcbpOeyQmRkDFb',2,0),(685,'VNKfYBGeCP','fArDOZbiM5','1994254217168699','KJSINYZjMDL31ugzP4XR',0,0),(686,'Y1UDandC5K','F0cDxJMC5n','4694739306053592','tDuydym2XByD22ffkWvS',3,0),(687,'wJa0J1seNB','llnVBs7CSq','9251084179568397','cUDThrsIrGRmpXrQCMpc',3,0),(688,'Qu5c4WyMZc','4Jm2ja9BC8','3892873828196625','TkskRCR4dHwLYNc8laFB',2,0),(689,'cCYsYlcCIg','cBpETOkcdL','3169095659423752','NEJLsgaraCxlpajwtVSX',2,0),(690,'eR4iaFxh9r','wcVeM1Sd7L','4553201446677480','zyZh9nupjKE9pQ87MiYi',0,0),(691,'G8bTNmlcoW','cEAe9bk2cv','6412633552683190','8xCqvY3gsptJyTDrqxwf',3,0),(692,'hVmmAdeuyQ','KTcs7OOeLS','9259748477266413','ODWrFkKqVDRnmzGZqsfd',2,0),(693,'HHjiH5CMu3','1VJUHenIRe','2126411288670139','6bWHoW4JQziau7Ii7nBt',1,0),(694,'uY8wvMBbdP','xN7Mm6O6Tx','8121038333327900','RVkhjU8XoXAQ8vQ8DrW6',4,0),(695,'7cmYP30fWL','IJ8qjxD20S','9460884356047438','gNSLbmAPO0oHIdXr8ksW',3,0),(696,'CexeOgCJuN','hFu2ntASzd','5036491375619939','PVoX6CSjFOPoDfMbkFaX',0,0),(697,'OxoGFn1KwU','QQWa7oMmdV','2320412534181899','1s49riwYMC3Hzlju5sOY',3,0),(698,'6ZxswrNv8M','AWtjTMAWRB','7064271332902173','9WANN4o8FQcEHML7svDi',5,0),(699,'OMoNJQlVVE','NmPWwgN14m','6845069075436134','Bve9HvbaJVthiUamO0Fx',4,0),(700,'ugH7QPeGWy','95oIvWis9s','8676922857330267','Pu6iDzxX1MglWcbNEbtz',1,0),(701,'Vcm2H25nVt','x5cWhDqJOW','1784433071533924','pqweQv7z8NaLnlLuCs4Y',1,0),(702,'Ru1nz7PpOT','05Y8LEItFt','8314919932866264','j18kiVToDsWtnPIy3KaO',3,0),(703,'94UFm7BCJc','OEwmbUgLNq','6325723256947128','JneOFxGwNJKSi0MWYrkS',3,0),(704,'5v92kgfMHw','I3s8PJa0rs','9080690239413172','vmeYaPwhwJlOf5nabOtB',0,0),(705,'DFTRJfxkTH','PS9Jz3gNYq','6573658997821743','ouojJ37vVr7OPJBx3vo4',1,0),(706,'fWZG1fmwht','dZ882F7Dda','5204643983191366','FFnXiVsfTFARbU9LWGTX',2,0),(707,'ypMJ7ZxFuf','ckxDvn8Jjt','9165279845979165','PnvB20O1zTHO5M9BHd08',2,0),(708,'BBgk9IUn2h','Kk5K9jttJG','6900909356926005','CGJxQXMOZs6Ugze0ZNGr',3,0),(709,'kGs5aUpV7v','dZt2DNy9e5','3824943286947828','QTz4qrBHDVH0cGizo4rX',5,0),(710,'YDiJhbTCLU','u4hYCgqnO0','4514233414583512','8QPmsbEaitgMtg0VoCZK',0,0),(711,'wrOITLgqTv','temMfzjoNZ','5705156896307610','EHKeZopM160ZP0H1RFpi',5,0),(712,'VW4ja5bTPH','galyW7Sy8E','2066368625868375','mEcQbKY6f2Tva3ew43qb',2,0),(713,'leQ4ukXnN9','jTqNoNQlnL','9732995105051128','NHoUj7kEFkcBU0lmpS7o',1,0),(714,'b8iCHChEiy','cZeIcMFhld','9889001885510817','wEUBLwkZ9BhG0sIPLYS5',4,0),(715,'8KX6GNI5dA','zG1pXw899H','6522010222769871','EIJzSmD2YvOrGItHUIc5',4,0),(716,'bHIm8WTlVl','A2f8WHFBvo','4617043222067785','zlyCStqQTiXUia3BY6Vf',1,0),(717,'a61dbqXOix','uInLleUBDC','5190113683767761','Vu3H5Fnc7unleug6IWfE',1,0),(718,'8UeFmlJfO0','s2Pz6sKosG','3372328947792869','jwQX40oB346AAPoT44p9',0,0),(719,'iuKpufSZVc','5UbF1Mxl6e','9185016789724121','toz9lxXL1GEcce3ZD8MM',1,0),(720,'cbaYeEbUrL','Y532tPmTNS','5388014498230437','5xOHqgYpBaz3Q9Wl5y4k',0,0),(721,'eWld47Mi3k','wYi7I3Q1aM','8273931572065554','xyAkBlpNPVk7Vb06B9EV',3,0),(722,'FLdLQw0rYI','mEU8G2UY9w','5233284815773080','TwZGhmhZViHqreY6UFUq',5,0),(723,'ClX8K7vuTG','rfKFVoxbfJ','2679726005227690','YWsLyNGL04l7p7zyvmly',3,0),(724,'g1GgH8JVqW','Ww47aWP63k','8184859677095221','SpBKLS0WjjSiflMoh0FF',2,0),(725,'qZBV6GeptH','5tZqorMkQX','1801364788582134','zXzmHHrb2Vt5AE43q94P',0,0),(726,'wDyyLKbG4d','axtHWJ7fVg','5775312203356504','TGefIH1cByJfWcbgGCaF',1,0),(727,'CsVb05DJUy','QkFuc4i1Bn','7707934849482311','hkAPVFMQE9Rc62R46tGX',4,0),(728,'xkCdPukXZn','vkHoewXoVD','3279032648770355','dkSLh2bieud4wQoE9XaN',5,0),(729,'nrvIEpJcQW','3vZ5jhLrpJ','0035272577942844','JORU0ekjFFM4i9BCiaox',0,0),(730,'WTVx7IeJk7','VOnSrKrGFL','8797023471384091','Vh8D5ClpVXXqlT6qMEWK',0,0),(731,'hqeJ1fJCH7','kcLAhtR6Lq','6983489545564605','1wtyHTqKdnqYotUN0WLq',3,0),(732,'dcIrJKteb3','VQLcU0YNNu','3231513841139235','I5PIkGtUSZvuHCp9feqD',1,0),(733,'4z15iN9k8m','IMYoBk3TSB','8434531603679648','dLd51Gzm4N5MJ8OC1RiF',2,0),(734,'QFRTGQZJas','KSlDFR8IEj','6674698895196644','1t2banwCtiOR7Lnsj9vl',0,0),(735,'Y0UKAQcQQX','dvw951rBPG','1075783316219474','hxPE8hSIq548Z1A7ttlG',3,0),(736,'5HQKOC8L6h','UFuV6OiGch','8354387427170651','L94tf4Hpgu2mjhCNFiuk',3,0),(737,'OQRI1SVijX','y6uMebfuQw','6254278117836587','emxShbY8ls8c1NmkRdcB',2,0),(738,'eSwNbGeQDU','nz0vRZAxdj','3427978486594514','Y70MX3qgtNRYIEZGBbfI',5,0),(739,'BDGVL9AXnM','1HwdkaMi2l','7869707709916232','n0G9A7me4HL6IkA0y4lY',1,0),(740,'HQ2OGzoUmu','WyzHBQpILg','9943550622554026','GBxoJcuIuqTjSFkrL2hp',3,0),(741,'54YQF6ePZS','iM77JpaBFT','3999556351522646','lVje1in9s4I2jl33E7aT',0,0),(742,'sKngdAuPAM','sFwDIW5PzP','0050322202536053','tnd6oSuYo90o57N6zwkh',5,0),(743,'oqegYWU803','BDXSTZRrcM','2423506651521537','YNQBHqs6iVxr7GxgBzsK',0,0),(744,'u2lt2klsd1','U6NNrG8ycc','6449839556112181','OwGQLHiV9uQTWjwkdSN4',3,0),(745,'NnMRjo3fZY','XJlFXX0QlX','1399763438494950','1mROJC5rRCjqZwxMCDQb',3,0),(746,'XsZX2kJICn','Qnn0cfzJZq','1979621756313574','njeZOBwN2zjo3UZkdLMi',3,0),(747,'RB4ovs7tSe','7uBgMYiDwK','0808291640434026','kbXQif638grEgVNnp5oW',2,0),(748,'kepUssXhCj','WGlfdzdAwz','5052289365852676','3OAQrLjZyFc3XQ7pTFr7',0,0),(749,'Iih143LSTe','Ke93ql0Kqg','2567191239519616','4qfj30oUoOijrn02RLNt',1,0),(750,'EUiyqW74vt','VfNWlfp5au','0651899431036387','hKg5UO6BfWzCLTFRk2sC',1,0),(751,'erEGAAyr8h','Xey63Rcm0P','3467319192110543','92yhvR7Yt7Cs5Q5Fh0I5',1,0),(752,'zPhmGVdOdC','bxA1Kjiqow','6412526262508227','BX64roxmgnZAE6BiCmfK',3,0),(753,'y4hT3Wmq50','7Rpz0Tl1jj','8735734827205367','lpmjeDyjbfe1cK3nqxNk',3,0),(754,'jdJr43nk82','iIO4gzoLLv','0497622561591540','05bKnW2LrqpESXKoIyYv',0,0),(755,'OzYY75dprP','qzy9NfhivE','4346276077051725','wEC03kkpDfmxihUC65xV',3,0),(756,'EVX20ZO3zs','gwaCyvDb75','2827116417974387','08EM1R6h4Vw7oe8pcQ0G',0,0),(757,'3tz7d0w6Fe','WHATc6DUW8','9974809156799187','dXslJsIUUngO22wb4Qkg',3,0),(758,'Kd02lJugh3','JyWndul3qK','9998352334592313','YlkpQmfXOhmNj9X9Lu5b',3,0),(759,'jRKozU8hhe','cfwJty6J3m','9138061337480118','lgwVycbdJkIAZawzEqID',1,0),(760,'NHvT9EPK4R','c7OIPW62ST','6948244479481683','1JXSB5BPy0BriAKv3tSd',3,0),(761,'WOfbMzSCB2','xkTtYhAd3D','1319572390184756','qdCt0GNkQ2BEJR06Se8E',4,0),(762,'IjaKWBuXbL','D8vtsvTJjl','2193670245947578','nlttXzn2a1fNAyluMXYi',4,0),(763,'mctteyv7dH','jQFMZKjacM','7506844939425686','ooSVSow3S8cXTURRRsfc',3,0),(764,'bpOWxPoVWE','ZjVeB3RvPQ','2522195023508223','o7QM6wKoJinofZR7vPjt',4,0),(765,'YETNERTrWv','AlB3ywcaXq','8254273846095967','hBzpuWcvXvD67BNThS3B',3,0),(766,'ekvzqL4L8M','ZB7Sz1eISI','5327089182134164','4OWqgcLxXQW4ZdYZTS6q',1,0),(767,'yBWu9zmtcR','zfWMiMlFTG','1846379795706559','rnwL8geFhmdnGlgKSg0q',3,0),(768,'xpP8yinW5w','OFw7YQ6pIt','4826910377824822','ak0J8QrChNACO7BNwKWx',0,0),(769,'QtBoTvqUtp','tAx3APWyHx','5014182124732381','Yr0axNQLZOUoRHWqeRZR',2,0),(770,'Mbqv4AjGB4','0cIEezT69x','8527860433445800','JClqq2rfaQ50VQ7EGyiF',0,0),(771,'q0TTozVQkw','djFBBi346K','0958029965969553','LJve5TxXqUNABYsqhxS8',2,0),(772,'Qsxg8FMa26','8EqZJHnl2W','2893580744453757','i6tuKRLfY3meXfNf9Zbl',2,0),(773,'zBa7BkUiCI','iVwbA1dyPO','1989918664793912','wBg9Eo6WiecYDe7GY8dk',2,0),(774,'r3Rvsei7uE','ASHPhJMU35','1228159216061920','inJUFE6zetEm1sdzpDKX',4,0),(775,'upJcP9c3QO','TaEdEHkYFR','2572409564941249','8EY7d94q0F1qMexRna6C',3,0),(776,'ZACvzbhRJ1','80aRURs8f1','2418645579206301','q2anny479OgftR6bqI62',2,0),(777,'pdReJB2dU4','TPQHhNMGi5','7962667668903795','8NtwoCAGQ10sHgJw1M3h',3,0),(778,'an69b1Mlvr','qUXWNqrND6','8929169530931006','BbM0KBTDAFaay2iZZJJ9',0,0),(779,'an2H2wx95h','biGJmN81Vh','3746456305073072','3g4sM0TPL5MRckrq6YPV',4,0),(780,'FyV3ByOtVu','DOLbkFjOqk','6383980519914784','CgDijN8SSrUTBGVWfGbq',5,0),(781,'wVixbjAbTl','n8E9790eqU','8191169171912468','oG2ui7lKy79hiCFiVNun',1,0),(782,'XZS0tHsAv2','H0TTpqxNFY','0928264529868116','IFBb6CJXUrZyQrtyZArG',0,0),(783,'9oA6zvB5qq','Ey7O5XTObP','5495764218329730','OffnK6IeJFD3Fd7v5JLJ',3,0),(784,'uQVW1kwmQZ','QKhmarmFMJ','1739118634944980','rgVTlN8IC0wJGYBds8Bg',3,0),(785,'FxhUzTGdUQ','vt5BQ02eC0','8766233292595850','aEksLkUK2clDgYugWWMX',5,0),(786,'cEV5K7DQS9','dfyutcLPyf','6107755598306495','DsONN3lIyGLZlZICCGwt',4,0),(787,'5IruCkMeqL','WNciNlydvs','8922873736044995','OxwV4hdLyxQitox1hFXj',4,0),(788,'ZwKI9JNerD','Dm97pJ7bfT','3257012657790336','nOzDgHuQXU0TxoPASGbm',1,0),(789,'Sx29IEVwaC','CFuGPFaLSQ','5224307708724451','pN4koNgPEqZepW2M3XZn',3,0),(790,'DTJXK9xZKX','EVp2IORcFc','2870833930397084','P5gvjF72DKaxlzgZBTWU',4,0),(791,'incLjBfjo6','Gqi6VVyB3e','2731619534365366','9WV2RyO5YmvFT5JoHOx3',5,0),(792,'DtL5mUicTG','yezIYlIafa','0867176870804100','PP6ROP2zIs12tskEZD8s',3,0),(793,'TNhkDx8n9S','mWFW1j9he9','1563505590896628','BAl6xg9tSTtHavMKUsIM',2,0),(794,'5EK7hz7qZU','Ni81wznHid','8214040096220775','k0hmsEeJ4yfcrsir0VCr',3,0),(795,'HebiCZCXCA','ylwcrRqcJP','7457892644638784','4715jsRHqZBAF52sTVHQ',5,0),(796,'HnvO4ve9ON','KzjIS1gPOe','2365833020789805','t9QQCNPHzTH7Aa2ChtvA',5,0),(797,'k0ZVMW6Czh','2K76F5VEq1','1081720027451603','GXBptZ63IoChOMWaodqG',0,0),(798,'FvsBOAy56K','bDshjDAGYA','9901424651029763','KdYiQOKj2XxUhC2vFnTU',4,0),(799,'O0NDVvj3dO','HifMEVSMHC','7791671379071988','yR5QX5PhyLmukrM0mBHO',2,0),(800,'b2tiK9Zyfy','9IKn18oZYs','8071551476276887','q6eXMV7wsyJZXta6hgBl',1,0),(801,'uYwA8toaFL','cUnFLjtNvr','7049910897267027','ckJP5srfs58if93bhdLW',0,0),(802,'q44nTsshId','klvjNh9gss','0944597346580128','a4ASLTDbexKVZRQPfvxy',5,0),(803,'adXR6BDtOU','UvsUQJvZXt','8272559994433363','m1CfL3gVOi7Iqd1yW1XZ',4,0),(804,'UUwWO44TcG','jju0CWpICf','6270959567277293','cA3a0LOUYmoyKQ2uJsU1',1,0),(805,'hHbpzYcye9','IlE1nCVvBy','4844714615870864','gBJ2d7AOUDpFdhO39iZk',1,0),(806,'rAXBCMczTz','GKgP4NPB4U','2328799060794690','JXXTIDazVoeYPqiSYXj4',3,0),(807,'kI2NOUJY1g','GgxNv2vhwN','6835145443126176','njGFVDeutV2Wl7p7azAc',1,0),(808,'GQalP7C7cF','cAOlvKFV0D','8472144144676504','qB7xYXoSiu6kZpIeqgSz',3,0),(809,'AyNAlkwDgz','Zsi6jl86ZZ','5539393421046440','roDGVbA9abznOEsn4N3f',0,0),(810,'wPIWtFNxCq','bMkIOEAlnC','6930169827562520','zmnTRGM31xvYJ8cwunhf',1,0),(811,'gVam4eVJJj','IP6YRN3h9C','4677554139994034','Je6a88JMped4pZ3ef1a9',4,0),(812,'aK3hnts2qO','6OKR5Njxcs','8171957128338551','uabFSUEbrHcqbejBx4b7',0,0),(813,'jth4xsVa16','QbgTHDtQRT','4875546858083881','RCKqZKYfenKdXwrMMa0I',4,0),(814,'sfH7hGrnMI','VYgkQAyAbT','9122720036792308','nAMMmCSxlvTbQI1x1sMW',5,0),(815,'BWWja7Y96v','RcJQyCkpli','4615417576139195','asvnWeiwqzfRE35qhzeh',2,0),(816,'6DKiCYQOgJ','XUgz0NmKl0','7593295375356305','RlBFCOePFVKHZgP0pqVD',2,0),(817,'PuVDrY4zaN','uo07AivNFN','7417594661073236','KBWP7Yw4pnOrKSEY9CKp',0,0),(818,'ky5qLEHvQR','cG25F7elbj','3992613340847392','1EV3IzXAPtJ7lDslnxX4',4,0),(819,'67EJjbBFTb','tDJf9X7gZc','6490843458260457','8g4QJRifP6hWrKEOnnAc',0,0),(820,'KGIrdajGQm','TXXc8tcmbb','1596288529417633','CXKLIuxlsHka5JKFatTl',4,0),(821,'1P4fRZLPDQ','MMKnqLfiY7','9295226589609762','2B1SLnVhcc7puVVfC8RF',4,0),(822,'zuviFSgC1Y','Onpo8EfR2J','8890420558728155','YIxP73GC6F3NXwyV1ob7',0,0),(823,'3bbgdZ2ntc','bhpVtHwBq8','0471580115283691','MtNmh2mqzy5U1ZSz1OMZ',5,0),(824,'KmnFBwzwpj','leMuBSRJJ5','8289825326304709','u49mkUQUB3vSDqkVzLaZ',1,0),(825,'wRwVuPyA9y','xdsAz2LQk4','0166146933359562','O92HMbkDABEdAFH2fqxH',0,0),(826,'jssOeXbVbB','tAnYSUYFUS','2326732372142454','an6tRccfo6kVQbYOmhTi',2,0),(827,'EZsYAJZ3cF','ipioLhWhGE','1500921817947060','aY5SxLHwXFYO7bN2oBfF',4,0),(828,'V8YQQKcH7x','ps9mSKpE5W','2881760767544567','ElXg4UmK0zMsH7rGt1da',3,0),(829,'sJkubpHNlp','56lNIkONKk','2585794043606812','XsuofFplG7ro8UUEdslT',1,0),(830,'MZSBUzn327','XdSEfWkZbi','1512098801829820','SXaw4Z0GrrdRc0hyWR2b',2,0),(831,'zI1MBLKfCa','y0lnROmzuY','9359499926690504','4Wf5EjCU5OlDKkAerEUz',2,0),(832,'UEpvuj2Yrd','yP6t95LFJK','2774310226864728','IAue7gNbQt0xpmqRqJHI',0,0),(833,'cfKvAkHHA2','OIWDJ7d3vd','3345276048950936','scNU5fx3fgdy3HRaiPGX',2,0),(834,'l2hVkc5T4S','df1xNKzisP','4027884994927603','TOg8tQXYfaCbksMc5cWq',5,0),(835,'S5Ryy5z375','wxVtZFyUaV','2901966858262027','gSj8z76VD3otEpYH7eyI',2,0),(836,'sf3EPrR5ix','ZNSNIu6ZHk','8661329178951746','8Rhcg0De0xMg0ZykORml',2,0),(837,'mYlG4BxOqG','U5wYbkvc1J','9240836715434559','tEhT3HewrirawDY3WDMf',0,0),(838,'unQNRKsINF','FMopR9bht5','2876377493389485','SfY9s7QCgDPW4ieLS89b',1,0),(839,'TpoipjPejR','jKz1XaESWX','1451182163897766','oGzUtG10fHhjRZcmrR9c',2,0),(840,'WkWSvtllT9','KQYdRazZ4N','6244097477486557','DYjOlAkjCuvOmTAggAcT',4,0),(841,'rgQ5jY0ivl','ipcmeDy8bF','7623314377768761','slvYkkE91aaBAemtNfuG',5,0),(842,'VnZLy6Q80G','XYNvdqrdu4','8614456455407763','RvTQFi4N6g9ymUx483cL',1,0),(843,'PIairV0xtM','m9cgsAA1Ds','6131411789847519','BOLUFPmkRyMmXFbyElei',4,0),(844,'7Pd1IasjbI','KMcphdwh3u','0561528508289771','PamN8njWGbqwcX2jz1hn',5,0),(845,'ZCv4Jo7Ez4','K5MkcZvC25','4014860068661840','gLhSLAMEAPc5bhJJKJ4T',1,0),(846,'nZAl2iwmdo','pgrfN8HAq7','8413317095212387','k7XhvE8j9XUbg7lYWfKX',2,0),(847,'KsjRvvKTUE','Cvos6im5TH','3110360401838406','wp2185pwgwDmCnR2u4uw',1,0),(848,'gfGO1qcof2','AJOMTUaF5v','9820270987102509','1gd77yZwG7ClYV1FudNj',3,0),(849,'9EgmTcu8pE','AhHJS9ywcs','7721641874881608','BlLaq2BGyLogZg5qHd4C',4,0),(850,'9YTSqA28OY','MjSKYmU0ZO','2537406862119286','9r2mYSxivL4PwQP5nOur',1,0),(851,'HR8b6c7whe','2ajMNVgvbH','2601057823588595','gygtlu5ZMI0s2aSpYt5f',0,0),(852,'VbZOSmRq3T','wowLJYmwmB','5498427875787561','qf1Eda4RFGhtnZNL07jy',5,0),(853,'bgaSF805bP','t5ZvfZ7cqk','4313868353409563','8hIEvEBcW6CbKKEC7dAY',4,0),(854,'JxSSYvC6WY','YDsQbte0Ui','0358748153773082','BfCK8OtOU3lQ8owKwQti',1,0),(855,'1Q9XifjwM0','oocZ4B2ACY','2089702398294888','Xu0nN4MWyv6EbgNkxJ2c',0,0),(856,'8cILSzdAKT','z8Onf36AlW','0904479210845567','3cWZRJIESZGQz1eprq06',2,0),(857,'Xn6xVbbCSq','QvaAA3v6Sj','7249662275642531','4UTXDYVruz870FadNyav',0,0),(858,'qAQPJbtvon','Bui95jW3Mk','0296379078767785','D17tkIRfzp8QZIz8Vhz5',2,0),(859,'zARZ3cqKRA','Q9YXwAeAV4','3091332222625112','lzZFy9QXEaAlbDTVe5y7',1,0),(860,'gy0U4OQX4o','2mg3XNzun3','1137060254430192','g2B49Jkd9VMiGlPZLAHQ',2,0),(861,'nc5EpsHivo','pM4ahm7U4P','2154851801121170','oBLzKPfbITxAjY3hWh3i',1,0),(862,'AizUKd1wDA','JxCwunmXVl','3287874466305710','1bmjabOzERrvf5P9WoKr',3,0),(863,'dMuFa8XFUY','sXIcrmI9NH','4593248385021079','MI7IVYhrJ8nKdSRxl7EO',2,0),(864,'DqPPnHxXSq','r2ChGlH0Yo','8131323145262274','tLUSWDsNCV7GcnQPdT4j',3,0),(865,'hC3WaovN9D','6huzE2ppOH','0656115827591832','U0k130qECKOJX5rEkU9l',0,0),(866,'c0Aybb8JKM','RUEDmTxzEs','2236260794409926','w7ym7SRjQnBAP7hCMIcV',4,0),(867,'EuGV9gr0ow','ZYgxOUaZJE','7001024344354346','bSLs1UgNGfkK0ZvifLD9',5,0),(868,'536R1pFizG','0kITYYb839','2303545930235469','HQQhHwbrasIzcy2AxgfG',0,0),(869,'M1ebyAauJV','BEn6PeCpHp','9298886069766604','BXki3FfjkTezGxFfGqq8',2,0),(870,'KoOxkN1Z2P','qKyt07ZW4d','3774635787031581','Sra9QELfkNpYRsU9Ki08',3,0),(871,'y1JM4UtaDl','eSx57IpAjy','3417498634424157','4Bxbs7t7Eg8JSznQWIOz',2,0),(872,'qbpeAhjH54','mH66hTUVN4','0531488375707437','Jht30RB47DSg7qspTiiO',2,0),(873,'KfEj9AMapt','JbkqFs6upg','9442452852133882','q8cofFRMn9XoeHMJC4ec',3,0),(874,'OauxbVyKMs','8UobD1plKa','3823979195078890','iVZpxCHoq4YYjJ8cj31F',2,0),(875,'IFLAWsru9c','FOkF3qw4K2','9333718678650701','Da7W48V26w5u18vaz2VO',2,0),(876,'8kd0rSAPEu','XXgnQUduWz','7589717746795919','hG0kl7WQSx0HpVEkj8hk',0,0),(877,'LmVbQ9bxoK','qLE0j64hBJ','0152902340154988','1iOcMvCp4FG6XygSHrz5',1,0),(878,'o3fiM4xdLD','0iUFIcEfF2','3183065295618893','AwMiqz4z9KlZE03gtZ53',3,0),(879,'1B9dftJo5m','zhsTvyNSNX','3265019496323248','yQQMQURqjIpes1Mv3uYL',0,0),(880,'jfxsRwB1jh','Vp6Wl8Vp3M','1071960960523698','WPBF4rsmAz5vUILFbAw7',5,0),(881,'tHHgPkAMki','IXv18HNvYv','8782762270514911','Fj8miCnTuedDXYaEP2DM',5,0),(882,'4WtMqtDbD9','BlqyrAXxHb','7269860569048722','K13MH4RtLu6uabUsfDGX',0,0),(883,'eVIvOdhgTM','UbqW7xtH7C','4654036215378156','t5L3MUy8fVL4Re1kx9Cw',5,0),(884,'mPbMNa18xs','9A64t2QNaZ','5041954589010805','FkYSsWBEt6dBdr9METxU',2,0),(885,'ITowFR7xhh','L79B5lt7LL','5738795385828049','gMvMsJfPxILEShn7Gc4B',4,0),(886,'SvkiHCwBSG','42VonGCR1T','9089956080615278','NUwRL56bdazsmiouG9GZ',0,0),(887,'t4tC6QVrKY','JTZsxG8Izh','4966028504669842','p7WSoRFxcMPdZdhb2hC0',0,0),(888,'vRbwfagJCE','QievTBZbxX','2146572232251488','nZGPvVS2PcY7dhff3hAM',3,0),(889,'QhzQPz5rS7','fZI5K3BYCZ','1172875904419323','aeNyutcfbORTSj93QV1m',4,0),(890,'9rjp7eEFLN','hGTQVfVQ50','9573667663025717','xeouxfDpq6lKALPayYA4',0,0),(891,'vsjqRxq9yW','cU4YlddAVa','6257536078147109','cuC3Q8THeLeVlVHTXzdy',2,0),(892,'I6sgc3UFOA','bPF4heYJkV','6113337839923222','jNQXPchPWMcY97S6diBk',0,0),(893,'PO1HRRmtgj','umaigs4dOw','8722718134033603','lwvs9KeutwnUbDXe691F',4,0),(894,'UrVcZIJPOy','5fCaa0br4i','3185680009344895','YUHrPEVndHgXpJ07aU7e',1,0),(895,'zaGvbdRnA3','LFS9dzDFKw','2461761409524485','5UGuDErA0r7UnVbgd9E1',5,0),(896,'CZV3BDb6G6','caq67UD9Ms','7571755723106317','GWxRF33OvIlUPtyTyorJ',3,0),(897,'Z679TNxLIX','mgnrAazjla','3057315130020021','O7Y2fDg5CrOh5NGPqpJ1',2,0),(898,'cPpA4LBDEn','KrPbbQoHHb','9504865187853529','26hHfpVsyTDaEXREViXv',2,0),(899,'RluzDppiMK','h5IM8Eth0m','7072590795266713','hhkowk6zwxr7Y99imWIo',5,0),(900,'GyqBpOpU9g','RERQoq4HPb','7863255057796776','da9DhCIYJAitH44OyPzV',0,0),(901,'Ckft3z83Ju','BLnYkunMvF','2954284287885799','byjHH7hpFPRxqVvksiwn',4,0),(902,'ihTRrh4bxe','mlga9rVxRg','4521298267528915','YVJaiIrXwbVlOXvWJWyI',2,0),(903,'0Jpq3A3Mg9','C1nkSyBlkM','4745768004875659','6oNLfAbWGbaw5wXReh4Y',1,0),(904,'2ZRC4nYmAs','KMXssHDsyN','0703981155212897','yeVGdEyOMR6231KpMP4e',5,0),(905,'9y69eQTxBu','IHbfqFxh5H','0954519352209861','oEgWsrPL9InR8RLXOCDk',2,0),(906,'wcDItoZT6Y','fU0aObs18J','3052212834570543','bb3tG1HgQUz5rXcxFNQ0',5,0),(907,'ASX1AFXvh3','g4sgGXe8wQ','6880957905558627','MmfwUtQDUYB3ofxzdoMV',2,0),(908,'DbPbwccVpq','3neGgTL4en','3905858614712221','Tsp8LFq1JSRGC1pVyRzC',2,0),(909,'QthINJac1T','PRJxiobfwx','3246676450201685','VsA5X4RQkFIqoF4fE6vx',0,0),(910,'TfBJBawhe1','b8nFJBSlRm','6240223672451767','Md8kIvywHXGIUC8iw7t1',0,0),(911,'1j2qD4Bq0q','JZVV0mrkcz','9921056356569538','a4UbNKmzHn0hWnkXxCHO',5,0),(912,'cNsBT1g4ik','YWBCGhl0xd','6522227343726383','77BNebCnymddoLw9lm4J',2,0),(913,'MLPTfJ7Zih','E0YPuKfkVu','5567128263537243','7Ljr6jdpO8EmcolD3tGV',1,0),(914,'cphhdmuYit','OK80TMF0lm','0817045954733684','qcVlA9rM4D21nWHck0RN',3,0),(915,'ZbKFWAdXA4','Sn2YiqWViw','7547313525358241','jtmU717eCq0DtGMM618j',1,0),(916,'7lygVqSNps','K1j10giuNP','7474512381949492','UQ8ZmP5RViP8jYMFUXGm',1,0),(917,'fQDD0AHnE1','2pKLlaKFBt','9560169445756721','ocR2sMU3J3hQsjBVcVj4',5,0),(918,'OyrV6j5PhZ','AHKar3Gduy','8092412547835046','dL6tnjsBHm4cO4CJsQUZ',5,0),(919,'hjlHHeB8t4','dE0DK5X290','8880338587683174','T8cb9C8fnD0Utw9hmsh7',4,0),(920,'A5dEcUT2Eu','F7UM57cym2','8891504294612376','10Dc9mntAPvBkx3HY4y0',1,0),(921,'qBcruaF8rb','1v8EmO8F6e','6312575976723914','HpunAzyAZ2C1qT0wf9Lz',5,0),(922,'nRbINZPaSO','xzSaJE7tAw','4276950249078901','m9m7wXxIuaGAgKf6LdYI',4,0),(923,'6TDT0tXzwY','oyBoxDbOjp','5638750932531940','xZv4FB4DGTX5inbwaTB0',1,0),(924,'fdBWALn1I9','eZUR76yKj8','0946269611322542','aShGmH4bjZDCbb9lxHou',4,0),(925,'Q9mLAlXkEq','yEZa1ofD1o','2955741669428142','UxIXPjjyzwvrbhE3yQQf',0,0),(926,'y1Q5L1z6Sw','BixXYXwBKU','4089853705851625','IJRk1CtfaKGxfqkcZOvM',1,0),(927,'Al8huoqyr3','IitbuYguUB','2965203584092132','JhZqkH1CULq848xJIXFr',3,0),(928,'XU8smzrWkz','yGWx2VQTEZ','9689966934601553','RaaL1vrUkR2pqIQZzLW9',5,0),(929,'d7Tr7azxzG','II5rNf0Ciu','5236112086110733','530hvb2LJHupfYnCD4ha',0,0),(930,'2Ptg4iAIp2','6vtQypW9dz','5519955459421454','Ky9Zuf5qkzc8QSlp0sOs',0,0),(931,'BNpisJLdfr','mjCcW8oBW6','1269270205921182','izz8F7BKNWmv3lSTmoCk',0,0),(932,'tYuzHRp66l','rV6t0D0jBf','6363718076848267','VMQ3fBXlFxvXxBNJjjwz',4,0),(933,'iNXtToefri','hin8cZXbsD','8403167539891454','IOwB7T769Xn7omidYlLl',5,0),(934,'YG6eaaxG4q','IE3bZzx4QH','8262295840844386','i9fTYBXNsFHdGLDQzvZ2',1,0),(935,'QJDXHTWKPR','Ey4rT09qeM','6046764105364783','LeQZAWCAeTEsCFGlV6zN',4,0),(936,'pnjoMPMeIw','NswkwWzAxN','8042106665686695','WKCrNTUKD0QKQF0QE4bM',5,0),(937,'c9ipJBYzJd','FXx7ZFQgBx','2777215528136840','NJGq1mv6YVKvKTVzN03H',1,0),(938,'JrbzhMEVB5','K5cRGw80gr','6286086010540931','CuVEgn3aYGR8lXNQ9BHd',2,0),(939,'bLw8EIXDXd','Fz2Cpixzvm','9635387091251645','7S9NZtZu3sXTocYKQ34W',3,0),(940,'aC2A2AF040','GdHbTcRXae','7254930444423631','WND3aKVnQh3UslWnxT9L',5,0),(941,'JCqdiLAkzy','xtpT4Nicxc','1967234028177116','p1VK6FMxZKYWlYAdCkXi',0,0),(942,'AZiJ7JonVP','zs6bdXlYBr','5997222000547667','IVljUTxOlghoW4OUVNFS',4,0),(943,'gJLnBDy6hb','Je58qbCekq','7407796765760752','N68YK7PjLatlagoVy7YF',0,0),(944,'xWNbKCxHFY','KRcZ7VHlfO','9179215379567500','ctlt3PsNGJoND1bFKE3y',5,0),(945,'JQqRoGJr78','bEvSifc8IM','4618175172680159','5sEJTeDgNan13wyC041M',3,0),(946,'doT4H7ErHL','axXTMVah6s','2250455648591760','H911Zl0hwxIWpulIVEQf',3,0),(947,'AuTqBLIEId','AmXBr5a7qj','4986576849760316','GMlRN8DxXF6AWZuOt5Ty',3,0),(948,'DpLWx9lamp','A3t9CkARcI','7895184155445798','9kc9dhDAyavVWYsvoSzY',3,0),(949,'1SvphjHEwU','qpy6agSXPv','8206149990003396','CNau1YTdeFus5uBzkqC7',3,0),(950,'tPX6xAaVJZ','fdYf8NeF4M','6512571548471614','8XI7ZppjiFiqCLDWZL9n',4,0),(951,'fNtoij1P2p','dIHuo7r6hT','2779910122518602','ZCpPTygyoafZH7Q7mblP',3,0),(952,'F5jyUz6IqP','oucPjUz3Il','1987186244867022','7nuud13iWX9yHc8ucN45',3,0),(953,'0KUPM6yYLA','e9gjvq8SIE','7460217231036071','px6TyedJmNobTGAVdR71',3,0),(954,'CO04CxbGxU','UoJamvAoqT','4021603416235493','t9b8D3nRe5SCfZr4f1jJ',1,0),(955,'JfNb010cUT','QKZ7g77won','9573140055493154','orFKltv36ayWkjOUX4UP',0,0),(956,'IQK0HM71BQ','Dkb7OBwxOh','3338462861550809','KCDEpt1GkCXkJRuQWQAs',2,0),(957,'dPE7ats8df','jInKN7xZfI','7434541079644013','b1XEmYIBw0cp7B2rsRAh',5,0),(958,'MuBtjFqhxf','k3iSbiDNF3','3101023555029169','DhrOhHdK3qMDFoogzUg0',1,0),(959,'e5YE0C4XZ3','5eUfe8YnUR','5262694631400427','08lgbJNxO90Z0fHL9QWg',0,0),(960,'oCgLo48NaV','CkZJ0t1OJd','6367418612304870','2JdwgkPpSFDDGSkBewwj',1,0),(961,'oh9SHOcKeG','9C1n9jceiS','0138579786433359','BzzrFC7AcaHiRWmK87nJ',3,0),(962,'M5WjRhZMcA','1ukijIMESg','5111418769456064','7Pg8uF1wKomoGojTYFyo',5,0),(963,'N7IFgwolPs','ZxAd7PZsgo','3041825225449507','131t8o6IMk4SwMa4wm0P',3,0),(964,'f5v1Gu4mUK','iTiuqmTBIr','9101884595622935','8oQ1pnuR2aDh49CvW5E0',3,0),(965,'rui3rceQVF','VXI4my4eAZ','9892007759281929','Ajgmq8E4Se2DP86xExuq',0,0),(966,'oXGGQpzFmN','5ZpvUFKxzN','8948942812164937','H0lzveaQ7JofvXooDVEY',0,0),(967,'2s1cZ067jn','lDYkD6FwKP','3287955597791081','5l8WLIt7saUtoz43eAar',2,0),(968,'2JFAgbHcdR','Cg0dc7rEvE','1502208103538384','huqtY3NMxcXnI5zzgqYH',4,0),(969,'G7SJKtO61e','sZ3U6PnS7p','3425514037162521','3MQhHL6uBC8Vh7LxNjIz',4,0),(970,'oI5HsvgEIk','GwvYpLVX0Y','0983433966124481','2V0OflImD6xwcno7qGBY',1,0),(971,'obtm91JtDy','eEq9z65sNB','1366223162417099','3TRkxPBDx8jSnRvQyoSu',0,0),(972,'epvkgCyksE','l5FRtBxJjl','6018172571446573','adreYVc3hxNj2eFTd47f',2,0),(973,'cRDjQP8f9V','JdXOXpgU8O','0137659764258123','qj07aNJWlnrJlzIa8YLj',4,0),(974,'1XpB0JwNVz','QPLmnBIyj0','3597019815584839','HdtQgxrBTtukD8kMO1bb',4,0),(975,'kb17z3CxCV','tHYcg5Z9Dq','6498330444207072','2w1kQk80pGgTGlOuBPBl',5,0),(976,'NCOBe8JOCh','sSceaI23p2','8047685018323482','TCpEo1nER8khrT65DWfT',2,0),(977,'6EohyRXVfd','51ZhtFKkyT','3806769459963589','kQ3UPGJSFvnwOLXIWLz0',2,0),(978,'DkSb9qDPJj','62GnOy7zsh','4599410524077601','wDoid5cwVqz9fBhSSExK',0,0),(979,'fml0swMo6G','VUkGLGJxsQ','7604179959309737','Vu313FVIRSBMVf5M1QBo',5,0),(980,'Y5bQTyew3G','5CbsJaLyDP','2101093836673560','So3KbcOfNJPYLpev3P9A',5,0),(981,'LrelP6t04d','DJjxQ86QuL','1411944718566219','WZDZWZonFZ3f2CkCphPB',4,0),(982,'epF6rHYGHG','qXokzlEeUi','7671478168113683','VBFp6s21TSAULT4bttqt',4,0),(983,'3OACEh7eR8','DMDZ0UHfXD','6945301213563584','kRrSjMTkZ6uOOCgfhL8d',1,0),(984,'YaVfxxRpUU','5qjKIcTcZV','0225857924427931','SK5yIZC65oUIZsn1tT8S',1,0),(985,'U7E0I4j74u','3zqVQ5Kc7o','3167441775157622','Ff3dvzUDbIvFs3QbCOnx',3,0),(986,'05VWxFjXwS','qtrj5qf0g6','3306493429272152','Op6YiwlTHwKzvq4qPeho',5,0),(987,'ZrxE9ujYgQ','ph1Fmd1v5y','9431924369213234','G9Cl1bjw4nLrIfJSsCuj',0,0),(988,'InR363YbSl','gQmAQvdv1V','2181156818116767','XFwBBb0mKn1WLou23b08',4,0),(989,'dLbgdtk9Vn','osfdaeh5Oz','7210675441599138','6H2WuxMLkCz6t0QZR632',2,0),(990,'3j87hR7rby','G5MEzwQ7vK','6273525713838433','cdwkgtQpaG87Ly04nHEq',4,0),(991,'pJDGhXQMh9','ZpcTHMHJ4n','9024934040109211','0UbKT3PO2MBiACLzdEfG',3,0),(992,'KJadC9M4Yd','CdawIgOaX0','0322670776529458','mShLgtPlryNfbFLcubjF',0,0),(993,'lxHiXTsYg4','wQITLxoQo0','8087446653862499','p7IqDZgpjXWACeXPtttX',2,0),(994,'0JRL8aIVdk','g24F8dats2','1626076351734775','jZ9LEVB7W3ZCGrAucigM',0,0),(995,'Tkd89oYZL1','676suk8o3A','4141410678680297','WFaz0RdEU57WvNuNZrLn',1,0),(996,'IEsT4AAfq5','MOjj9TpbQA','1238693107014867','HssmjSZc2BaEJaoDtzDN',4,0),(997,'xaiYem86ms','w47ptuHLGZ','8269379628482591','h0yFgHzgSWbXhuswugrO',5,0),(998,'Gv4zCOwEtQ','65pd9SuNig','8207557004167197','KTDbw0egHhmFvz6pZzD5',1,0),(999,'7vzBaI84o3','8X0iKx6Mio','3648540837995899','mlkGFgUUzOE2d9sRl0Fc',2,0),(1000,'o15upBbcDl','XLOi2sQwTD','4566212020718235','NpkBpvEOdempxB8mZUpI',4,0),(1001,'SbKZuAr8uj','TzbfW9z0QW','8264143437504590','ifsTVdrruuZoMfMpdw3i',1,0),(1002,'pptxfUSh2K','zLia2SbB2c','0705297060259108','M4MXSraJOFZxr5fn6CIL',5,0),(1003,'hnt0ak9B4G','88BK0ykQEu','7414923863091339','lkaiZcZykaHi4hORUgJ0',4,0),(1004,'bCQwvpr3wm','mgnnCB4c27','6531275695189930','Qv1OMrdntO6P6QzLDN7o',1,0),(1005,'1Ph5QBG33W','YhwQHKSqZ9','0817213989824966','EgRiXE7uAivPl5CFKqHj',2,1),(1006,'Nmw2mz3Mkv','KpUIOWOqFk','2066447476259991','ptyr18bvpTfkNE8VtOZq',1,0),(1007,'3gpbADYCqA','pNSF6D6moT','8308560945801295','GcOJys11KxoTnVEa7zMx',2,0),(1008,'TEhKvUR0qw','E02VlD15zy','5656873693699212','bsML8lEoIAaLZzIqqS6J',4,0),(1009,'sEiz6XSiUu','UIglJha1m2','3451518425235588','B9isavo37js3GenqCUN3',0,0),(1010,'2CiLf4Dk50','GXjx3MP5l7','3807235907313778','YJa1WClronFRCdUQkBuJ',4,0),(1011,'pXLoEpikRI','bf8KEebqix','8430238544058870','kwO16LaXfaK3Ssdnb66T',4,0),(1012,'q86CHtYrdD','uJ0bQj2p4q','2333811102500640','kNGmP0Wdr2nFeHqJ88Ei',0,0),(1013,'hzkIiGWaLU','azkuTp1XVf','4617879129116210','Arv2P7N82wZcvrxH8jW8',5,0),(1014,'tyHogSiHox','b3VhdbNxEJ','8782935670734845','844mq8Ekl1N0t4MeDd5K',4,0),(1015,'V6MXoXEhBJ','FkPqaPHokQ','3166072362081898','oyXdmtc55RgwCLayDG9k',0,0),(1016,'2wE0USBziU','IGt0psDkwL','5631820980971744','DeXdQHXWWrGJV2hKE4AP',5,0),(1017,'4BOHwZQQ9G','k0mUbBRupr','8209773098742185','HzH8IROW0UEh1urIbyzB',1,0),(1018,'iy0Z1ty0ES','5aUEf5ssZh','5453549362472753','5HIjJCLjrAnApa0TSt6g',1,0),(1019,'vgSvyAA025','uzEkmpYoAg','6243576658998801','RA54eCw61hI1lFpfQ4xO',0,0),(1020,'elScHbe5Bs','yppfvW3xFB','2158145077156542','0qMxU9mpQUKWrhERyEVh',5,0),(1021,'2gj23LxpQA','h0JggrcGLN','0420347685448413','7m3BUFrSVmVZ6lVkmMK7',5,0),(1022,'LEJgRYvzfi','6mT5xG7iVK','3968303409397624','eGNNQSWoYdSsdzDuTqe1',2,0),(1023,'HiwefwsOQl','XQU61MisQ2','9694683631188808','dWq0ieWGYC0ByLyutySE',4,0),(1024,'gZ59SeurtE','B2dIPs3ESt','8988940059314728','0tG8rkJ0IMfda27BnRv3',2,0),(1025,'J7JtEZ88rf','uG5kXMAbjd','6977680064416143','LvTaywEWM7HQL5t4nIqL',5,0),(1026,'QpGDaqkU34','Ce4OPqI9g5','8095243974628500','tkJC9ixivLfflArAgo5d',3,0),(1027,'ZoIHDR9OJl','6gt2gfTLqY','6072695302261143','b2HxTtoQg0mARz5d9Nmm',3,0),(1028,'XERX0AvmR9','tTMG0JBs5B','5662457488504814','RbBkcS1bt3utVRHxghVf',2,0),(1029,'YQqaubZbZP','Z7ch5B3MKT','4555234767844374','C3VKUFSLAmwb66hT8CME',5,0),(1030,'6bPpJnfm42','HA2wN6e3zX','8392945531704208','6ybPyNJBYTR8QzvUUZvA',4,0),(1031,'LkEYdLUml0','AjUwiP9HQa','5289771806473454','r8MHZxy5UcQ1lz2l62GQ',5,0),(1032,'csiUE59yOF','BuuDYrTMto','7028633632544463','GZRBucPD7kLDMECTXYMu',4,0),(1033,'QdngiHYWNO','zRSQCzJ8s1','8755172752481055','GKsXfqqsezfufqh4ycZ7',4,0),(1034,'1z2P5TxOLc','jjrYhhNcyO','6464313208930149','OXhBQL4aJouPUcfAWF5c',3,0),(1035,'FE5yUztezn','a9AILoWB4P','2472551832458412','BZxsG0MZWRqn96dzLkja',4,0),(1036,'0xmH8yZqo0','ud6gpF069y','7344286295947568','0xGcAl244YPCfu6kfo0V',3,0),(1037,'62dB9pULUT','uZt5kGpd5n','5137866542204100','rFYILv5b4v7UNWIx6YQw',3,0),(1038,'2YRAez21PO','17SXU7suRl','6093324611448034','qD93bF60daMsiLB4Lcdc',4,0),(1039,'KpAnLMSlBk','VMcgirbiW9','9842566521317348','1g3623GxmjQg9xRWj9da',1,0),(1040,'pCHVJvlQd0','R3TNz1SGlE','4358258109825287','67vzKI5wujlnSCKYy9hM',2,0),(1041,'gZShNqtSMm','ZgShpotjJf','2371405393052737','GVn6DlDpXChIAVOvVGyR',5,0),(1042,'I7TqVdcoWy','a7gkWJsC13','0390353672412947','2MPXboBJ7aQwFpy0LZMd',0,0),(1043,'tKkx9zWgxN','VvIglstAcn','9128678908822084','bbuPr30sktNka4p1di2e',2,0),(1044,'MqbWRgVcIo','bFcEt6Q075','3571245170935172','4Hqevmln2rNeZSUDGeuE',3,0),(1045,'lCRZhEppF3','7a0X7GcdHG','8192250225136002','v552eJCOHMihWxUGS5dr',3,0),(1046,'zPtaXzc7wY','QQtPAJdALJ','3823266590491666','j0XVtdBP2ksp9lcstnH3',4,0),(1047,'UMeRmUhmhm','0jQYMDnhxU','5216688214822293','vDZGhdxMvgYgWxeFAcLU',2,0),(1048,'jnMhczOcWw','RKFjBEOQCp','1581254079736372','26VlnyvphjkovPJI3esR',2,0),(1049,'hYhgBQQke4','YSjddBxPyS','7171481666901832','tpFkGBN2TD63UIWfb3Fe',2,0),(1050,'FDZpg0pz2z','HSGDCWvYiw','6675987486601387','dnIYlEgSKbP2K1o3xCUn',2,0),(1051,'SYiOLTVwuZ','WrOu8LY7HV','2515616977943004','no8CItd13LQS4psImVVo',4,0),(1052,'KftpaIvxrZ','1Piz0iSkLt','8277111412004753','kuSNrKfQISmYmB84Pfml',3,0),(1053,'xZ25nFE4Sv','Q0nbxIdFFn','4110372581147155','20gFYk5kZZOLc6HeTRwk',1,0),(1054,'DVJxOJf25S','q1eCFG8omz','7222739291921238','rvsMyAHGMVmuzYMhcHFM',1,0),(1055,'2YQDhjG3WV','IvE1GarpPj','3535678704477093','8MB4C469P05Map4VugfX',2,0),(1056,'BctnXfGJyY','VrGgnpAPHm','7833340885038931','nMOTgk6QFhHOB6OqJAlB',0,0),(1057,'B34Y080otc','BeNgeLS4s6','4537942107504098','Izn3rqBLBpF3FAYcQTFC',0,0),(1058,'x5CR2zD86l','Id7nsT12hK','3632541076184655','im8ai2ydGl3assgYHi7N',5,0),(1059,'fD3Om7Aeci','UiRGWj8cyr','2824419983911387','eBSVS2GbcKd1IcHIww3A',5,0),(1060,'ij5QoWa9CA','1FZAqXix5H','7945089556301706','jJSQBjgYLQM6yURf1MWW',2,0),(1061,'rogtfakcv3','xfanqro3qm','8975528216359848','IWO7qiJKavu9vvwerYSi',3,0),(1062,'bU5PqrDiO2','0ce3c4Y9Jf','6636273464931913','IepsNES8DyBMovB3cX7h',5,0),(1063,'a39kCYVMp5','mDDckrCi16','1310684046814610','LDIZwiVdsiEVhMui1HBJ',3,0),(1064,'Kecoaaz1RB','rxHn1tnjA3','9785317372451568','PXQAuUOG1lECV1WvFO7d',2,0),(1065,'QS216JE6lN','Zc2800PyYv','7900079624861666','n2Pax5rZwtZGqPoK5pSa',1,0),(1066,'UAILSlHM8w','hsTRtEMecJ','6979679915233791','XbySmGbYZq3MzfEPi3vR',4,0),(1067,'qhZlVrpTcH','WePZDeOgV6','6564901620834879','CBFhs7Z2dtNyz8utNvYp',5,0),(1068,'stD68uqx2I','oQdkxDp64L','3305918006384239','fZsUt3BhFnxZRRcWp9oi',4,0),(1069,'Y83PqUwUDK','1Iju4iw3Fl','9812982018649256','7Xnt0IpnrFWpAfRxyVJo',5,0),(1070,'cHiLPTLD6J','thXfKfBGDB','4601103290859343','xXf0ZXoGhIrH2AfBswXy',0,0),(1071,'8RB6ef5BGe','3xDvbVMWB1','0927727046913773','vmDfggoLVputVq8iGPDA',0,0),(1072,'FBJF6MxipN','5oeyASqbqW','3385509755657886','bVO3L2nOqTEZvyR4OuCo',4,0),(1073,'lHKhu11OHP','ugCn1UyM6g','2095956852303529','oxEbxqO2Rmw0Vgur2OWC',5,0),(1074,'GCuQXzccQc','iLhBoKo63Y','5320889199586989','D5tr3pno8scrEqKl9KP4',1,0),(1075,'YHm2e7QU8p','59GBUDrLtK','5277504813774235','W0zW6NSqnDX3KFuiH59g',3,0),(1076,'VmvKJAEjdz','r7tAepkdf1','6740808532839451','3KahIFjNTK2l7JYCgdDH',1,0),(1077,'7b2tnlZN3F','JAyGWF4Tss','3067527285973563','PyZ4WTD0c9L6bJJZN4kW',0,0),(1078,'reFxXKQ4xu','bInAGZnVsO','1410424282795931','Jem5ZMP9s7kmOjMyg3uB',5,0),(1079,'RocgGjjtor','hzKb3WXkI2','3273577373808247','J2u77RpTK9lJFllaEY6e',2,0),(1080,'jGcu4rpTji','WNeCk7ywyW','9126674443148083','pek9rYmupA13tSEa0QJ2',0,0),(1081,'iFOoYcMNYr','FDSf8hyoBK','0613298770397033','khRoZs7xDHnmN4CbLe9g',5,0),(1082,'SI4JubUESn','C1f05YGYLJ','5023242414603324','g7Dr0rs6D9xq86oiu8Ba',2,0),(1083,'e8aP4LZrrI','Jqbamfmw0X','6699929952874497','bLA03zBPRShbunotkkn1',2,0),(1084,'Kk5XxIYeee','v7XrGS9CF8','3769562919257841','dhus3nRCbOYbf2TZlZQA',0,0),(1085,'2zqdc9KBC4','1xfbGTBjBi','6088674578772975','S8bBdFY8tceL01vL9lK5',5,0),(1086,'L0RC1Z0t1w','QMaDyrsngj','3432535356467248','5dYpydq8qc0i3biHMecI',3,0),(1087,'kJduTWCqY1','97CIUGy3DE','8844657418131031','8qs8fIajLf0bTgf8HD6S',2,0),(1088,'XbinTIr2kh','vZfsT5Aj4R','4375698342797631','s1SQaZApwBayqMs3tnqU',1,0),(1089,'fNgQh08YDC','m7vkjqUbmC','3790584278931855','s4IRQjGdnjr86uWlYBYs',2,0),(1090,'Jaok3Vuh6b','EZrGyLcWOy','1833445874400709','QR2mNRoeMQuYCCKTRQ80',5,0),(1091,'1AufCpVmuf','K1dsiX4rjH','1031526170075038','IR2uEDzKdOOv7DqYXxNM',3,0),(1092,'wGOgzbXbEo','WZn6x6V7m4','8119090648136661','2juFTQ1s9ItgaZF03lhA',3,0),(1093,'mOTuX08lk2','CeX3mo5aNV','1512682659020566','f55V7s7zPEiME5pwfImD',4,0),(1094,'JDvrfwLGLH','oAvz0SmzKy','0045452514141666','6BMJMz22XMufLNxTD8jg',0,0),(1095,'TaS4IZk4Gl','APp9x52bUf','4941165081863010','0wD0aTUzNW6zdhTzpx0l',5,0),(1096,'WdDOqLApT2','hxR1jdDXfj','3291118817152950','ssAWL5aPKQbc5sgk79vp',1,0),(1097,'db1NW7YFr6','wreGoFL3KI','6364539103624582','PKGtk36pEtQnMeZTHLH6',1,0),(1098,'KWCpm3IXzm','4Rn3BJkcc1','0099085200277414','A0EaYGS5a0dMVNXHqO46',4,0),(1099,'cqse0d1lDP','B5RQUWmIuS','5960144545966484','zPem7uE6FEJxSdg9SjQO',4,0),(1100,'JlIfYNH14j','Ot8NRWVDvf','0302491906769702','LWlR3fIlCXTl2KZNS3ij',0,0),(1101,'siJqKjbVab','EX9NdB5P6B','0616831000561281','LNYmTXlGSvd88i9hGhcG',1,0),(1102,'iAT56vQTFG','Pm54vY4btY','5607140095610888','HU3ffcddHgGvxdJlfqFf',3,0),(1103,'WAmB6KC3cg','mhp9DXdIsp','5648750962228872','uuQofUUmEQohW3QYyfi0',0,0),(1104,'92jR9vPaTA','WWGv36ErZp','8535773508600975','gq6hyNg30qRxRK1bzpVe',5,0),(1105,'AJaoZ5pNzk','Z3jXFYrkLt','2182646409712857','1kqxPFHzVMtIoESyIvEc',0,0),(1106,'VIHbEPJGa3','nGUDbc4HlI','0903529466439312','UdNCxJw7LGa9PqEVNeKA',1,0),(1107,'1Y3gZR3lGm','PFf5vQFBEq','0374602914909054','E2XuKPz7dNUmq1SUmnBZ',2,0),(1108,'TT0pzkhdW2','T512zBM8xU','1554982972257306','WgTPfSdQDMfDG2hOsF1W',2,0),(1109,'I40PdxHJFc','hG1W5yceqd','1340584543491217','ZVORCq2b5bGUa33k0dev',3,0),(1110,'0Q9Uetj2vj','dgtVbL7Gxd','7675175393423233','GuI8S6donch3DBbiYNi4',0,0),(1111,'6vOxjhH3hO','aUjNiuDA7H','9189013594590869','OyDuAJX21XX9iU4EMGzx',1,0),(1112,'XFoT0Kjko5','LyPwonBiw1','9072133371031396','PRzJmAOf6xf32dtDzGg2',1,0),(1113,'njZlY1v3Cm','GzmnqqXsFD','8410546582566206','iEa5l3cy0osjtGxvW5kk',2,0),(1114,'n7bUTs6mxw','JfzBDlZ3Wz','4414321914746807','8GoOUlA8O7B3IKOSSZpO',0,0),(1115,'9kc2j6E4mv','kpACmOCfK5','0657411582360926','Kv4LMXmK5VjK1Wz1J8o1',4,0),(1116,'fwXcrf2vdy','GVynPR2ws8','3628328482840556','jKmBMEB7W1a7zsLJY2eP',2,0),(1117,'OJ0jsYU5KS','a5DhjucA7R','9857626498051662','b1X7IOdGFNAvCpkTarJL',1,0),(1118,'p20XdACtNk','e2Dtdhm9LN','4882822477484683','XArXkBpKO5c97LJ8kiZd',4,0),(1119,'k89dbi5hHa','6qT04CaC5t','4825217830459945','j1azKkQJKEBBAhEs7i9L',4,0),(1120,'FkZlKB1iB7','to9iw5hK85','5891637631765443','exBFR0WTxODu7WhaU2Bu',0,0),(1121,'CWijvF1Shx','1O36Tk4oXF','8901478290277430','Gyki655QDlUNJtRJsUFB',3,0),(1122,'bXlfIK70TK','f86K7MKnhC','1526035905523495','BIeOizQpzPon9ocbbihl',5,0),(1123,'zO53MjUxh5','VhdrjMUQuA','4073194384285535','iFeMgUhaO7CFP0lZEVFX',3,0),(1124,'AQUnL2kDnK','LMNsqrVUFm','7094428180377472','5tMdTdBj0ZDIjfsX0tNS',0,0),(1125,'DvQyWcFZUL','l9e2IpkCt2','5560653860762407','dBDIMTTfdbubknO8wGib',1,0),(1126,'WEGMs3YEYm','uRr9AJ34uD','8266135630629241','ast4NYqbmQ5L1s2CBAyb',0,0),(1127,'RRQ8FBzByV','rZOl0mot2r','1482315229283280','ANeGil2oHfIhpNBYWpoF',0,0),(1128,'cyqvIwuRJL','yfE5fhSwj0','9943601017258256','QYho7ZLzWFlxRo5UmVX1',4,0),(1129,'0aks35CaQe','4oehjPl5dM','0979717283943603','gkQs494aayEcS8wl9fqJ',0,0),(1130,'bUv22ImYl7','FoZVc4ZVLr','7662706072287516','C4o3he1rovkwhmQplP7I',5,0),(1131,'XiBZeEk84J','yns8Ee1nV0','4530560630226386','Dk1DTqpe64zbPE0PtJHp',2,0),(1132,'fdh0gsfP84','w1lnf2ybsR','8375582248075980','FRrdjw2pbmcPpFhCD6P9',1,0),(1133,'QYbTbshb0R','VeBR2tevDC','9261604836656385','jlditgjc7OLmFbfaXmi9',5,0),(1134,'jbsj82zKKY','u04AoOQfsy','1097871230722950','jz1ikMbZ489D5cPh65HR',0,0),(1135,'XsJg0eKfLZ','w2WW2mrDo8','7260829005735161','HeJaZ1to8yaBTBKM3yCE',4,0),(1136,'COIJ7msBBP','OiOfrulMME','5342091346984869','uktj71yNy3ZKwBnFW9kb',2,0),(1137,'1frfhhI33t','GUXf8bQZdn','2642132813328439','wsq4j3fmUEAGhbnaKxtp',1,0),(1138,'ncE4Cp9CKX','7HTE54ySjK','7404339089633745','uW14qFFXaFQaovwECCpE',2,0),(1139,'FEz4qIcscG','23ycrxTWgS','7825635833894619','gThXc4sF4C0RoHCZfD15',1,0),(1140,'BEJ1OPknTA','bB5sD4ln3U','4440025139624732','ubt6XJ3v1bmJv8QppngJ',2,0),(1141,'dXjFFugPlC','qFJUkz4Ztz','5939962749200381','OBcyLA4i3ddMPpT1l5bJ',2,0),(1142,'2lhujYbUvT','IjBFJlkfL8','9052196754810806','iX1eVlAQtvDV2k6x5Aec',3,0),(1143,'Oc62fN2prC','FxqgvpExnv','8076681353407750','28j74Gt2c8KKdlqzWAtK',4,0),(1144,'Ky85R5JTNG','MtbgAGSgvS','2427176002384211','Er3A5do3uyTlaHO5P8ea',0,0),(1145,'4OXuF9HrvC','ThUzrh5IOk','1921326534689772','udeZa1KqfTo5UWfolH9X',4,0),(1146,'Mc2AaKQEsg','1FKV25detx','9398372113911266','YYubARizKGk45oN6VC2u',1,0),(1147,'XSHIjdOLzW','raOBKRwtQP','5186750177368164','fGrqg7yXPa1ROpi5WfoK',1,0),(1148,'oNYwBApOxw','2M45cXNgh9','0173164976159550','TzVuXXWi5vy9BXHvb4tl',5,0),(1149,'ufPV4zF46L','1QHLomkKmq','9706341669919776','Bh0YNz9MmXmIPyfzhQU4',2,0),(1150,'b6Sfh9Fund','2jdv7MWU89','5507748623867256','QbdKYke4Lqemu6QbcsJt',5,0),(1151,'qTmQJNHz8i','ZIgUctw86I','1301638564664982','JNg9E43GHpM4y3I0rLPo',4,0),(1152,'4tbfY0ote0','Q2MuOjkL1o','0505139989882201','OHh4nyMdIqWD63HvMNpl',2,0),(1153,'l0jkeE0Hxn','kzshYAvLKd','7702550100918792','9xS97TsRcnXquK6mPtPO',5,0),(1154,'rBdC0Frulo','YxwicvvDSZ','3910384521294672','2gf4iR0ekeYsTqHf8zwZ',0,0),(1155,'LPLmOQ7Xyg','HzRqgFGHsM','8408599397235501','jrqkFysVWfmgHFTTI2kN',5,0),(1156,'H68vL4euSt','4ZGEL34Or1','9418516229451633','x2wRdavnVXWWQnggz9C9',5,0),(1157,'1bdzlHStAH','ZlMASyvgsg','5005674738677086','GuioR3TEs0G3Pqu3RL9m',2,0),(1158,'dSoS08HXTc','yPlb5cDwLk','6267467646331808','j3dIhTzbOYCP6rfHjVlD',5,0),(1159,'gLRQ5qjjFP','OTNfabsbFt','6122885284311569','iMiyT8Mo1SekImV5OrLJ',5,0),(1160,'uVIRgOBhq5','wbC5VyO1dR','4906537682301160','xie30v6rFXXoGBzITjM1',5,0),(1161,'iA8QvEoD2R','h1lm9tgRQz','8671373546296977','zYaYrWpGvJuMPhok33pq',3,0),(1162,'Ymuh1nUZOF','dHg49XTa3D','2924517533164496','mpQIgGsDohDECGYf4EEc',5,0),(1163,'nmJYTsW5N0','CnYBL8UDQh','5184635324845466','pvbVAChpJ7VQeEG0CjMd',4,0),(1164,'8oH1zYCkha','7eat7XaZ8T','8345884973447455','ibQmC48f9uOczZaI4Uu2',5,0),(1165,'cD7xJUXGEa','Fju8KfYOE1','7167241458078882','fXUGjP3ip71w8zGTq9Nm',5,0),(1166,'5KfBeM0hbS','l3cyYHyh6Z','9305710025695404','FT2tKMhvp3He24avIyOL',3,0),(1167,'BNNDTjaAXS','fqyfcnu4lv','0083400261717424','KMsPrchzxSP2Ln50S5GA',3,0),(1168,'XdD9PFpP0B','5Be1nTmyAx','3146820313691838','73WkCA5xHOBcWkLL4jZw',0,0),(1169,'9ajmRiQtpz','BfMy4cYQYY','7321679741205336','eWgcy43jcgvIvcdQyuj3',5,0),(1170,'IqDDpr4uRa','pCPfzMEWw2','0500482890060105','3rBujRIcBSvlFDjDBzl0',4,0),(1171,'y3ivi3GM6v','M89QaijHNI','6688581134051670','bHNJRGYZqCepk0ic1gsw',3,0),(1172,'m011SC2op9','uT0YOgyq7B','1018462993560327','2n3qmmsUBbwpwjRxxfRk',5,0),(1173,'kDngCsGqyu','I7Pb67fYkB','6816432485043167','kVbm5bu95aUnLlS7cgRI',2,0),(1174,'0JEd31tAWc','tTZu5KgodX','5821554084068698','98pSEO0hcINnvSEwzTSp',4,0),(1175,'sT0j2Doa1m','SOP9VjBTbs','5453317174199689','gdwcRvQSPws39U2IOmM0',0,0),(1176,'0LmGbNOmpN','ycgTqCVNeD','0485792054467413','bLtVjGEmDe783d0s1B9V',1,0),(1177,'VNTRR0Aswf','8HlMyqCPjh','7001079376674276','HS1y8uEsbrOP537kRaXi',3,0),(1178,'Haaym14Q8W','V35CACYrvc','8119096140349962','573FXCX1IrEofPdJIshA',0,0),(1179,'Rg637HnnuP','NhaN9CID8A','8503621759277013','CPrqNJuvBKBB7C8PVlEe',0,0),(1180,'bROIkcgUTU','EVbDn2afIs','3990932601464651','0wOpTWxEh7oDPMiE8Zwb',0,0),(1181,'b02rv4aRiv','4zwnuyDmlx','8981077217020785','pgvS9LNugYCB0OfbZ2d2',3,0),(1182,'xGF9a0cXO2','LnnEySFHuB','9667309950031368','nshXWnrBonIlsK15Wf6u',0,0),(1183,'NihflvWiAu','KUiSNy1pBE','0112910626075848','tDplxKVcLLYF3TQ0JOzq',1,0),(1184,'egqykIb84G','tFD1sFOqIx','8565416520574176','ahDws9AkUYH5n5yTqr2o',4,0),(1185,'HN9JUjMYhu','QagtT1E23v','0924655312335167','qDVKcrnEYUfV9Yqmjbls',0,0),(1186,'pmpnUdutMB','EQtGYhhqxO','2527695813230115','W6G5cegYp9xfTOCSlPDj',1,0),(1187,'ME9vc7CPnM','9pK6WIEaeu','0935272586713055','UYi4UTDMowEbFs5qyda1',1,0),(1188,'o1ffSqGwh1','ZRTBFwsXdi','2426494150039547','HdIo4gNmLNUwBPmuny1w',5,0),(1189,'aHalTcyXAa','CFBnUiuDai','1760493376511246','WFrR0FsgeS4jbrAIgYD2',4,0),(1190,'witnqRMpZY','7T2w9du5Rj','9761845666566541','TzcxMVcYz5XSysEUbGdz',2,0),(1191,'pdrxu6SAif','m0xXak7vZe','3504064271656979','KdqawyQIiav40SJnw6OL',2,0),(1192,'SLmZFiUI2C','TptoMuS6gZ','2227129163167659','bwHwcekZcgLmHY5PJN6R',0,0),(1193,'6zgzseZYU3','fBaYV7C5GV','2566858718647498','9knVphqoYndHwltAkNkf',1,0),(1194,'7smz7RQmyj','X6evmfJnMT','2545232444513176','65PZGWnbMBn5FEVnm6nU',3,0),(1195,'H2pxrrxjh9','jHP6tAGk8c','6992460399138664','0E5QlzzMXMIgmJ9ZV0rI',3,0),(1196,'WnYdtcYJ7L','3MXTXJ9lM8','1593564215000741','wCiDlXZGwLthSe56e2p2',2,0),(1197,'UvuiSbVItS','6Ylnb32pUX','7599207129226220','BYISKJGNjsRnByDIicQj',1,0),(1198,'Ac3VNAnJQx','7pAuVNo1CE','1404726518546052','0b5ZamPZw7cjNB7okkbx',2,0),(1199,'efhg8osPTt','aekPFtsJ7a','1983170171144030','x4XafLSaytisQgHkizXg',4,0),(1200,'N907UZ9Bzv','hQ6i8bB67g','9160806314019564','qxBfggS2MnsDWHflXLqJ',1,0),(1201,'YX05Hqu8fg','uqKo5LF2fz','6116549372255365','BZMPKFBD62XdcWDjPTCr',1,0),(1202,'nzAyX53xah','T7QrmlLo3U','0796808563415370','WIaPMDmLjv27e4RXOrxC',0,0),(1203,'MsEAwGK7CM','IgyjFJ63gl','0759813134140644','TbpyLkiPysYqsEtgcjiE',0,0),(1204,'Mu08Ny6ej6','3WzyB4zs4T','0956628491275803','Xu7K0D5Qwsn0b6j4dpqt',1,0),(1205,'Bi5Pbfww1Z','0NBXbjee3k','0840562309837812','H1peX5jH4PSYK6OCN935',5,0),(1206,'pDyS9u0gts','QkyoMKn7IE','4589935461490746','Df7yZKPVbSb1VULpENaD',3,0),(1207,'eNS4WiL747','EzWKwIkrwS','1472535202251350','jhCN111pCadi73apyT4Q',1,0),(1208,'LPDBgtFtNp','niodA94Lxt','3822494987093425','YzzG6eNJqINwtHhcQFAK',4,0),(1209,'gaIO1KeZ3j','H3YN1bbf2D','2278108621917106','rmmLdE4vlhKZ0QFohcSG',3,0),(1210,'bZw6EtlinR','rph26bdJ4Q','7100665968699185','kaaqPxNz90aLnrCYlyC9',1,0),(1211,'SgvfTTNG00','uEOjkDGR0s','9563399200356284','HG7sFY0RjYJtRngiHMqD',1,0),(1212,'F4zaAi0Wtt','dnWjS66avE','6155660602803008','Ioz88r2vH4FfSBfo19nu',5,0),(1213,'k4LXnTvtjZ','aYng48k4u2','2711005891272497','nHjQ67SGzi5EZ65joggf',4,0),(1214,'IMTr8XoXxl','KDXqbkSCOP','5078371992796574','2YLVJDSRsaybnxzdOCNI',5,0),(1215,'CPPEejOm3a','8VOpmEhnUW','8638158891513284','0zO0rTESZNAOUdHebO2E',1,0),(1216,'YTscUNLsR0','f7jDc5992V','5536668031372707','77lph4Ec1RdJzMfdeav4',5,0),(1217,'XmFr7Ic3KT','QQKJWWXRaZ','6907700503829177','UxH1QtOcLaDKBtqJ0mTo',0,0),(1218,'urFt7Fkywa','srOFmKnSEu','8898885124771915','CHslcKY2QDZkTp363BPU',1,0),(1219,'BfFomfw8w4','7oEbJPCQje','2336263770284800','YDNNkhIyPNZe3JgA0APi',3,0),(1220,'VfLORjb15T','gmUrTo9kvC','9408647034104571','gXr8xkCHDrorZ1imHcC0',3,0),(1221,'k0WZRQHtSd','eCrYm08zPx','7410296736144792','AMcMwSmM2Ktfk8k6r08f',0,0),(1222,'qu7IBbBSYn','XikzmBHDsd','0939233905665115','55187MU7eoXcfR0rjIso',5,0),(1223,'0V9SxeHFyp','5m2B3pLsP5','9380363680584249','060q0v80TM0gB3c1rjYt',1,0),(1224,'UUkjHI3kfg','x6xZu2wOOE','0749412313673227','u46Koie08KwEonxYcJmO',5,0),(1225,'VpXnmcz6pc','lnqHX8URjY','2878715059453111','jFvYo0s3jp0mFIERQluM',4,0),(1226,'nQJH8LAVdw','lntMF5IkwU','5538056628469618','9OfAPeJkoi32WaoaDhiZ',4,0),(1227,'eZ2cyPEJgw','rz0ObNF3gu','5677003913776588','ZE8zmdEniSVXpgUyMhf5',4,0),(1228,'t7KAP4R6Si','G9XuIRYBGP','5389632062445304','eifN6Tf2KxYtVgNLRrFj',1,0),(1229,'j6eNFwKdOZ','JZ61RRdr8h','2007756611878867','gCF7whW5xZsWfKbhWyub',2,0),(1230,'1h9suCJlyB','IYjoRjZ5QF','6020272931540272','BTGxOJHkXLixBNcytv65',2,0),(1231,'X79gIQg4uM','taflLkyPYk','5423541623089693','v36grNBSK48eMc28SmQ5',4,0),(1232,'f1llneRG5u','HNXrTzawZM','3468256244259361','783akwRbD1hZgGwg1srr',0,0),(1233,'BMLIyaNuMg','wsU03JmGFy','7514607019544463','z0t01uK4rsDNdyQes2L9',5,0),(1234,'fBRqK4fizF','Wwp40D5Z8A','1145894404397414','0cL8g9ixBxLX6xKETf9e',4,0),(1235,'MpIGVVNDxW','PwLGcr655h','8603690815468243','g2QCbfOiJ0wy1bzKu75Y',5,0),(1236,'NsDhI9cfPx','Aph6NQPHf6','4057649031858658','taUpr6KcV4trbDrkJqlQ',3,0),(1237,'IOvhFXOfJE','TIB0I8nU00','7539855743080635','RAzJSHvOPytwiaW27mU5',2,0),(1238,'CfMCkveWpO','BqzRfvd1s7','7169111740696821','NVk0maAhj3eJLShKYuN1',3,0),(1239,'t70JBpyOCJ','HCG4804Tmu','0607093509640262','GKTFobwiDK1brlpIqQJw',3,0),(1240,'O2T1xXM60p','UjymgSEReo','2823903920144344','nQ6IL7w1t2klWwOrLt5f',0,0),(1241,'1SRoZv3kB0','IClMUF4uZa','2520536684888412','G64IKrcJjDJcWWYyPwtH',0,0),(1242,'U6WESMfst5','EwfkssRFzT','2283211122549769','z01h8izRADX13nYxo2Hv',5,0),(1243,'Xo2TbYhMUr','SsgaCbJ593','5584489568216993','P0oZ7k59hbj6Kp1yMyPC',2,0),(1244,'fLQyiGwERZ','8jZNmFIc8x','5649515845043460','LDrbR9XZmtZErU59TukH',0,0),(1245,'1RurNmzcRV','RTX5W5ublc','1834838340634270','OPYhLJrywMs2nBIORuuu',3,0),(1246,'RVhdQQijkv','zfJFuL1yG5','2026601800843500','t0rPePIdgaXw3i7AKjy7',4,0),(1247,'92kpcan3K6','D27OhMzxZI','5187714347608623','byR6ELe301eeInmOoAYN',3,0),(1248,'NKbizlzQw8','sImyJJwm86','7889010772813448','x7OnDHaWOb3ehX7SnI2s',0,0),(1249,'kO7AfRXkVn','sQCihH7WC7','5050772287290722','5usd4pqdHmBY5i7Pus13',5,0),(1250,'KNKFiIMWFo','Quq9deDxBC','5489019866022053','hwZ5JCN1TkM0HAVUE2mf',4,0),(1251,'ksxcZIcIoB','dfa3xBIpk9','6790124006823809','wvZSMXHqK9zETWSKCxHX',3,0),(1252,'u0nYLEmmr8','rFzBxwVMwZ','4964990327254259','7WPcxVqKFDuJB4YZ5OxF',2,0),(1253,'JX6Ns4AMzH','aNZVsjylDa','1414134395211955','HSPHS3qfbLuQpAuZVFuu',4,0),(1254,'tMgDpNkDgw','IUPLgshgSh','6349942329850559','lxKNvHQHuP1vwug6L0bl',0,0),(1255,'ZUyMeB41HP','bxfJgVfCTY','0318297877481043','XEqCEj8GFD6EASqt016y',4,0),(1256,'OU6EUwdLpZ','yhwVbsGsRK','2953196238992651','wLoSuWUxbJkdUaX6ckzr',0,0),(1257,'asnuEf6OYa','QQIgNb59qT','2276552603558989','nof20nxY1oVHbvf8zSTU',2,0),(1258,'8GiZdyFwYC','yvdLzRzBvX','3758135576459064','5XF4VUIicKK1eRYuHoTX',0,0),(1259,'lWGHiedxbu','W1GfhYezSY','8871527949959886','YyOA1EVxZLyJCSZ6Mm71',3,0),(1260,'CcELVCSjrG','nUbjPxEhBd','9121775986928212','3hXT2PR8998Yrq8WXvPl',1,0),(1261,'gcqIQU8yKe','JflU1U29lp','4539847246387168','74mGXvMP5VF9uyDgjzsM',2,0),(1262,'tgv2noPo72','pNk9tuoH7J','0682477535102944','clwTEo4GpgX2OcNfdYfP',3,0),(1263,'9P3o9TWdzp','YOsHAcp5jo','7114664781775573','kwHyU5uyXRJhQK7OJyH2',1,0),(1264,'FSmZo5n9H4','J3INVOiAnk','8972868749958904','2K0rsC82QX6LvUxjgKGI',3,0),(1265,'KxNIXW4Ohn','FxSlXp40j8','5816090347108211','FgIXb4diahKvKxQ5m54p',0,0),(1266,'zhDVsH3Sz2','PGOpjftzmI','7953876364301248','6C2kI3vDYqGTSRE9KeIj',3,0),(1267,'1j0Yv6cn6Y','TxIDrDqxaO','6572866807254823','FbGvinXoDj6f8dGseUIg',4,0),(1268,'bpSpllZi1M','YW4qwU4UmH','5042554252901196','JeRJR5sgUbT3J7OGZf4e',4,0),(1269,'rsQ16bpOjV','5tXpq8idzf','4739311467344866','xTQ8lOJuWrCJStElKIW2',4,0),(1270,'EAd5QBQLdh','4KqSkWD2n9','4428726518854139','j3dYQfXbtB48qIr5zT8P',0,0),(1271,'T1fJP3knhO','bLkfE0xNbn','7568836011245312','hz1coEe54Isqp93dzSdV',4,0),(1272,'k6jp3FsLEn','cfUd7bDEIR','3551756153503952','CZKv5VOzheuTFH3P0xxF',4,0),(1273,'QtlgBP6LMD','87M302YMAe','3183384047073779','Rw7OwzieOShzneWl7FT2',3,0),(1274,'TbeayOwezk','DVu96GhljC','0691374645597361','mAvinipTco6b6mzLTH80',0,0),(1275,'i5ru92NR5X','uwD2SnK0KD','3964546186467269','OiMLghgrfpjZZOGZI1r7',4,0),(1276,'aKrjgGkSpp','zjAuV0WYeB','8980311922391551','iV86oxAgIgCDncXCR7lc',3,0),(1277,'3TgkJCv4f7','XckKrjibRS','4598433003321157','PlKmah1hDytrWC3Wj9tZ',1,0),(1278,'pKgyFqWWNa','n3A2MMx4Me','5638731132623241','N44LDdxDwUEfE5rAgDkq',5,0),(1279,'zc7befA9ca','5K2svuiY7P','3691099474380373','Mh8Hjah4RFW89tXObZw8',4,0),(1280,'4XOVmbEz2W','KA0E5D7IOH','1863970678578820','t21I2Vaqq75GUlBG6KxR',0,0),(1281,'MSDcLwnIyo','y67GPtRf4p','8200004536881319','2s17IHE9x1OxeM4Rr6RF',5,0),(1282,'pGFuB0Ul9p','YxYffSCM1P','9232981968222682','FYoj0MMzFz9npt2Evdda',3,0),(1283,'RjsPxnFBIX','jmQhEaItC2','7953726123600269','W3zmr5tFduID5shIViyO',2,0),(1284,'y7xct72C1g','OfkFTgrlVm','4713957554149309','LqQ6OOMhZL64VP2OedhV',3,0),(1285,'pGDVYfDoPo','uaK4mkhb3E','3727258966046483','Z6fEgbtGg8Rtvmmx8k3o',0,0),(1286,'0iVqJNNWxI','qawPxpiKL8','1945314690786222','pylbemGsTYwRZSKAFOS6',5,0),(1287,'zT5M4rrypW','VWWWHHlZmb','7824095650593990','qJHNgsVidxApUiMV1dkv',4,0),(1288,'YsBuzqng0O','wb2nfTuOPo','4636988248218808','jeimE6pJgKtrgXqDHol9',4,0),(1289,'7dDMnlkeBi','sXpB1AKRRk','1593054613388331','sB7yYx4bcZAMyaao8Y8w',4,0),(1290,'2zuU0eO1wu','afwrpVuoCN','3179070131740837','iaTKsOsg3skHzXFlqYxw',4,0),(1291,'ra4IOi7dGk','DfXnO5Bzyi','6304771827565186','S3YzkCTo7MhT8RkLvotE',1,0),(1292,'P6OUBYHMbh','jp08392sid','0188123555190606','vQ3qTRCRZs69MDGLUqOq',0,0),(1293,'WQoKRYTp9I','s6mWStXH9u','1212314877114051','YKIhOMc98Ssk5l21xVCr',1,0),(1294,'q4Tw4K1LWb','pgb79p70NJ','1004994890291074','RRV0IjMmxf2v7nGJjqlJ',3,0),(1295,'UiCSRTyOHP','3CvRHzrpjY','7833706899160192','Z2P8l2SAhZfYuq7IMcHc',1,0),(1296,'cpmDChY323','reFwuCZcjI','4364742711230391','pzchQxBPLkhPvr0u306c',3,0),(1297,'HhBBlYb8TG','d3hgHyDKkr','0394949972185762','mknqxI0LZ8tyVF9Gzgxg',5,0),(1298,'MqJS6geQdf','TOirGoQTCC','1776398317326951','XnXhOAjVR3kwoE9acWo7',5,0),(1299,'R4iqq6mzTs','KS6vBfkZEp','7135731558674927','t4bwNz3YfPmEUPBijEjZ',5,0),(1300,'v2P3EZjAZv','opOdDWlvqM','9938260892431328','dPN17eDaOexCMx742qaH',2,0),(1301,'xEQKU83tZN','1xKAksdguo','8304010311687361','bhz4Iq0xawIILm3R6FJU',5,0),(1302,'Tfu0KMV5vA','DfQFAEnEFS','0378341439445574','RSsfGYitM83XJhAx5Lkb',0,0),(1303,'SxoWOedRXC','TllYzMtyuR','7687438965580374','K4tqq7zrH5zGlFmXZJ4L',3,0),(1304,'aAAtaEOMyC','9s8PuNSVEp','6515165669877611','aUd8tVzxDa0ppSAXEOIw',1,0),(1305,'BvLj42XcPP','4AuEOm07A2','7648810183730546','tWu0ZBJTjQFPegdCzm0P',5,0),(1306,'X2pg6H3xBB','IFPehQqbwl','7887729858402976','Bq4UwzkUE0KyUurdG6WB',2,0),(1307,'GCqRtG4Mqs','ssItFFZnH7','4141639696711260','WBWetdeRAyM6DX5xcJdQ',5,0),(1308,'4AlTmD8lcd','I2ajtEofD7','0942128995873330','0BuoyvCy6BciGmlGfwiz',2,0),(1309,'G8gjdPhwng','fJuzIFkOlL','2514755663020646','oqpu0RKdERKk3bwX3l1P',4,0),(1310,'spi0s9E7Ui','c8jFCsbFat','1182671638890143','UHnT3LqUuk6dhJNEKGcA',3,0),(1311,'M0boUYQ54G','TqbmSpINNF','7517497343522866','AMVrXSicV0nBCwLqsHWl',5,0),(1312,'TtV7wZCQam','EHAunHe5xi','4709858526109095','r326DpfG1kuRCRBBlMid',0,0),(1313,'tg8FEfxgIu','ggIO39tTNQ','9103291058336148','MKldbTi50FRNtt3Oru72',5,0),(1314,'QI6yvIMd0r','cjTKI35Igi','7385773898993703','yCwAqYXPQEUGiiPN7M0c',5,0),(1315,'wloCMoRsnX','xQutSkVCkP','2247687868197249','PtVChzvNzKsT59OuYcDN',3,0),(1316,'BPQ75BUsGf','VRycsrXyND','9698389103763485','RzVVsKJvzmTsa9FDIAL2',2,0),(1317,'3DYe1ehwj7','44zo2JfHsJ','3969339668002311','0B4tsrpN6dbT2qjpokxC',5,0),(1318,'cbs1WlKQNB','uMDplcNvv4','9812027313530986','IWCGZJGs2UFPVYdj1PyZ',0,0),(1319,'jnLO5nxM0J','e78XWzOJQt','0821896611812127','CLJtlXWcpEjPwJ7SmfTV',2,0),(1320,'lLHcUejoex','X6XW1UzQcu','5798283676929662','6zZiH0zfjCXrEXePNUt8',5,0),(1321,'cS0koVkrkX','QHbqOkpp7K','9886471622546307','3gPMpanCkIBxEltqEbLA',2,0),(1322,'8gFoniUSse','uAPpbihiTy','9199835025072944','9Sg3l90iicrbn2nE7WDo',1,0),(1323,'GvbAe4MHvJ','dxVNXKvHd4','4454814049601344','bwdIubxaLzA09He5qDGv',5,0),(1324,'uNXgU5ZJKE','fceh0QRwYm','7202726072848106','FKGdyMs613sODPLaPLEf',4,0),(1325,'SW3BrDaU2j','0LFypNK5Ys','2662462865558966','r3axJjuhpSxkGpXf8FZP',5,0),(1326,'mc5V2rg5QF','R2GoqVYCT2','2174975081873737','0ce7UsxqDF9C7c6ou7bz',1,0),(1327,'rlxTrCU80B','7z5hU53T4L','6511840710201929','TVeqYoOS6RRx0IEAn4lM',3,0),(1328,'HOFtU0r7Sb','aqGvXwHbqh','3464970605733292','HD5GzgUDKg042ChOSOPN',3,0),(1329,'eOHVehW5IP','SUMW5NVlrI','1596316063238032','YYlSFkeF2lsX5ngxmqgr',2,0),(1330,'SWJZuWdTFn','c7JSo0dAWk','6215922542929048','Wtx3U2TxE60Socas0sRo',4,0),(1331,'wF1Ycptn0f','T9gm7vzcRl','6395079529347147','qQ4246qMNJcsDghOKfAy',1,0),(1332,'3mt5obpDqM','WpKhJVBTwe','3007066747566122','davU5txjequV8WSGybs6',3,0),(1333,'eF6eGrDQJW','fxCk5gnBfD','6878173639154280','2xw9nwqc8Brsr3N7ljUM',0,0),(1334,'usaEMTVprQ','dwRmc8OGGD','7620843649594691','WeIUafX1Ynm06ScUbUho',4,0),(1335,'JQZ59iv9zK','bq0i45bwrt','3223895574915897','pFuIsghdlvDnKM4kXKa8',1,0),(1336,'NM5drrji3l','NbAyyg0yXd','1677447207556656','ax2m0toSAf5Qh6BbF5Eh',1,0),(1337,'jymCWMrfu2','CkPLgwntL1','9023874810947334','aGAgPg0RzmCv1qjL64PY',3,0),(1338,'clYss3Wtr8','4cxuRV9zbJ','5113488280474713','5quQOpEnSiBbFuGuGB8E',3,0),(1339,'YnlM8WJlop','PcwhRIVlHT','8008167394127787','kdDJNOFUYWb9IX7QIh3U',2,0),(1340,'m9ME3LxBMq','nVH3X3pkOz','6140670464321857','yQdGm4KKJIZLZxAW9GSn',3,0),(1341,'3dU72Rgxfk','zRXg1ZHke1','8216545283650236','UEa4f8HSeWxJvNNHbyRo',0,0),(1342,'iQ3WhOAzGP','SGLpF0lpqd','2133593501832444','ZeWscbAErlHzqQpvEZwQ',2,0),(1343,'hCdRxCDjaC','cyORErsIWd','1473146880894422','OTlqNJXObkTZnW4HqKnd',5,0),(1344,'yoJuhcPkHs','wCoXYVzBDi','6291456990947636','MIRoyKYhkQuZgkClz8QG',1,0),(1345,'62COWqJdeK','HGZwL0R3Wz','3584629721967524','UvHNVjFEudmyvlU1NaQh',0,0),(1346,'00EsWNnUJZ','gLaR3NLC9i','4539438468369967','PJWFDcg9oSCEehTlAnjs',0,0),(1347,'YZoaaVktfR','AHCpRXs8Zv','8702622230733788','3gjJlgS4kpG7D5ZlOKIC',3,0),(1348,'paUL36njYq','GeDQpnWqSK','7778723656260374','NsrkWUm0mXX03giynPDd',4,0),(1349,'hX31CSM74J','1qphmv5Ejc','0153817009166555','41kh70FJ8StXwNOqK3MT',5,0),(1350,'CXVej6jK47','RfDWebssPT','3827420907797299','QiQQFhTFy1yxNVFy3Mc1',0,0),(1351,'1z87k3QcJ4','1euEpKrg7D','2512869410235437','jjsOR7rL74kX5Tps40GU',4,0),(1352,'d5z56lUouN','GRtZstcipu','4028940073627522','J5wIWozDkbG5ZqAyQzM4',5,0),(1353,'PFVWER89zz','DHVq84iucg','9891752600115062','aSUeWRMBWQxRvJgR7aYQ',4,0),(1354,'3681WSLvcf','khnhvw0bmf','6113573206485552','3r4NUWKUhBlV8CUtY3Gg',2,0),(1355,'aekOxWAF6J','WhBOn3boUQ','1540836533278136','BukRFrErFtKnTEHURqpt',0,0),(1356,'qR69jFgLca','FmaYfjxip6','4317886599975150','7X3XPQpPIlU93IxN2OCc',0,0),(1357,'HmH8TeGmy7','jwE35Rb4Oz','9143938882081160','rBsSCxg9aMagSgVH0RqV',3,0),(1358,'SVDnOdPuJ2','wnpTepsSp5','3454982910546886','FUvSwIPmmdXYLVa7cCrC',2,0),(1359,'bjCgOQRmkX','fKonTruV8K','4815969184494032','jV9n15G4BthVR9RiWeTK',5,0),(1360,'gZXhoNPuun','Yxp1YEHObU','4253203333377843','pxJN2nqMslyjTDTrM3ey',1,0),(1361,'T9aDPPUGTQ','imnPQGvLhi','6197783406969889','4IsG1OkFsEuTXLpqBZjV',2,0),(1362,'zZDqYOBVKr','njKTIlSCwG','3410751799953032','wq9mTDBhG0MKPLScTm25',5,0),(1363,'FesfDDPd2g','HRX3aKLwot','1499993359528465','vL4Gc0HedCQp3JvstyVU',2,0),(1364,'L8D7anwWPw','kLhFdI3QT4','9579302610659747','E2UAy6YWkeolCbjJHCqs',0,0),(1365,'HExDCbNd5w','2UmjDl2kCW','5089123905946247','yHyjwR8phfjU9kPKVpnV',5,0),(1366,'MgRcjcw0nI','vgaRw4cZUo','5009932785041706','02JrFWFHMGRNwp7REKnk',1,0),(1367,'3Utx8ooU8A','xuv698HN9J','9692796362971976','V0i8XpWbUE1xZADvq5hW',4,0),(1368,'CrXkMe89uN','TWGXjfgXIf','3676788046598160','MDVmDkID0hmSuYSpKzip',4,0),(1369,'5xTMKw5TYD','LUrClbzjbp','8841426627545253','iYC4NEEC3lHh1IQHXNaH',3,0),(1370,'Z21apbYs5n','lTQfoPp7m2','1630292263830598','Hnt7IbbyTtZuYL8n1gJJ',0,0),(1371,'d0fZlmAgbR','nOSUl13YEq','8489543498430106','wYX6nOLnrwItGj3E5d5x',3,0),(1372,'yCFS461qxW','0yJ4VjWzTD','1224082743948278','gBOg5Qkgo3aApVZM3Cxf',4,0),(1373,'ARhooV1qAI','bA9X7cx9mG','5175500379692948','5ChiT1dfjed8KWLdDHBZ',1,0),(1374,'DIItizRtvb','tXpRYPiCzV','0349897738274616','dGkA6CcboLW59s5cRMOd',0,0),(1375,'cJvturwgRG','mYRJMywnrm','5749556497411954','G5d3Lx50DV0h5v7XjOUD',1,0),(1376,'0nfYyGj4j5','pO2QuSslsV','7442386003906482','qROwNK7VYOnQWcq2nqA0',3,0),(1377,'fjQZT3U2l5','TOrVCIiYhA','9426635406189421','mMiGSu4aSoKKv3bHoWmN',2,0),(1378,'xgNIiINr8x','aVJ01V2dvO','6767969680727463','nmRVWkPgew1Bg5vUKQrc',5,0),(1379,'2pqvhzviNh','bHGY6TMJQH','4911081834421797','ouURvDvMD9ciHN7v5GN7',4,0),(1380,'6SBvpiPUOe','udC8GIaiOj','2074531095152835','tIfS7naxAqtXKz8eZtQ9',2,0),(1381,'yfGfUiMgWU','m49PjXLAk2','2553836145336319','7RoDP936Vh7QOBXVfS1G',2,0),(1382,'bZPglnKKJK','5JvH3YJac1','9322539073349646','ZPaMMioKk7nvLmZISQxx',5,0),(1383,'w3PvZjGa3D','muoFSyEXgq','8499514119900782','PDoARczhaYNV6uJ3i79J',2,0),(1384,'IaWgwUxMMJ','ybFOkDgu6C','3090244811604223','psh6FHVs3s9823Bg4f20',5,0),(1385,'8jNrHoOKwM','MJl9Jao7zT','3354250988216252','I4BF5vDaAKLXAnaEkw7p',0,0),(1386,'Q88SaWP4t9','BBgvtpcsgs','4786030105043358','DyLsWFc60RpUV3N5QeYc',4,0),(1387,'9FlMKCROvJ','js7WiJWxx6','9589249844337311','2X6Ex4RHZepeUSKzCSwC',3,0),(1388,'yRSVkuM7zY','bxIqyI0zXg','5864701463701674','qRnpwgburxvGE3mKVeeW',0,0),(1389,'0mnsEgFuz3','KEd2e2znpY','3435930201301133','lXUtdxKE3X6wxVwYLHfC',0,0),(1390,'oN7YYNgBMB','vCFFWAz6Z6','3796406191176106','KuybtlHWlVJur8xL7NJ1',5,0),(1391,'ZEh6M3Y8nL','kKGBSv906h','1350447006392009','zb7TztLVdigyW1HbPhmT',0,0),(1392,'P2IfkFLlzK','eldLMNM94A','1126120803813249','3RytO1icuMTYQiUoSfbu',4,0),(1393,'TB2B0jWl0R','dSxhVZh5M5','7835574951589630','JPRKHrBXfAU6sPJV2g4S',4,0),(1394,'3z3VYmhdta','cUBo3auN54','7402424987399085','QhhUzFssmg7ODvvpImU2',0,0),(1395,'qNHh2Izzs8','NDyZGMIm1O','6498587877828494','An8HrVEDEqZY64T9NdND',4,0),(1396,'mj1Cp0Q3vz','V8vZYcUPcV','7967677843316348','MboC9XJygv8xwjYl4UuC',5,0),(1397,'LWOI7xbnVq','Xuz2ZF8en2','0770554805545543','C2MGWpBQV4iVEWI4xqsC',2,0),(1398,'KTVy57d2RL','Tu9PndkT6F','9407920147212574','zZHBuZU4uUFMVkTMRZBY',1,0),(1399,'8s3c1LlA3y','4gotvIlzwN','8706893809748557','SwHCXVWkPAA8B9k96L02',3,0),(1400,'1pbaY6OB8o','GO1ylAqtFh','5406066968563939','ibFAsUKWiKh7ktOxzTL7',3,0),(1401,'yrJcaFWiZI','7Qa5lyw0fh','1581311053698143','UEkByJQqMpBs9FuyTabn',0,0),(1402,'xS8fXJ6RI7','Z2UOSTy59B','3803171781708429','itNAvz7l3xnwcYGlVKbT',2,0),(1403,'AGud2ilpgv','ZdoNM59UEL','2598823734547739','LWIZUHAukyHPAc68l0PL',4,0),(1404,'LH3JZmhKTg','pyRHXQpgmf','1324673878860919','8fmLqv3gxrTmbgyNjjoO',5,0),(1405,'AshwguFFAy','SjyfdsxmVA','2382734018633722','nvGPONfjunci8zZ5cnmN',3,0),(1406,'RlogUcsKMT','7TkpRzR061','8894560872247886','jUGnxErvKt06NLu3i4e5',4,0),(1407,'jGVyypVLbJ','ZBvS8DmIQp','0488599248926667','jEiuAETYHIRzLbiD4sdd',4,0),(1408,'c9ZqNnhS8x','sTqu0uRe1i','9049238278202142','LjVWnMSWcUlWbRiPnqNv',5,0),(1409,'ZfYgQs3g57','EjntJFBgnm','3804228169309427','5MGgJNVVT97i5XXHdBuQ',0,0),(1410,'CpXoZBnf4h','1XgI7BPR9i','1857132963916374','gAod9YbEZcFgzzLOZFIt',4,0),(1411,'PcEkqd2QV3','b88VYuvTaD','6178589542769326','s8WMY8iKDHOvLxvU0vfv',4,1),(1412,'LCU5sKVmAj','W6mga1CUVn','5920594338565596','DCltbMmZCX5EOLEe3yXu',1,0),(1413,'BhqMRoyLJX','DgZW9aoTvw','9561600821639403','osIxnF13ptfN3cE3tCoe',2,0),(1414,'H5os3kAB9z','WstWG6MOHz','3776595770831090','x5FuJX3MFHebTVTpQ6KQ',2,0),(1415,'KZ4poGtuO5','RsDXwnT278','0582362530273851','hstAcTuk4Wg74MmoXrN0',5,0),(1416,'vkYX5Jqknl','zQ5RdH9vYc','1380074652991162','r1HmJxaaBSUDB1RXI80k',0,0),(1417,'rEYrFk4mwx','k2zsUokuSn','2233911467510525','ku13BvHOn0SaIPKkBOEx',5,0),(1418,'u09hbwk2SP','CKq30AAS3k','3198328197811091','kd40XbwNney04Df0O97o',0,0),(1419,'j0EzfaJjn3','kYbRs3IHjS','5833202042812870','EVYhhShKX6SsupuOU4ss',3,0),(1420,'hHvMM6RvTQ','xAqNrrcL6m','0852418308491913','Ksu8rybosVhdPIabTurf',3,0),(1421,'6vcdt9mTKM','3pEyAFnZMB','4054639796392409','qefsT0TQqyRt8B94z7sn',4,0),(1422,'ok5q3n2rYs','7yawoQj1yw','0113741597161862','NUiwRdv3xN6vGl2YBokF',2,0),(1423,'4tgmrujzcg','N7Ke0mAYpw','4508410158490350','RqexTNw3Og9AHKCMk6Qu',0,0),(1424,'rwlzatNxne','3uMuP3iY1Z','1892984064580767','ZvDg07zUtOycfuaPWxzX',2,0),(1425,'ZbJYxnkbY2','gWDieNRYRr','1133648799255828','iSxf6yV5xrV9mQ54aJi2',0,0),(1426,'vrznQuxJr7','bzZyQzon9I','6392775886049263','kejv8OXPdADYmeafWNRu',0,0),(1427,'frJyye2nEa','8z8BYG27Pw','2802387594409563','Up75sC3Heg1tiZcsmUA0',0,0),(1428,'VqocrcXpMp','3iaAj7fzXK','6946705830018016','GuPHuf9qXaYPQtELIG0H',5,0),(1429,'Z2pAoMezBY','LhI4CTw1S6','4832221806940240','s0mCvyJIfyoEQwMzk11h',5,0),(1430,'R7MQ2MpqDv','DY5DSQtzXo','3238760871808808','hQffXXZN9kQ1FaQ8v3Fa',3,0),(1431,'gE9WY1Z6Ks','Evo7bG9pxb','7836531380168168','0zIrKdJNNsRVFnGwHsUe',2,0),(1432,'n3Qo6XyMvT','iw2lI8Vfx5','6660676336794156','A18eK19cTdZv4yKPg7n6',3,0),(1433,'30mA7lbzup','K4zURLX3B7','3772320749833545','ty8pjU4NU4IT4zpK6sRx',0,0),(1434,'ydiJzXIszA','Kr8TcYF60I','0719066554630616','qMtJq1o90ok9vY13gYiu',2,0),(1435,'lWwFySYla3','7RBHthoCWr','0686230175326428','0SIiTpOatQ9wLeMlDolG',5,0),(1436,'uLB8rRgy94','zf6a8HAZAZ','5422007680120304','OW8LkFiivSbQQ7bv1Mn0',4,0),(1437,'4Y948Upz7T','UihjvAWVx5','5215074371894045','l0BUHji8ugBImong4NFK',4,0),(1438,'Iauwe65U2G','GtufMy5KWn','3071068360353433','WhyVSHRFmmX48q9viTCY',3,0),(1439,'EpdzKs9jRq','jUtMW3Blty','7036510213128009','fwFpS9kbwg89dTQrK7m8',4,0),(1440,'nV0DHyAlVz','iUQSuLM0WG','8757065006833720','saRGvfu0Pw23BWPBWQtV',5,0),(1441,'jEpPnCap9k','o8Zifaanrj','0135894737921201','oyerTv3xYD69MYpg4RIM',5,0),(1442,'FYQsQ662MZ','n5OMDlhf6p','8082238467364873','wFtQ1DrXC7U1XjvkBXEq',5,0),(1443,'4BJ2Ke97MB','qTjZ5mfrSx','6363332675241755','ebVJi88sb1WqIH3N6MAa',1,0),(1444,'6zNYjyiCP8','KZzH2x1z74','0449601955536742','ZTSiOOfy1vj1sXyg44J4',2,0),(1445,'S6YWN9RkG4','h4gdZjrvna','2895240903105616','xgXLHZdkW4e6FCRYbfKl',4,0),(1446,'wwyGK1Y8I9','z6BNbdAXxP','0499108885939185','761agdpL3IN9oNrslkKS',1,0),(1447,'OZ0y5RTbwb','NhTMSIMius','9834116643722946','nK4kSrSkdV9tO1Q12RM3',1,0),(1448,'snHHc15Wl5','89eSzMxq5Y','1216137503965873','fwCbngxlIXr6plTWKlwB',1,0),(1449,'swH4aMThbc','JUff1ncZCy','8170823817815218','f08qqX6uw8SfYWsLNlEN',3,0),(1450,'NYEs0qJV9U','RkpluPC0Ey','8219138339245122','T0evZAYEIaZXSktDsmrI',1,0),(1451,'CcVI6dwOCs','B9gy6fpyr7','3432090060417103','ri9ONK9KbnSLmT1UmhdD',0,0),(1452,'wbbv6Tovwr','3RzUGaIX9Q','5300582808699506','s88hZW6uGfHuTZfV4wFI',5,0),(1453,'A6DsLwFw1b','mSnnvTvnuw','6215798959606987','lrDhmI3M0zQ6LSn84ehL',3,0),(1454,'DEF8ciLsgV','r6MbhUsjVF','6191419136152068','w23Dib2Ebs0cvfcTHByK',0,0),(1455,'3zPZBwPJmB','KElR9UFByD','0323964116632520','Vm33W8K65gZUAHHMijim',5,0),(1456,'hpiSVgK8mp','L3fI4DOipq','6529658543255311','tJe7kKddQUAeMTpvKz0q',1,0),(1457,'xE25KGARbV','K8wRre4EO9','5757082888327861','ywPUVQh7GXklILE58AYX',4,0),(1458,'TE3Me5xwaN','dLy69uXdB8','4324599045358786','D60IjYW5ms7s8qkprStE',5,0),(1459,'Fe0loa2ukn','EIy8Fbepuj','6348079595102212','6IwiT3oBNyBSp0iTTBTi',1,0),(1460,'CwDEYi63TL','7IFUKwQJzy','7789860523303417','tJDQqGvAnZXgJ9Tewa8G',1,0),(1461,'2SNCHzsoUE','cbdyYrfrd8','0346379862513410','WTUFv2X3Cjil9DQh5WQK',3,0),(1462,'pi5mD33xOo','KhdYzkrFeL','5499341275742683','ZR9KVfMsFIGj15hMwkpc',5,0),(1463,'YZqL3B1hYQ','zQ5w6vsOBF','6051019634464990','tog7eaavP8stUub7AGF3',2,0),(1464,'yHEaG2Lyf4','bSeugOsgua','8882748295648544','d3XPPmr9wVCBDs8OY2ox',5,0),(1465,'V8iCDfZyMT','cSOw3sSdo2','2605558002916739','wWg9AB8kWPihgBr1xtty',3,0),(1466,'wzpau9t4S5','hF48PzTznH','8895395925167746','MXtvPASU0ueLTR439FB6',0,0),(1467,'MTLZrRFZJS','D0abpzkr5U','3895557880142342','FNF617HCvFHnUUlW0BQj',1,0),(1468,'fmXUvUjOrU','cnA4GooRQN','9016555718183532','xTo3AjpKw9NMxpfGLfNT',1,0),(1469,'eNLN70nKx3','qQjakvGnll','1203784447767807','wA5WDkm2oobxOelD41sF',3,0),(1470,'u4ssDOXRw8','TZkyd1W0wd','2980866561366853','TYkdYqBBTrK1wvmMkbtJ',3,0),(1471,'Dm2nNXvXjZ','AuftvetTKl','6628791090399724','oBKf6cuwIwBymJ4CLwzg',2,0),(1472,'xglJ9spmfY','B0fOlM0O4T','8077980990046258','IAqIJ0soNLEdQVbuxGN3',2,0),(1473,'wtRzsZekkk','eYUSj70wmn','7934285538795397','nc4e8vTwOGAaHHbSNAuR',0,0),(1474,'HKYXdAelqz','wQ2c0oAIcw','2770783766956655','C1mrVTW4ignnC13CgzwQ',5,0),(1475,'Cqiedc8RTM','ECOvqqSpeV','8694913960768341','TnvzTYktZUh3TMWtq8Eu',3,0),(1476,'0RFrq9JrzT','mfrKnMO0Ow','6258582833282737','1mJzZceQ4B0OiFhWieBp',5,0),(1477,'CHdHDwZGz0','lkbq1X5ujL','6208199975832895','OnbRzhwdabXf7N4XINkE',2,0),(1478,'zx1QpLEKG1','BiOpneAl6W','6375061596020250','ajaUAtFmjxFpfcxynZ2T',1,0),(1479,'0RHc7NOtiK','ouL8VL6K8L','8323866528882399','0QnKkPvo2saccpoBckFG',4,0),(1480,'AQOjqTJRfe','s8FhiDToaG','4113858123724455','zLEy9dYh5H43TOJAHRSU',4,0),(1481,'TFXPc7bf3p','Ki2Vyk1Pe0','4158531254016400','vkUfEyM4JvwAo0vKfRn7',3,0),(1482,'OOvonQJgGI','JEBEhJ9W5K','0618079969147017','go6gCyui5927oZ0FZoyn',4,0),(1483,'VCnhrtArNw','MKjI05GcFo','4523396366065332','rBbjDinFMLrJDkgHfKbr',1,0),(1484,'I5R7QmKrzC','frrdo5x3Nt','5685801850092227','dkkOD5nNePVMaC3bZvSK',3,0),(1485,'ic92S2N2XB','K3z54WtVCp','2951989315283455','004nQtX21B6GyqraGlu1',0,0),(1486,'J5T5cnJGji','Cud8Z8GOBg','6280783448688477','cHo6CNjIG81bYtvwlA48',1,0),(1487,'nJJMdL7BPw','WXmMvWKkT7','6645886347488091','uFATvqXG3fF2HG6eG5Ty',5,0),(1488,'XLRPazVklz','gBfQ4k1Zmn','9912061143607230','L0Mka0Jw3SPVZ9G1gIHw',2,0),(1489,'VuofWmqV3H','o1R3CpSBcQ','5582867694892535','SaSKV4MBtlAuN3w8UQM5',2,0),(1490,'CkwindbmWx','Vdu5Z6p8uJ','6722364672632388','eBMP1YBbwOqVjLEgx5L1',1,0),(1491,'W7OUw5aUCs','JzNCEMODR0','1063911716394369','8MqjbXdu8SH3Q8pyRDaz',1,0),(1492,'GMuyUaGDJL','cm9Lele6Js','6973100445526205','WpFUSxLEWMKqarOkbhXF',2,0),(1493,'LJ0UTVY72b','KqwdRmFVnx','5908837193989843','xrlM3ors3DTwnLmVLV76',0,0),(1494,'jgzG6aV7f9','a463PI1YtS','7320932311712902','A0bfNBttjQffoqHAwCHw',2,0),(1495,'prpUdv14wF','AXH8jFAcCz','8733001677757174','bYj7hzKETzt14ZuNLomk',3,0),(1496,'3wZycnRiN9','dupbYfEVMv','3941922687479234','K8SOMsHRtwcnb10NDfHO',3,0),(1497,'yWqoGlGg3I','MDPGcbzZqp','0543464319145650','ujMVOq7UFf1tIPyNTEfm',4,0),(1498,'tIrx1MCzg8','ENzDQ4dbFn','4138535113299351','KLtQ12IXxqEVI0RpuYyE',5,0),(1499,'t65jY44ltq','0Tg0blVsLS','8622430366694862','CqoQc3nSjw2Pnn7T2oR8',3,0),(1500,'fbuzwmTheU','Y8tlkkrcrq','0109503343053144','g94Q8JT6fVbWUNbiHQZW',2,0),(1501,'mpKVSC82Gi','7jLNTto0Xe','3430051975096456','BijnMzfGm2FPfjOhgHZZ',3,0),(1502,'x5U5AtgK6m','v1RYFcZzRj','1600680556859916','ljIcGeu6Go4NOrxA5wOu',5,0),(1503,'93BJWgHd6W','rBfzJ9GnG1','1586332907677175','DOvYVTvD25fy1XUvvIDO',0,0),(1504,'0dV9C9P6YB','NAohVn43Eb','6254997258008542','7Km1hK98pWdiaRfSiDVw',0,0),(1505,'TXpt1f4ZQU','oDn7MOittv','1725747837016437','EhBgkAFvzxqakk1xIXlF',5,0),(1506,'cHlYWjhoyk','x05Twv9gfR','1653503106497131','RHNNOszFGv3rBqSIvj1f',2,0),(1507,'X6loBBXhC0','fTE4DeVXMg','4573509811320855','NdrhjW5bClCAGFltDVAs',1,0),(1508,'wwJC5aieAQ','vyvF3eRaOL','3104231029673769','kRRCngGJc9auqfveEPel',1,0),(1509,'SO4kHo6Sm8','CoPTi5jdu8','8833861129899166','x44rlkZJTBxlQPWS7Eyv',4,0),(1510,'nb5nBCf0v1','CDRieg5D3r','0020535760012194','XnZ9P2rer3osQtILKeyn',5,0),(1511,'sZlNRu0hxS','DA4F3CPszM','1028736570816817','JHWFNnYmYgw4TDpBnktm',0,0),(1512,'erABKlTfn3','IWxTfvvZD5','1908383641810811','rrjDklyI0vDMDuruvAYU',0,0),(1513,'2F7prFO7AV','4Ld8GRKHlc','5053502074949414','P37C3G09Q6laTahdkoEK',3,0),(1514,'33WpMNQLEE','HghVV51Vmq','5541465272287889','xlkcP0x6iR6m6fmRGXOq',5,0),(1515,'G7S4Ey4FDI','4Pd1Ka8Sb8','6600196995951844','d7quvRovT4wPj07ZK8RF',0,0),(1516,'OP16Gdk0tN','Sfb5c9fZkf','4674759591073814','CxEL6cOtkcozyH4BShvI',3,0),(1517,'rP8Uu9XhIs','eZPtt1leAt','3347451399792768','pDdyZVmTFsaOMhp3YE8z',0,0),(1518,'yQGwksKlom','U7ypVPQfBp','5184148303195787','nDqUyyaDOnfYBnbIzHpR',0,0),(1519,'lXuOa1DGsg','BCTt7IpjBm','2850913767319142','rbUEbHSL3iqqivutHReG',2,0),(1520,'CdPq36MAf8','AC70vWlAFL','2012721271193239','XPaxzBrORz9dO1qNqody',1,0),(1521,'Hw4FRUDUTR','RM3lXXDTfP','4144263808629598','bY1YD95M28eYkFV5RjaI',5,0),(1522,'IU9L7LaRQz','99FKqVOkaO','6919325588986365','9BkOOIGMUTUqmzzMPHej',0,0),(1523,'iqeGr6xsfF','LoIxCZvZV5','4913299498814829','pf2DbRE5Z6M5tA0cCxn6',1,0),(1524,'AjTxxb0uw4','xUiRnDH2lO','8874534127721910','eQOrshCyiNoSWwl40dPK',0,0),(1525,'xgTSVVO4cI','JMZJSrlQXy','3004767691485330','E9jMQo9ueC9CCRawFeTb',1,0),(1526,'rIgqUtqQsN','P52YmeHnrq','9795481204931115','FEuwJmKSmpyVsZEZNVUg',1,0),(1527,'a6a0h9ahoO','H2APq1CeNP','6680621921929268','4SqoChPsoYLkAWDE2v8g',5,0),(1528,'mDmvx1nNJV','94rMt7qxKV','1724553031653257','Tn2XQ6zEa5htnma71caw',5,0),(1529,'hCCL1NecUF','m1tNvroYui','6363322711179056','q9XNTBhmDjDeca3fj1eT',2,0),(1530,'DqWxnb6aLB','X4LMT7UeFB','0373459244758380','1AvZokimVQVxN2Qc5lSx',5,0),(1531,'3ctl4p9Dzp','RJeBmo2Cog','3833873205518996','gtlFjUUnnzyqaa8DX9Cd',5,0),(1532,'2YrXNbJKDR','SLtjNHA5UF','9309466763268766','N0Xgb1Rq4aimOwlf66Op',0,0),(1533,'aEO12JsV49','fcysjTZO3m','4529998176103654','Hwpz2GK83O8MKTHUzsSJ',3,0),(1534,'mLZFxPgq4e','P3NYwTi5fU','7591602834256057','EEFRXCvsudxXg2lmGAh5',1,0),(1535,'xBGIVm0uV0','SKv0lJL4B1','8918922273406620','0k60hUDVXR7j3FrcRQDW',4,0),(1536,'mf1cl0CY4b','n42NAAyWn4','3277072183817368','NSmZH1JUFc5MUlKGBOXI',4,0),(1537,'sq6lC9qfT7','pUFw7qQ8r0','4750246041705124','wizc73DCadWfakxO31pQ',0,0),(1538,'nzlR9WIXZn','e1souYukS4','1037199130104410','BBei8eLj6tsQkc4FXmnU',1,0),(1539,'dcg5p9r7jM','XLnv0xJKep','4246115082852625','91LLkmXNggNY6QBhrl62',2,0),(1540,'XXKbhqdHku','EuKwPf5kvb','3032033799659229','Z4FsN7KKW7fELID918go',2,0),(1541,'IZbZYj8D9P','K2ulmz8Y7I','5018717651930034','bHCSDZrVmKs9fY76MyAw',4,0),(1542,'YVneTE7550','niSYnWk2TH','1273580853301148','kKVoDRDYwrrGv9HkR8yJ',3,0),(1543,'ls834P65om','GTdHfv18Ys','3716120373492591','3h7YkFu5BdL4QIq935K2',5,0),(1544,'QBkGTYZMqX','CDnH1qHF0w','4155533296450198','RB4CCWs6xiUhalF5tldt',5,0),(1545,'yJulx8VOJZ','Ytu55VsQhy','4270450883983124','SP8SbZMUILRr2VpdCpkk',4,0),(1546,'GHuNXL4So7','JgFivK2Hpc','2835718297373533','cs5Qi23GAkyYiBEH1CTw',5,0),(1547,'BPajugq1ql','Eex90v5hVA','0240925300845730','qSGPNCl00yyn6XOSjBy7',4,0),(1548,'gTVlInzPID','rqT1A3cLGK','9759984384473049','EMA85glsTFeXms9DJAEH',4,0),(1549,'Z7jWFPedPc','F4Q3bb7QYt','7225980891905136','eGrQbVy5wXscGsH2o9Jm',5,0),(1550,'nLMncK4ysw','jgiNQ4orXN','1480634392655196','YISiYIjPuMnEA7vilsFm',0,0),(1551,'GcQw5yU3Ap','dwU9PkViPH','0661004584743957','OQ3licXrdFPZkKPLuzdq',4,0),(1552,'sGPHG3pm0F','LhNXJR54WD','1927020469064660','WMqydlGIwEJv1Yd4Zurp',2,0),(1553,'BlC0iu26ii','9obaEi4391','0335573756794746','Leue4vLXJ0KYQNZ3gRxF',2,0),(1554,'rETb5iWHJa','agoqthKj5o','6806490731468750','u1hYnHCxHFuAXnQFeR6B',3,0),(1555,'5UF2XpsLqA','D0LcIAg0dv','4321297482628191','B2TyjKH1shzMYLZVm1hI',5,0),(1556,'1drN9aRna9','KvZU9dOBeS','5509869945447928','JgaUngb7MKzd7PEwqoXJ',1,0),(1557,'fp8vA7PcP7','Ve64AFUPOa','5864362243939181','adPT6cAiPQo7AaXMrvQN',1,0),(1558,'HxXp7WVVEF','SUkliNqmIb','0718756821597986','7jGjpRA0AMQeHrTJZLXV',4,0),(1559,'rLp9p691oa','c2KLfRGoE9','5569555346041716','iwi7I8D3HQyrKqHsCRX0',1,0),(1560,'P0GH8ZNG9F','NoPlnVXCfp','1712147055901410','I8RmqYisUDeRKLN4UniJ',3,0),(1561,'oa8pGmbi2I','7KmXZZO2Z9','0771158351391777','2DTmichrF648zaHde0Oy',1,0),(1562,'aucOkKBcrv','ezy3I93Cnw','3705641760558458','z1ySl9MITNttzK9LY8Ys',0,0),(1563,'lLzGZzMveM','QXWqkvJQht','5701827819942862','j47QY2JfKZ7Qz5qoks9B',1,0),(1564,'YRRD1LiJ88','vZ2uMD44Dh','0005011658576121','aeFd6n2EDcMwhQLApPYo',3,0),(1565,'ykMFnSQ5Ao','KmHIdZHRhC','4111418247382500','DRF8QsqYu4kWzcKt69JQ',1,0),(1566,'QiCoR418ki','LMzFmaEflw','6449551207010199','05EpqvqVEEp4m2raROSZ',4,0),(1567,'xPaM7X118Y','XoKMwLwGJf','8170309672458402','SsXAQ5aGQRRSbz0VlMGU',4,0),(1568,'AkxcnytfKm','PxlWnEtKwE','2703809030296956','Kj2mdp5AdmAqzzEU3M2l',3,0),(1569,'vE014tHwjr','xEhwY7BSzU','5350326048687574','OcCnUVZfSfxtlvfmYDfB',4,0),(1570,'OupSNpaZsu','7e2ryffBU2','1342170254182674','Ig8RyDqoUCCf7kOODfHr',1,0),(1571,'7O5uXOeycD','EwuF2XvwQ0','8600994469180340','1QDbNbJ9VYi3JUNWFwkb',2,0),(1572,'QR2mNpKs9b','6tfqTr4JkZ','3639614031381507','6xi3vGA3zMyQKczlFL0L',1,0),(1573,'o9uNlzh2Da','3yH69xKmrY','3630280259383907','SGsQnbG3Vr0QeYhEswfE',5,0),(1574,'ddhkKdsRcB','0i3uqCq7fh','8296419270267195','gKda9njQoKE7eq1KF1xi',1,0),(1575,'w8IyB65B3O','XsIN4FH9sE','1451092865570988','u0uPyApE6si8FnJl3xth',0,0),(1576,'NbcSYErE4x','YSwnKpFKl6','7364571317020057','LgewnWoslUKMMJOum8Ag',1,0),(1577,'9ZHOYaDBTo','xh5eGfoyfS','5901224486250347','IXtnvSbgbpB4A5st4OEw',0,0),(1578,'OhSgbRFovv','lOTlSSB4ov','7988338722549959','0igU6aAcMvCPlYGf3rIq',1,0),(1579,'PQCsrHAbiA','tWtoe6XuML','5347630622792002','0BOFUoNslM5WfGZxj3XM',3,0),(1580,'v6I001O0s8','tsergTwnxL','1361730216501475','jeLszgczaIt7kHw9paOI',0,0),(1581,'O8f0IZlGI6','fH8vkf9kJh','4005077226189007','9VOstqfu1cWqL9UawzL7',2,0),(1582,'HCrXDyoscD','SZ569ZVWnA','2993790535343164','91oYBQLT5Mb6z07YCPi4',3,0),(1583,'5iZSdrHr8V','AHgUjKGGo1','7154443097857385','D5aHQEMNL8kzYciFne9r',5,0),(1584,'kl6c6K8NPC','HBhsd64wsA','5069905615228681','5UdmckorMNNecfvAAYe0',3,0),(1585,'81UKm5o4ST','EC4ztILx5n','3570222452380576','MnlXJJ2xq3jMhKUF5sYw',4,0),(1586,'vjjOMYDTg5','eYePqnBa8X','6868797626019170','3Erut4koybV7TSzYNJzu',4,0),(1587,'rW11wlM6ER','zJiPWiCjj3','9649072788862413','h9F868O7P8FtCaV2Dhkf',5,0),(1588,'gzb4OViLTZ','If3hO1a3gz','5475791486511353','PuZkqUpMTbvzveXPbOX5',2,0),(1589,'WyexNrzwwu','PNeziBIisI','9712075538941828','oOYbAdSxtcOEQzsYmyfv',5,0),(1590,'dSXueIlmG8','Gs1nHuee9Q','5268566230968569','KCm5Rs5qXXVR4u7suTXm',3,0),(1591,'WNFafdjSYp','biYaubhsHw','3840298927350425','ssPOi3SDtpR0n6YeR0ta',2,0),(1592,'J981IopNy1','bsClugZx7E','3867488737256706','Qf0OHqPXr9h5Cde0f5gT',3,0),(1593,'oOSEKp9YjU','AO9Hks69ws','3058479716951705','QlCO3gYU3IM89StfZELl',0,0),(1594,'h1PT0GvAdU','hESluL7X57','6183670565936914','rcIeBQfPniAmt59N9wSQ',3,0),(1595,'eLXO1s5bNo','TZsMzfbHXV','8736291792471359','CRocxvoFERtRh08QfE7f',1,0),(1596,'Jrz84YwNuy','IEQ4E9kmVg','3617489819547558','5vVqFGCxlkXcxDHJXEt0',5,0),(1597,'wHuxmBdZVJ','xSMoRP2OaF','9812564373779484','N3XzbRkjbs03nI1faaB9',2,0),(1598,'ndI1LAHRpC','3onUxhFIvy','5123760647122286','94zgPS3I9kMRdGqu5t3O',0,0),(1599,'QAj0P0MJHF','d4rDohjOGF','4182371365974943','IdJtZ7sH4GAMvzOaAyxl',5,0),(1600,'1uOCe34oy4','A3U0Dit8vQ','1841708453972424','Py1XwtIw1nt88sjdJwN6',3,0),(1601,'BwSqY5jHLf','SpaRF927RV','4258394689949584','VHaqNaaZSa9mcedwHF3g',3,0),(1602,'NWhnPjD36H','d7eN4Kq1EW','6221298239538269','LCZu6gPiu7Lq0QqC6yc5',2,0),(1603,'sbMwlT6hzB','ytFjxzlMky','2967758819246624','4WtxLjkTQy5S90EEz4LZ',2,0),(1604,'fUHGeSvxVJ','meKoW5qLUm','7879404324128527','wKwWyakydLOCVVuHoNv2',3,0),(1605,'bqQFqeK2MI','Oz6NFBJA47','3471370107467377','78fQOTxVkMSzs06iVL9H',2,0),(1606,'gySolsz5WR','ZBA6oh07FA','2184958581557235','3EFNzS8iOehgJjYHE6ip',5,0),(1607,'HpDea1eJ9H','X7M7t3E9ws','1273204855645207','7d2xp0nibRUyBzTits9g',0,0),(1608,'fq1bJMh7bt','Eg2XMs8Cjw','0984301322995707','B6ikjrdTGiYfXyI8oe5i',2,0),(1609,'D2lBK4ffca','YhDwbOgUhE','5112210242972532','rKzSTgAgh7E4K5VNTpwJ',3,0),(1610,'Im5MwxIeE0','aYDSihWGJt','3252360279540589','x5IbkthVH5ccg8KgwU4b',4,0),(1611,'HGbHHmS6vw','lU5fUAfn2x','1980655842869286','ff8XTpFUHRx41TM1sghg',0,0),(1612,'UCd9rziwUp','8H0vCWdwu4','6095242310534157','qKIv21sLLgWhryXOYNWz',4,0),(1613,'roIpJPflC1','ze8CU7pa13','3511293273071872','nOXAzUVjXExO4DdJ8hHP',1,0),(1614,'XiBW2broB4','SjcnV2U5oO','7020005882517272','FbekGhIZ7c5Ib1cap39c',1,0),(1615,'B9CPBgyYTo','o87kZjhWLv','1457002785784808','qEsFWBtthlOpMGOoXT3Z',2,0),(1616,'61BoZ5sIPE','Ure6TaugAs','6091572422043673','txrBFEPGzEn4mi92bU2v',3,0),(1617,'6VAXfeAHp6','r2AZ8XjaO5','2493836629132966','HpyaKOxBCdPJaNHJmu09',5,0),(1618,'OAkwXfcgKM','BRvfyIXCxR','5667639990714732','CoGTjgtXnlPYa4lKC2Tx',2,0),(1619,'5tN5FKWzBd','rRjOViTEGO','8057650081050501','GcmJ09BT9zeO9EriLHP6',2,0),(1620,'0uft2doPHr','t3nKQQud71','6674877087120933','yJqCPH2mCnyMuURd3jPg',0,0),(1621,'iINRKm5Vgv','WmTutbkumr','1990626883525258','iNa5vvzkD12bjnMrh1Gq',3,0),(1622,'n1Te86CMyz','dsYySmjobe','0882710886598327','t0YVXSUFXeAiWk5sddUB',1,0),(1623,'MrL7yT4gSr','2r9p9LLy66','0278126704088704','5gKXxACmy84ovs5Wsra1',2,0),(1624,'RBbuZIPPql','F8CnkkQ4SF','2679802891339709','CUf5RJJ5XTYwAnJlWSZW',2,0),(1625,'m3LDUI1Fu7','JQtIE2BodO','3701344761728515','uvKMLbNENKT9lpDiPl1a',2,0),(1626,'N2JxPzqXmp','iJQe8BopCs','3058373806607157','sn8NC0rSfDQVn4C2DeG5',1,0),(1627,'osZ6l1kH2n','CDp0Op8bOw','5801213860713640','y9WZZWXL27dq70Hbv91n',1,0),(1628,'dDakIFXBJk','HkVDFnBg5F','2041040479972250','mX6U6QMGaIM4JZ5AGM84',5,0),(1629,'EQ91rNaGaJ','7ugKcZ1RGq','6616992508136530','QEBWemk9KQj3VmPsAeVf',4,0),(1630,'dxy9Ox9Od8','ZyIZtxKgUs','7780098201121887','6mcGW6QQvtB9b6D2rILT',2,0),(1631,'7wf6mBCzIr','xtMLpICYLZ','1853031252962732','Ht4u35Eb3Fcy7Xb1ciOV',0,0),(1632,'ZOHjaNEv0I','PP7zemkqxh','5223108256962537','CpXbkA2l8y8QOB3MW21M',5,0),(1633,'tC9YMJnmJe','kZZy85PTAX','6199366383502049','X6KlET8GD2lGrLturDhh',1,0),(1634,'jv3CReYedK','DdLXSXN0pb','0363198717242340','qYzI5wj64AxMa8NxKOYm',4,0),(1635,'SjVNGOAEra','qfoprwSlRx','3559652652195175','MHfSnSQnWvDBCuAW3s8B',4,0),(1636,'s5TXgNBOKC','luQqcFRIkG','5127456094903882','dLsivGDN33KfTKAnDIEl',1,0),(1637,'EaGSjGazCM','RCO9NXy3Ug','5077658881225034','LmRvEkzANhr6kp3oO1Lb',4,0),(1638,'e6RbyXEgxN','4u650wTuld','8667764835051482','761zaMBFYzNtYbYP8H2x',5,0),(1639,'vVaiLrHeaq','ei0zl8mc8p','2951467046080806','VyhDwFDal3nc4ujdHnjq',1,0),(1640,'EteWqWWR2L','SdbqCKbTyh','3473971642317477','LxW0tKiTWyV65wtqQzJH',1,0),(1641,'J4Dif0bdDy','cBGRtFck7R','1416109532376542','wDpgXzYtmtpz2STD297l',4,0),(1642,'9kE3LulrlS','6Wq5asRXuP','2801213039505935','6OoKvXX8O5BMqslZaRMR',3,0),(1643,'pp5QUSEwhg','hvLmqCGJQI','1132385866616905','9GwnjsvfMq5fKHmt3sfR',3,0),(1644,'Jwn2ljzSdP','iL3SV8ZV8E','1303623422589296','7NSwHxWeLBXVvjYk7cBB',4,0),(1645,'anCFsQgdx2','ALTds43fau','4881105115083978','znGKrPvCvQ4WHJ6ZJQVE',0,0),(1646,'dtv2JtleHm','5zd06blY4r','2360269216850196','JZstvUdDCOxT8ZN1N43R',5,0),(1647,'RCVMfT4Tzp','S4mHEnzLaO','0748823476782558','Jt4lCgffbb7JhuzdoGxW',3,0),(1648,'kXoaba3KaO','WA2fFYUUyr','8612275182861978','LpXK4njJAFYdgPUNT7oj',4,0),(1649,'S7pE0eb2Ns','EU5KrQMi5y','8869859507297928','aBKmvwj0wjV1ni6zhPo8',3,1),(1650,'eyiLXApjtK','FKYCe0jjKa','3396604132800688','ypJP4AazR9h1sqxm2rvm',4,0),(1651,'utZqjs2zbg','DgJbSvVaHV','4111071800791110','Mk4Ce4fmIQ6n1sg3RkEg',1,0),(1652,'T58uDcHk3Q','cpJ9DhIGJg','0490941196124256','GCNUb9aARTXQxKUcCBXj',4,0),(1653,'npvwfSvJ1S','RY2Q3KwkEi','5507297118530414','Zzgr4rowaF2lr8VqZ0ZV',3,0),(1654,'WeX6NXFZRc','J1li9cKU9F','6502122850394909','DBUeV6jsvubun1C4ZovV',3,0),(1655,'d3HYe0x7IW','HnMiM1oPW3','9301794622516416','IWogEd106KHNl6ZTgTrQ',2,0),(1656,'uUaaaq0O3Z','5FVSk07IeO','1301025302852381','CsNrfVBL9kIANuTjje2f',4,0),(1657,'BxYvNzSKbY','7xXKZRl1BI','1391195220155892','ohswSXGfeXbK9mh3Ni4B',2,0),(1658,'3t7Xm0OIzO','Q19IpaCC2k','3948401307800497','xEcCqIKQoApgCtomXDMm',5,0),(1659,'rs7lUhOXCs','WMxNz6ye2g','3569219990022722','i545tX36s3a5AD1Ge3Th',4,0),(1660,'JITGaQ45yG','q8SWL4ZbNW','8772800299917915','x1rSpP0c37qOYGIxzH8b',2,0),(1661,'ehsIAU465m','b3mW60TLTh','3042194965467335','NH3BzScjYP4XfClzj6p1',1,0),(1662,'vRT1YCM0lH','up5aVnKT76','2736862041449139','GZOZVrD8IhEdT3b0gujl',3,0),(1663,'0fHRKfEE2B','pWhiLnmXU3','1135501429816346','eObz3YovQeErU8cL3TPg',0,0),(1664,'U7SIoPn1F9','GalYaFEmfE','4543700532398488','e3pWek7n9Z6BuoOncznZ',5,0),(1665,'GluGaSMF4d','W2T8dTVDbq','2696900606337693','DoEbACZWSZY6U1uEfFOz',1,0),(1666,'Ys1pXU0irg','9uCImfA4ym','8885912531108527','JdEGA7EoN55EWglR3nt3',2,0),(1667,'7Mf82MOcR0','ZKfO46dGc5','0716822138576448','3kfOf2GYCHjYjfOtMJrz',5,0),(1668,'wAkLhn1Li9','UTz2thfQ1x','6423069456654198','4wPMU1gf6O6TKbNCvTqz',3,0),(1669,'DD3ONLhzK6','gaUG5QKT4o','9564203885988741','WmwS1f9eQgz3cyMvXRsf',0,0),(1670,'7DKdVSbN0w','K4CxTv4sGw','1346828105806394','X6wTRAfpIyFXtXrqnn6Y',2,0),(1671,'C6vATKLxm0','qCDTnjpVzC','0164060497839748','Vp47SW2JDmksuSdE5puU',5,0),(1672,'SmXUA6bv1n','GU4hryk3fE','3031377461787126','kq8dxRL3xfeMPdjI2XVT',3,0),(1673,'iyF9m9uGEd','DXfLGxVn4P','2744814102468106','anYl0WkkhcvkX5O6uBct',2,0),(1674,'MutPcB9Uey','fo2SN6dHvs','8776457110559879','56zakYfVYwXsBVHkbMCa',0,0),(1675,'NtrrNA1F92','H2F7QWicPb','7548210385262437','1Tl62RdGLJfJTMCspSnx',0,0),(1676,'lUvqfULB4t','r8RXOilqwI','6692449634281647','TIDgzIONUmmEiCWSsbY8',5,0),(1677,'cjfqXthPO4','GLhCBfwhlz','1047994816529533','St3KRdmW9UJAzK8S44QE',1,0),(1678,'2ZtyhwKWPN','5QfJ572bvg','9654270364818706','QJs5I5KfSwohys8mzFsL',1,0),(1679,'2Sz42TjsNW','UgSzAKnBwR','9868377975672333','rJz20psxoGTQH7Q7tGbY',1,0),(1680,'gfaCj13U9o','0rIeYFB0lg','3666646368137646','zVchpWqhhL4xB2ed9BDN',4,0),(1681,'W70lpNDt9j','TAxOaMZUcJ','0171632805663381','nAplrMewbcHb49DhcCMT',4,0),(1682,'MBzJ1BIkNY','YcqX8EhX0X','1212141272332625','uBsHmkpfSyjxjrzJ5d78',0,0),(1683,'ML6yLppBcF','jPKHgdTsQa','1147847029472862','iuz1EmKFA6Hs8YVBZG0t',0,0),(1684,'gTk71nPOHa','WE20FHXjza','0068123348546233','xFHIUnef7IsOSrMxm4AK',0,0),(1685,'D6BlpjLwif','bToXQfkOG3','0322933825647562','nbB12fvNXgKn4gCDUolc',2,0),(1686,'kFCLvbOlOx','KnnF7T1jlf','6607585519968814','KArAjCUXQbxqIItKETNv',0,0),(1687,'5gvOM06HLC','IpydQ6CdKg','9455764892132395','i8Fx9jydToYe14qgpYXe',5,0),(1688,'WOUmrvvBs6','uB3kqDY1j8','3690654969965641','BEVpeTU4Zy3dfLNXNpPf',3,0),(1689,'ZJzlgZFSCQ','uN5jp1OV5q','7155418731177847','sv98lEw3PN40mU7KFVGA',0,0),(1690,'Cl8M2W0dRW','k8Fzt8sojG','1215477946345938','489HA3FaRNgyy2aI40TM',2,0),(1691,'IOka5dhwvK','7wYJmPU5Zs','5284269502867563','MhuNu0fB4doBN0i8vxoo',3,0),(1692,'9Nyax0O7RW','ILaWCdo1vX','9544294493800379','5ATuzoMSg8hVnyMGxtae',0,0),(1693,'WodtEHJVFB','AcgDIsUf6z','8029018292064420','zVCd2vJbd7gRtBKj9Bvn',2,0),(1694,'BYFjvr8s6s','NJXg4bRZdH','2608517623110825','SQBHyXc3u1ZZlc89xgjB',2,0),(1695,'xlKjh8qY7I','cdHj3y7w5k','6521010446565853','lZnLg3GYTtZQdgVODcK7',0,0),(1696,'OJapB8GPGj','qfqLwlama6','7813336624927496','gaCjiqCvTTZfIoBIWvwO',5,0),(1697,'ixzvczx4p9','Wtk9e32g3u','7631980661349323','FER0ycQ9l6J1ijETVW0S',2,0),(1698,'yc0VKbfKw6','3qkeShfDN4','6075778735912287','5BgpBG8WMAnd4EmlKqXV',3,0),(1699,'QTKRXL9Q0L','FJUYpN55UV','6215531414650846','pob2mZIEDgCXpvuIjcZw',1,0),(1700,'eUGpRsZi4u','VTjBRLpk59','8721993298652676','EaI8kYTajf3gxM1k38cY',5,0),(1701,'iTKwA0WUzN','2Ud6mQwNLs','3608945739255603','z3uWYDbXNVse9rv1x3Y8',0,0),(1702,'5edDBDILAn','Ogux5MQFCn','8858493292903741','jIEL8CpyR66wHaBbytdc',5,0),(1703,'cgUcjOcllV','Fh883gWqdv','0938756291669782','jvImrn7hz7RRqRqiFLgd',4,0),(1704,'dozUWBKlwE','33CJmd9DBN','4244940691285368','JAPwZqkxrn7CRvcfFut7',1,0),(1705,'GOiYnuJEae','hvn5daOIAm','4341669151579504','6Nxiu7IPXwZuFHHitwHF',0,0),(1706,'MSgd5p1plz','QQq38ly5hi','7135510997954842','KiUoIf9ttrIZClXez2C9',3,0),(1707,'40w6CGaG6C','OmADDccgZP','5228061815357344','LK8CS9bkvjhNp5qAgXPb',5,0),(1708,'uzohpjUMUh','f3xJhK6QgL','1829327135478521','9nlkSFQJWkvLhbqXbM2n',5,0),(1709,'vQpULOhcT4','Vnul3rxqS0','1038247910497104','LNWem09pCT22fOwSdz3Y',1,0),(1710,'RHCq5No87V','oxGHF83099','0148772160674692','xL8pgGy15wb45f4tZR9G',4,0),(1711,'mL2TwGZBKu','QKp6gyEAPI','5451603195461172','9XOcNpUqnZg5QB7ZbYYn',4,0),(1712,'TSHktuBSXL','8VD6HVxrlN','3602657850440515','f51GxvsIRzvqAf2wGjpV',5,0),(1713,'3947C6mY3t','t5ucLwxZmz','0451062380834624','QY5ippqqK7fd9LSetkFi',4,0),(1714,'1LAsAUljol','DKeKNZMO0B','8026002144207894','suYgw6DuWKNbXXG4BVjm',5,0),(1715,'86LtyKlIKS','3uedBGeKoJ','9425648244144637','LkDjiNZPoUjixzk21Y3t',4,0),(1716,'3PR9ZQbzLh','Z93GzRtGwE','3962647179804666','M2qx4Y5WHApMdlq6ljpD',3,0),(1717,'FPOkvHIZEH','v5RVbgOgF5','4406730129586664','TuXR2etcFRONNRaUsqxS',3,0),(1718,'vStxYidpHz','KIo9U0apTR','7963308856624315','4wK8k2ejHhdM836jii7H',1,0),(1719,'XAuidLyzIa','QdqLy84CS3','7945202579631894','u4d7OoVApWADLDmB5jCs',3,0),(1720,'LQsiUQR8eC','KJiRaE9zTs','1307193931604433','HRU9e8cRw1xvEJh4kg8i',2,0),(1721,'bud4fRoXs7','EOozPioqK2','2213146291463802','DBqSHrifnAcFE9ZPtrhD',1,0),(1722,'gmur7x5uG2','gdhduZQGkf','0117466629836740','stDfLXvFW4pMZzDG2bZT',3,0),(1723,'1bxEo1HQqe','HOWWSvxIaC','6500117627288444','IrGMPptKU2AYwQscYzGO',0,0),(1724,'vBdQ8lmbzG','qOuSuDLZDv','6219796534991766','BbcWfQzEPE49KvuMRhje',0,0),(1725,'wowLOnQH4H','UDRQBhYctP','2096593390609073','suu4hTSep7RgVaSZgSjy',1,0),(1726,'IBl7taN9Sv','0ACHUQVPwo','5599570292747047','nGFyGcDmNPz35SK5JwIN',1,0),(1727,'q0RPJkbut9','hcYs6tKoLX','5552498000369351','WFsHQI6VZifvY5K0W2MS',4,0),(1728,'agAwpOLl6o','l5nCirTmQ6','1845962607036418','masQT6LGJXeIHpWgzDfA',0,0),(1729,'3zXpjxc5zv','chH3gKu40b','3144556474245734','YpsgQ9XHSEZVJetiNvov',1,0),(1730,'ff2yMDguvw','iNM8RW0JAM','4913242141964594','b1GKtXaGcZiOIDMrg6iU',0,0),(1731,'KNSp4orpW1','OI5dRiAfGL','2466470269313649','hPZQV69GyR39yxHaJf4F',3,0),(1732,'G9NVo24AiI','cQ4IrLiXaZ','8951114530082243','DNtLW8v9P3GRTIkmFyDw',3,0),(1733,'9YMFAjC2M6','cKEbf9QYWQ','1993047558506553','y8bXIvCWgivLYjHEGERS',4,0),(1734,'gTsHQoPVzh','voRvwUgvjj','7820959827916915','zGTTxxBwZeFgQDxL8Oti',3,0),(1735,'1r0Z9hsXph','8agd9vw1Ts','5016586770088397','WBBC2zZ76Pxmx1KpWZEJ',2,0),(1736,'tdj7Nwq8pm','KvXe1Y9GOh','4345377366158312','6lrVPWAPMQ3FcOd6X0oC',5,0),(1737,'T5bZtp71M1','nPmb7sQuKy','9105436170424210','nFW4BpCibYBb6CLlP7rr',1,0),(1738,'LpI0r6aeAX','5EfmgzjlAH','0930883335595954','nghZqfglzaSvQs3Q6zDp',2,0),(1739,'DwkA3jbcFg','d8yHyfFIHJ','0165896975409653','TBivl3yzrcBQcnRYvTeH',5,0),(1740,'COxgMHQspJ','Cwbw32I4tO','1052463407791156','czjqUCMbij3WUeQcjVZf',1,0),(1741,'91episEsvz','X8OR8jCzrq','8837525023127324','UPm1lGP1wOcISiYKFPL3',2,0),(1742,'73FWtvCbab','lkaRy9bGBY','5978382339345679','uO0WuNcdxjy4CQDG4NDu',0,0),(1743,'eMYkB0DwLN','OEh6QgyWFT','7335011514126029','IFHI44tbSF5StaDKqLFG',4,0),(1744,'tEUYGwp1r7','eXYGL0Y8G6','0452637927426258','1SD7cOr3QtKy3ACwRIl3',1,0),(1745,'VVlAVpE3pI','e1D3slqUNA','3122261669800311','ajs0cGxXWMgR5X0UwCqo',4,0),(1746,'PbeRelS3Ir','ZBeyOgTB6a','9479833560955434','ChluwebUIleSFJjmXbun',1,0),(1747,'LDu4As3eHZ','T5atQ56yi7','9985551838215223','jJ4RzBsYwtlm3NkzGR9S',0,0),(1748,'tDubkDqYXE','XpPMaobKqS','7080487357085416','X1mCE7chpAziMSwAylPe',2,0),(1749,'WhYcPpWWeT','5yVVGIEeEl','9900213244469925','Cu1D7w6Cb69vtgB6Qbqf',2,0),(1750,'2Ptadyvvh7','JXDzh86ID3','0547542635605428','k58PJ0tIvr8L2BYoFQTV',0,0),(1751,'jfnV0zHasw','lEpdZMo16r','1585714792187383','abEjXa0k9xTAoykpCdNj',2,0),(1752,'TW1siOWi4j','RpWFYQ4tCk','0537734327090502','uyfQOyZ05t2OLD79ZkcM',5,0),(1753,'JbJGvmKTZi','bYMljbxxAV','4325482612913854','4B1jHuISpd98gKygdWVl',0,0),(1754,'vIHC01rjhb','B150RT7T9E','0473790918787400','pcThcgHkCpBoXGrhyvno',4,0),(1755,'nwnq0wAe4d','fZ0MuHbZE2','7918188060006551','SjSYQunbo8TrO08v82C0',3,0),(1756,'RhdmlFhZNd','mlwn2lxRpe','4013173504893124','uzZByopYvpYTJNyOCorA',0,0),(1757,'2TC9DZ6fQk','NCRwrdn0pm','5853108967988015','vEQ7nG1ld72SWL4VbFRB',2,0),(1758,'jT6DArr9Iy','f3ipgc7N3H','2863485600834166','lh8ndLOquXgM3lrwXKwt',5,0),(1759,'eOkeJEnEzP','v5XYwr3kKa','7017327616123716','5cFUGT6CvqArza8f8mQ8',4,0),(1760,'j5vWqcSn4b','sbicdVmVM3','1313447332182622','G3KeucAMqQZoM5LnduCe',4,0),(1761,'JQA4uo6ahP','GCFB4qM257','7956882212542139','Z1NkaN7tavyPWj3Z2Ox8',3,0),(1762,'lgEl35syij','FtKJ2FCrcI','2603885252403765','Adxld1OXiSdedzcIwjmE',2,0),(1763,'W02qcT8z8F','VyPphhsCyR','4551406798631330','IS5HrM7066UjuK2WEuvn',1,0),(1764,'t1n7qzzhQU','CxiouwHTSn','2683934125746099','FRDhoDHzrBGFi0Maeo1w',4,0),(1765,'5tauQztdaS','qh9llmLmF3','2922895240411383','z78u1IKacJlLespWo6kF',2,0),(1766,'dlV6l1ZHVO','dNS8k1rMYP','9217862771879266','C4L51QCeUNZfATEYBhrG',4,0),(1767,'7OOh1qJVRm','284nxJe7xx','3088024711621029','y4TxS87yAo2CMfh5vF0q',0,0),(1768,'SvG4hxmN82','k7hGFaXYlW','8303511643361972','tvCL8CTEah2SqWaBX1qa',1,0),(1769,'WUAg8voB6Z','C4v569KvaQ','0246744408880745','MxMfUtFVmrg9I6HAMalv',2,0),(1770,'gC8zX6anTQ','RGKGgxgSmQ','2405793948060386','Xgf6DcRv9GcMt3BD4IRv',5,0),(1771,'ZCQ7NeSVrg','ZroDSISk6g','2666985743770652','u7e11nMo2nBXpt9MJDDR',0,0),(1772,'DADr40OFev','sveD18e7mz','4741840478519163','qVDjfKQdwNfkxp2mflFb',2,0),(1773,'yE3x0tNqbk','CThvTfs1ZS','4319089576696134','u9wUeGwq6sbSV6nekTD2',1,0),(1774,'iS9NMscUBG','DzPL2CZXU6','2460343868227479','6jmOw57xF4rBNLRGvJis',5,0),(1775,'ViZsYq0g3B','vjVpPGDEwa','5102138678486729','YdwODNqjj81hx4wzUDw0',1,0),(1776,'l2ks9TgEeb','GMVBaUf0WC','8701626193403943','SLar8wzh7A072UTPdd97',4,0),(1777,'QjiAdzEYUe','Z15ivQA69q','1601166703113068','OZ2yb0Bp4U3b6f13kUPM',0,0),(1778,'BeXWLEWg8W','2J6gH3I41S','0775930609964612','i58J9THG7rUuIX2IPjoA',0,0),(1779,'8j9xFVc5v0','Qu7KFaptqG','3108409098784823','LTgx8lemxTO4bX32Tyz6',0,0),(1780,'zvyHU7BYTn','E4SeeedFpS','2595999506261593','2Ra5IHw0JlD835FR0RkE',4,0),(1781,'mGleJqlVrR','hNrFsWxuq6','6565848416751099','gO4dI1za2pthEbnpvD59',2,0),(1782,'RkivwwPND1','htXnKhQoIs','9085945184924279','wb7Ef6zqQ915EQjePyt4',2,0),(1783,'IxMfealZst','nVY4ffoCIW','7886681017706203','8hbNE3lwTqUNfYSn5fXn',3,0),(1784,'SnwPQA9qvN','nbV8AfKShg','7586329631733330','BH8LrwOUGKRaHaY59wuJ',0,0),(1785,'ypgoag4I9t','T1yX5kITsy','7080247114308971','5WlzqVAQV95X1C54tYEU',0,0),(1786,'eniWdK7hSz','sSRpfRLVvk','9842463827054963','ojKQLjdLV87k3LAnnLAl',0,0),(1787,'RJDxuIYxPC','KWpNFPxUBt','7840398912979519','t9UjDuf9VMtsPOeJewiD',3,0),(1788,'EccdGvxpFT','L2QISpWSK2','2428671128625697','hr3kMxdSx4qPinJHR2kN',0,0),(1789,'O1WMna2u4k','lH5fhubhS0','3359805888324547','eaE6pbFoUfNER5EsAsAt',1,0),(1790,'060UuKWENg','hYxJ7AUwiW','3526236180160628','WQrgVL9qz9LwlyXRTAdT',2,0),(1791,'Mwk3LarPJX','Qc978HJAlq','1244368794867684','GP7XyjAW6FEYGPaeBUOu',2,0),(1792,'H8Ul3KlhqW','0NqDdjOGn1','6589891336082025','ZHl1xBEUD5OgobW4g5UZ',4,0),(1793,'wrvUFEZ8Oj','72KTIdrNYx','9145859710414490','LmOB28qlOpOWujmo0yxu',2,0),(1794,'IjBKvAP38y','KreP7vGLR1','1750431913623301','FvKpCY02FtlSGXNWWGyl',3,0),(1795,'Akv89zLjVU','Te9Np4NJ1F','5960185479253877','rgFJ1oT8w45QWkxEVzjy',0,0),(1796,'obIXZ07rb2','wJwKULKjFE','9331451279743960','x12kAnwqTMfVsh7Fx89O',0,0),(1797,'YEiXyo4dPo','accnXZqQ8V','6148086305759411','XzmRWctTimX0ehBmdjKt',4,0),(1798,'0MMjlBdfDp','p6gtYX7Ijk','1522539201200215','4TLC0Qpb0pSaOcFVGzE4',2,0),(1799,'eMJY1udf2m','Qf1Wfv0B3V','9396139652914179','hknjYRZTvkvvCBFpi0eF',1,0),(1800,'Bn7WCWRtAA','n4EvdQCzjF','9853586017311635','2D4riAIlzhIiGOWkPLTg',5,0),(1801,'Fkq7gispjv','Fgw5TQdDiL','9731246925252795','2ZWnyId5oy1CfcbHjw1Z',5,0),(1802,'uj7sDQS1x8','O8qG8kusAr','1857503819343621','yHqF4ZqQEOrQeWJCmxNF',2,0),(1803,'maqD8Z9HtC','epvH6bLJUr','9646182972162543','wROmtPesCjsR8zgoNXjh',4,0),(1804,'wHk0rWtEte','Cwy34IsaYq','8029632174215711','ylecm9C1rNh1tMfvDgRZ',0,0),(1805,'pFghCVW19z','EbXoMDZq9O','2620687493917421','NUymSahLtulKWtMu4bAB',0,0),(1806,'qHwXWpYjmK','kwzr58TD0Q','7459975889458568','PIioTOOYMLlVw23rdIpA',0,0),(1807,'oMGMoRaO1F','4uB27tq9x0','9042611171223861','eNuUTuokRcdYrf4gAzIj',4,0),(1808,'tBVQh9lskB','dwEqJC43Vf','1969989416999074','wa60lw8QPzL30fw9kQrQ',1,0),(1809,'uK8Sj1xWXd','d6eAd7TBJF','3757471446350775','cgohqxv4LEjjNPrr8oZN',0,0),(1810,'RG1TA1jxgz','UT6NB9KNlS','2577607338412726','mTyOyNdJMGdkbM0P1URP',0,0),(1811,'agi2daypMA','MF3vtZQwNC','4211453032069742','wRzKoRwIVYtsXJhoZToV',2,0),(1812,'KVb0ApPIyX','s6jxUr2fyy','4355363152251360','mznoN9DuWgc3QNVkgf4G',1,0),(1813,'xZPqCfyKUX','Rz0kGquitu','7270895682805529','yzSnoCFNWsCTkYQIrdS7',2,0),(1814,'EeeLGwEObn','I4F6yncHiF','6217045753614749','uwHhcF06pJQw16a3oMSt',4,0),(1815,'4zpSdi6hTE','ky3bP86agW','3456848288576593','84piDz1IZqq5B62OE2Rq',2,0),(1816,'P4zj6h8wHP','CAqTcmFw0N','8428657631055907','pKmJJevLUU7jspM2YFT8',5,0),(1817,'CrUAGlrGV6','qSXhm4Drqo','0120538102319050','wczqgtRnh8Zsmim4s2jj',2,0),(1818,'ZPQeqeysoA','MAAhvVMD1Q','2881013233858880','1QLJinBPBChGscZpfX1b',3,0),(1819,'skTRadytVy','0BjpkQw9uS','9513329335276710','chPSd6NUW9lK3Z3zoqrv',4,0),(1820,'tsi2EdSMD8','mh2baR3STt','1071774075520878','iIB1BqtHSwfnObUJj8UF',3,0),(1821,'I8aewQolDx','iDNzCBNrqy','0037555251036284','g297G2vE9BsAMfldW8vp',5,0),(1822,'TtZM3swIpz','mq8TUeVQNW','3007202781635455','vB4O8t8kbaZSiZpMmCQO',2,0),(1823,'JkgmBoWuA3','BQCoX9puHs','3374749390295251','yc1QdhyEIBC1nbGfsxtC',3,0),(1824,'gqH6zMU1Y7','bECL1W3rzs','1734373719568924','3KgajtYVitMBDHsBvvvv',3,0),(1825,'8alLYeuqEv','uleA5ZQFzC','0587549235012708','K770fe73xRznXccVRwh4',0,0),(1826,'MFoIndJdDX','rePIKsBHux','1344247172123010','vN2n3Xh1c4GFV73HBFTo',0,0),(1827,'KOb0fnmTLZ','WBuncn7aaF','3251111481641727','nouBSQvagS6CqmwNQqfD',5,0),(1828,'YiESAP6zSd','8ekv07RPZ6','3345049470242512','znZzpuRDI8oeFX2mONjm',3,0),(1829,'GgYJyomddM','bndDwq5iwz','9776877731439833','yAvkg33kVswHFz573Nw9',3,0),(1830,'zZs0Wngq6k','rznQFb64y7','7239467265135964','WjE7qT6gusOGU1MspFxy',1,0),(1831,'YoibcPnrj3','IcgYN40ggn','2809321808543658','i3AfB9Wk3Wtmmzmhd3aB',3,0),(1832,'J9XYZUsVK4','wwag9v2NpN','1811144615335781','gtcRFrlUuJKkekH18Vmb',0,0),(1833,'zWyPNxjJix','i8psG06K08','8829281306209558','P6wK5dgxqRetjaHKsAU8',5,0),(1834,'uADMdBgqG7','rNUcfy7Pqn','9094246058451489','lGCTVgVs1LAhFFBdciEN',3,0),(1835,'o1NxPwYMTl','TH2bq0B50O','8441607537015926','JlEgDu4WL3eKWtmJoMqR',1,0),(1836,'An740Xef24','1KYIISJbAH','9010568308350765','f91nZbFAtbjx93v452xv',4,0),(1837,'fbuU4hyI90','UMflmEo8nS','3185885287486408','QQXDKPwnc2dToNLkursQ',3,0),(1838,'nqxu7feUNy','tZLUrxIPhZ','3614222938690766','4WtBqPhmlb9lmwU9PuTU',5,0),(1839,'2bgTTOYCBc','pmN4Ab0kF8','7065631919163643','2I57PDUhurI1BvDHjO7i',1,0),(1840,'ivbASZ4hFg','7QCFZjm5fD','5167078740516903','tr52dSS1Q5372mst4siC',5,0),(1841,'M4UgtShzwi','DB8U4CcWrp','6242120899479262','6SonJ3ZoM3oaQBmsbkPC',1,0),(1842,'hgxjLVjhEX','V3O981d8oK','4899247483184017','UfVuvwG4nBfJ8FNI8I3A',5,0),(1843,'k2JVAeZDu6','qc4QZTF1nr','7404050541973386','8slJW8fRszZvIE9U9J4w',0,0),(1844,'PvwwyfCoLV','HPO2csj6Om','5623330680999749','QQzxKaFnRwyQazNKNjbB',1,0),(1845,'G19UuhhKO2','XaWoqqRv7Q','8000488625405439','2n2MMjH3I11qtT1qnJuS',3,0),(1846,'AFIBN5WRCa','BfrN3WK8qr','0537304572668377','BErH6re7pX6cKeH1Wwup',1,0),(1847,'OUGM51LjYA','krjSHrbicN','1256649729455171','EwndcqxzS5RCJJGoCoYI',4,0),(1848,'37P9kvasz9','0JRK8fkc5c','4217105400025556','0k0hBD6xakRXEYbhdkvv',4,0),(1849,'bcVgzKcS7L','YwZACqSryY','8319211550514997','fgJB67Ge0aNEzUgORMbX',5,0),(1850,'QYlDZhP9EF','NsXbUcQARe','8679514041812656','XO4AbUkiuEV6hy4BnWkS',2,0),(1851,'YCDuUPraS0','vtcU3UPEM4','3088842542333359','hmvziqR5sYVlC4TwlgEW',5,0),(1852,'8vP5uNTAla','2kCorBXBgv','8597922070815200','SZEMJ9tu37JokuOmUzcl',2,0),(1853,'zbw1UoUeYO','OZIWCZ8S2O','9212461180302162','fNyfJfFGAMhQKLpPILDZ',5,0),(1854,'BoHwwsoMTU','FPrzDR3l5s','7584384672085929','HjrB94aHNcNIxFEPBmvK',5,0),(1855,'exfQa7ckzv','sZjl7qmAiY','0867917132894942','7vkwwo3WFakEjoN6ZoSA',0,0),(1856,'rioanJ5O7p','bvrRAK5jkl','0626631130106524','drFSojjQ76hhJkyEeF6w',3,0),(1857,'EDc9V1cRp9','kEmex1SQpB','9311023382484584','hm6yg8ShgOypkgRK8P8t',1,0),(1858,'RsWwNeye4A','90q5aorzM8','6622865965230751','DzKot3vLjOtEsy7jJrN0',2,0),(1859,'q0YY44Ffp4','eF5CO379ZD','0044507231030812','Gt5NL8UN2ebNtARY8Bji',3,0),(1860,'hJG37Z6mny','4LcnmoBLEa','3759675744279490','Ay4WtamSHi73G38urlPt',0,0),(1861,'2nz897ZWPz','6sI7SHptmH','3929397736727726','1uRpuo1FeWFeaZHMGBj5',4,0),(1862,'aFtSCu3S5R','IAysudFuMn','7887699103530906','uWYGLI1TRTyqdsrEtHRD',3,0),(1863,'Dh7T2EvhHl','QhfbZLuXxJ','6572406119025382','JZuIFIWHn5gsdkHMpJSX',2,0),(1864,'IGfBC90PwA','2D2IvGopkV','0803565133731897','9YwtGn5JQXmL9rrkJlnI',5,0),(1865,'YwUmLMZ7bO','KpocsStxiw','6097913104565431','eHF7CQNySfMPxZYkmAWh',5,0),(1866,'SKkv4vOwAT','x8dAwwPPSL','5240913223264731','xNtRT4Hf7gF1bpSKkvQr',4,0),(1867,'puh132igN1','WYd24HgRya','0565926280748047','9LkIesa7re6U6yVSI8iy',3,0),(1868,'5znCFeHhoK','ZSDocy1PfM','2889821670766818','aBoex5ZF3Gr4o0nEnD5k',0,0),(1869,'J4Tvl0ABaf','2Y3eXelEcB','4440622805143861','4NcxLjUoeTBESp6lAL7q',2,0),(1870,'gjzBCzbdc7','fYIE0qJKlS','1541893556972596','OtJmCCVuJoMlZpz5pqZP',0,0),(1871,'QqmyD7xLo9','t9banhObU0','3002564561185305','dRoMFshjRgAJhsMvJMNz',1,0),(1872,'gdYSziqPC4','he3kUknEoR','3471703868267669','fxVuu8xePgY3T2UiMivV',3,0),(1873,'tpOkZFCZBc','AwEHPFF9ec','2991716660216796','qNSojbb8NK3wobsnlhrm',5,0),(1874,'I0wd9I1niZ','z8Av4h1Cz9','2262993644837070','4GGU9m1lZjwa8u3ZlF6L',1,0),(1875,'jZyhfFmqA7','9yDrDa73rg','0528167235329794','SWwqbBec5PDpwAFxh8WV',2,0),(1876,'bDO1UeEV0D','r1zARa4f39','8840348986212707','FdHkSYYzRCDJ3UKQa1AO',4,0),(1877,'PsW4lwjgOd','Ixjwpy3WKN','9022319813860620','fnd6n42xBSREj8W1pftO',1,0),(1878,'m81VLG99N2','83Oscg7e8X','4309070905393056','L50lpkF8q72TVO4Mt9PR',1,0),(1879,'YzBouC11ta','aXnhEBjiqa','5216717249881424','lILaFbyier7B2pSNKM51',1,0),(1880,'t6rsTWkX0y','R4VIIShqf0','4418553585527663','dlxSf32IMnNzXdK19gb9',3,0),(1881,'2UktBElkFM','BmOQO1cGY8','1209272901469480','4NoDpyhiMtKJUGf2Gm3f',4,0),(1882,'QZkCdxKtjT','PbPOZWplil','8293161080911248','ya5cwCoB3LBeXo7O4Wyu',3,0),(1883,'toApUUZwp3','KwyG2yoNWf','4295578060030968','SlMrQRbmhIXWTJdqOYzg',2,0),(1884,'I1jZTyelvO','RDHGCg87Is','5549700659288000','x1kX3AvONYSRB1vothxY',1,0),(1885,'N52Jj7Xhlj','1womx0Uvi5','8958775422667609','55CH7UAxpG26Lj8Cz7Sk',2,0),(1886,'QjFjyhJQKt','ueMk6ccoCk','7479824904013172','rjRlxh3gARNxLGqAKv9T',3,0),(1887,'AdkUF2Nz2j','Ne3WEg5QZn','8205250810110230','eq7OXXOxy36vA7SsIkrm',5,0),(1888,'OibmK7fWtK','UNEQ1J1g7l','3685035108463194','OxoOoVwjE35zM1pIFRqt',0,0),(1889,'0csg6RlnCg','apGm3GM9oU','4100653698255922','w5drr16rbHnr536fgDgV',3,0),(1890,'CsnT6WG8rU','Wwk6WdnPct','0538876641513128','n0plDDSRX6ucyho42wvD',2,0),(1891,'OgkgmIvIoS','jIu2Bj0AAX','4266713344268438','hjSeP7m8uoiQvmQpmURC',4,0),(1892,'tam32cMlVl','wh81Gm1nXi','9148340116758534','bBkUMfdP0qoB4F1JycPF',4,0),(1893,'uR1iAjMTjo','C2OTwpmvDa','4214627060939005','RLmiqyqu8jEm8cL6N0tm',5,0),(1894,'i0JadamI1y','rNWSLQ2PSv','3231039076958792','16L0CYY3YdfcOE1JBBNd',5,0),(1895,'iYaq15Y2aP','lN0Fjqyicw','1089225248571841','I4IoposmIMlXS5v5EXq0',3,0),(1896,'4VNaYwiyDz','Xu2jJ2B1K3','4856630462731159','kFowqrg3hZPBd35PNSl0',0,0),(1897,'eiytzNXSAP','3TJSp6q2jo','0657231096923214','ROOPfYdKKEYIMT71i1iC',1,0),(1898,'pVweNiMYNr','nUI6WLKq79','4662015282869969','cSgYERBuowxpz3mn91va',4,0),(1899,'DeLsUP4drs','s6UpKcGAJd','1986587819615274','lGVfv9CmbnscZwPru4Uy',2,0),(1900,'JiR9OrMAOJ','PuIptAMgqd','9709243914000355','f6zJXtcRQEwZa0DTp4A5',0,0),(1901,'1o8CTBvxET','ggimlwb1H5','3570692409321928','VeEet1Uh0obH2xxFKxZf',4,0),(1902,'vnssSrlFAX','PtaGfcRbEv','5265535760684013','GieKUMhpezWsS10uN0qV',1,0),(1903,'9mjxSJxrGk','djakM7He8r','3773666567641398','tNZb2qYEYvzKD8rICVX0',2,0),(1904,'DT5fCXCWH0','RYEhixJ4MC','1565007269136249','NnSJhjowxyZqJmtuuXUG',3,0),(1905,'BbcisVAVm1','bGoo7gKQWx','3468989396909096','T6OqmeSu2QFnivO7cPFy',3,0),(1906,'CWMpukUiiW','Nm7uj1rLF5','0723815046784559','HrOS8B9vW6b1blROsquD',1,0),(1907,'6B99kDuIf3','IIElhPCgXa','9914263233923916','Q47VpWXBSfBrziv53Yt0',0,0),(1908,'yAJNPlhIXI','V9lhvavSMD','9686575170273693','wvsOzqv0v5ZMc9q8kJad',3,0),(1909,'3W8AxmMdpv','uChaB6sbQ4','1199793414853638','JiEZsFnan9YpgDA6KCJ3',4,0),(1910,'SqEZ97FZwe','B8NsQTY4W0','5992440605220189','UBvaGpGZ1jvlLDRBQ6Pc',4,0),(1911,'SNZWVGLjGM','FU7z35acqP','6965174912702792','vmhZHjtScnxqfMG06Jpu',0,0),(1912,'NnHCHGH5Ms','KYyIKpT4nv','4852272786257809','fm5m3bPw6zPesfCPX4sd',1,0),(1913,'lhuNVtHchT','GaSDmZzGwt','5405711485339263','c5spOVe58SX2PPfdzA3i',1,0),(1914,'a01SdLltC1','djhqMF8Dfx','2089196157622074','tXMMun2MgW7PpZSljOgR',1,0),(1915,'xwUoaGRg0z','84AmaoMKVQ','3442657124409509','Ct3UevCT2UW1E4GGD00F',2,0),(1916,'BtgzVJwGuf','dHRMCymHiL','9645290606847651','CDRTcFp5vTN8LhbLzkXe',3,0),(1917,'xoRuqvkSVK','1e31pnUdZV','9617939068793271','VTH9RnKCOMXeVRpIIMF3',0,0),(1918,'grMPs1Eh4e','0qWrNDTqjn','3769329713145997','mvFqbTzhS7nU3pIvmAtQ',2,0),(1919,'CeKW58K7nl','qkajUzHwAa','4426145159939858','EZ7HaTLwoexH0iowzSRf',2,0),(1920,'gck2bAubkx','UUTVpdlNTV','3806865963050405','knsD5naYCaUcc0ZBxTVr',0,0),(1921,'TegGXhGEDw','wsyjKgS1H4','5441190571470366','eWHzmARTMuw6x90Bv5p2',5,0),(1922,'67e0VixGB0','NLsv8DJDLU','6012104620859173','nEUpVNCtohamzzbGCOdC',1,0),(1923,'gUL9oZ2oCw','r8X3CO3wmA','4646225483410575','txBoYjJUCdlAQxqYt0Pt',1,0),(1924,'9GRxnIyvui','XnEKufo3dr','4531399741677374','XSwCd0syr3QaENiUgvJf',1,0),(1925,'uPyQgpdetD','EtyLcmyFaN','8413810325374030','C6SDlRsvnpyxYKGCdj4k',4,0),(1926,'usCLD2GyPT','UNJgWivMh7','2505253286363030','foyhWTSrYZXO6HwAzMqO',2,0),(1927,'d0KDt8vyRg','yS4unOaxxt','3117479182233846','WMTi7ns6R25dVovXjqHW',3,0),(1928,'9qWL5Kph1n','rWJUdCcbxo','7419594904329413','bSQFEZvUn3CSerdnTmfC',0,0),(1929,'0Q7Sww4g76','s0NoTWyedo','1989265378604668','mOkKYs1EDyyTaTaK5bdj',2,0),(1930,'KEk8J5IT8B','xxjvnKhVEV','7060041376278318','6JeBb5TdwyFZeeKiDnyZ',4,0),(1931,'yb9hACV5mn','KYciLbQiQW','6035056609466213','0bk4L8uv8jrWdBpRBB0k',2,0),(1932,'swGTlmV4W5','ZlaXoO1wIK','1875034921945076','cc6vN7Z0hg89QTv3aNCu',2,0),(1933,'coXCi6PHtr','zXkXJQVODI','0765738274657959','JTUBhk7R0LBJJdbNbJNj',1,0),(1934,'y8F71GLTjl','73zlKqg1MH','8646395098681816','9qgw6ImykG0Cqh7dzp8n',1,0),(1935,'gnmhXui2Xr','lkK3mqh0Y9','9121268096806333','N161hSeXsPgHdrcHUGkD',2,0),(1936,'kWX899up3c','DQW5Hxawmh','0750390446126078','WLm0hveEBPst8mjhgF3x',5,0),(1937,'PF7bqSOtZC','hQ03FjOWGm','2182887548132375','eH7m5lGiQX99NswQxIO1',0,0),(1938,'1nlkrBJC3w','BEPi5uvsHr','7105337655876392','cBrWEldaqo3iBnJ5UDWa',2,0),(1939,'PFSzqWrq8z','PbB9gtq3Sp','6622340294163987','1jhy9OtYoQ7hzAlraIco',2,0),(1940,'bdHuTXY6E1','rX1mDVzGYx','5254766474845753','Gh5LA0cnyy43PzwRFUhh',2,0),(1941,'2i2LRJ4Yc2','trEclpsrVx','1402721916423492','zbj3jeJbrfl6CysgoOoU',3,0),(1942,'6GB5d3kyv1','gc4eu5JevF','5263566697461341','X8JYpZ6UdwR681Scx5sd',1,0),(1943,'KlTLQFq2T1','rAIpVy5ZQn','7633014799908049','Njg6Fmz5tqirbP3QzqYz',2,0),(1944,'7cmbgj1TOx','u9KHJUPxD2','9706088965359093','PNgNRpPzMCRRGA9vTcuj',3,0),(1945,'Ld769l9JTp','8Sarl3ZkEk','2829692326080205','DAsgRmv2cj8ZHPzBoHpx',5,0),(1946,'m9Sgt9Nvfs','w1yo2s3puY','1403663805889987','uWeaxOCqXdLNUnIdoZoq',0,0),(1947,'t1HOfGKLUU','ZxzF8g8k2n','2949203286100288','mzjBxkTUPBqGt40GehwU',4,0),(1948,'iRKlsSLFcL','WaRjsW9e6D','8026531364197400','Nab9mCQH6hiTn0a1IWl3',2,0),(1949,'0ihaYTlQA1','6N9HU2ZwTL','8651563516865225','GDxojIvI2n6IwLQJCb0P',0,0),(1950,'U9nxytTNck','uVqTgRzLVH','1906274171276037','n1AXRpgatpqfPjGkEPyX',3,0),(1951,'Ct7d4iQxvu','fMEWP5xvN3','9803715694639871','wzmatUBc987IV6dbmij9',4,0),(1952,'MAQYSxeO69','KSoVeIBNkS','6602083036426030','qZM5Pu502H57W8gndpLO',2,0),(1953,'vxepZspnjH','Ic00M42Zt5','3414305980455289','bFUbJd4ozFn2HrmhV736',3,0),(1954,'efWpCkPaUi','ZrTpWkKHZ9','7901208648684424','1Rk62n92wifinwF0p4ND',5,0),(1955,'r9pLGmxSiN','LFQPh2Okru','0429462349234730','GIDTX5FtKxzo5kVoejGE',2,0),(1956,'IhxxFWUbsA','ISofqFG05X','5501564713687426','Vv19ZZI0OBIjOEHGmvEM',3,0),(1957,'AjGwn923SG','iutWnTboZe','7089097466643091','pvZzkdRSHI2m7OFPg69l',0,0),(1958,'geei2rCHr3','J78DrzVTby','3112569415046302','FsXgFtN89DU9A51M50Ha',3,0),(1959,'MEvSlt4ekW','Egn55bn2Nq','4146106278759330','iMVPpqb3n9DQxOVdP5Hg',2,0),(1960,'liTXxD9k1q','joNvHVt8k7','8541474085194262','V2XpDyoXKJzHhADct50L',5,0),(1961,'McW8Ly2aJd','CW5HeCt9lC','6577167216871235','yte0YVwuhKhOomy9LtWt',3,0),(1962,'DZybZWGQRa','ymmkvwmGG5','6342727626874768','3mydnZLbXT9Ll8rdRI2m',3,0),(1963,'pZStXuNGwk','764PoNSCzu','7800347207544169','6Yq782FRIxV4ZfPT7Xxq',0,0),(1964,'dOh6IOhMeG','t3hNFxVh9p','2586341464132299','fbCBOfIHa7Lpakqmq0x0',0,0),(1965,'ousiX9eXLX','kYDIkHXPR6','4377558895804760','OsWWqH8mdreA25qbB8jD',5,0),(1966,'fVJk7QumSd','wGDRrfykse','5528693476332198','7PnZPxJ8XVQx19st5I45',4,0),(1967,'YT8WyLLDoc','aHp8MNCzvF','7059959841931633','aiXcsr6dwje50YJl1sur',0,0),(1968,'qs4rf1Snbt','WlquTBRrMV','6653083161108450','nKveXA5OylOBJOfBPU0w',3,0),(1969,'D2ajEv6ZOJ','nQDmIZvrIy','2705845765798106','oPYP9EYIQUfqXW0qniTO',1,0),(1970,'LUQnYGuSww','4NsaUwNZQb','4341276374521985','Eb3tu4b71WudIlfrjt4a',0,0),(1971,'LBUdYSArB5','oYhFLGDQn5','0783581266954305','v65XzrsMrFoJplnlMgtu',3,0),(1972,'tqM40PkIOr','89GyuTuPnn','8124928393917923','Jwv0OWdJpdIAyaDnJhIq',1,0),(1973,'JvUuMujwpU','zzHiXTNFY7','1140325972124788','bBeg7e9umgSuIbZ9xP9L',4,0),(1974,'0p2PWAFG54','DoXxBvmxlD','0586961067050425','IOlIHW4Sj9GNMAeL7YzZ',1,0),(1975,'dfLfBCvFPW','In9tzMkOIE','6064588579942787','qA9kRzQScMaCT81RlzxL',4,0),(1976,'O5K1BTKaVN','YIbH1iCvhs','1899220601406388','SFLQD27CCZe4w5ycIk7J',4,0),(1977,'mgpc1iEroS','oNHfePA23f','1663624635763870','ev1jaa0yjonJHevneT1u',2,0),(1978,'znML65VyPs','uVg6RXrK7P','5675837591926687','ID2PasgrERt32Ucy6qFi',3,0),(1979,'uhuEslknUt','p2bH8uoWxd','7917226894971667','3r1lNaO8936QiT1FnfAS',1,0),(1980,'0V2vOcGJtm','pTqZDYc8Ew','0116570725832849','1dsdjDN7F0nsYlNhMsJe',0,0),(1981,'c7pcASvMpc','uSyBkHaOOg','5659709707251365','6lxTaRmaa8AZR6g3p3BH',0,0),(1982,'q6BaFBzp7U','lmeZjIHTAa','9605207896588535','lxlMJJqv1s7YpwHwHI36',5,0),(1983,'8QaQKTOXOz','4nl62psZOa','6653850989915376','uksCjRzD9zbLve2hPbfT',1,0),(1984,'0SsdHktIhE','XBXDwtaqhQ','8062470689875341','xABcZFzcsh4TpAg39vPU',2,0),(1985,'sOShc7FjLX','iwvNyhzoCS','2614038688170260','B0kBca551ZO33xaFXdDM',5,0),(1986,'kf0scGdH8m','QjXnwnOQTx','7767014228163422','sWkaIY1JowOQUUuTpDaY',5,0),(1987,'vbtLyqIdwG','py2OTSJcok','5756399240874436','FYcQKGyF7mBauWtAKdgh',5,0),(1988,'TsoHh2p6qC','KotJ0pm5QT','6715886111127714','UCFi9sZggmx5w5tkctn1',1,0),(1989,'eqXIVarUcH','DA0j3EfN2T','4917178570278967','W97CyVNLmOWqQJoODbB9',2,0),(1990,'OLAx0j5p3i','94Cnj4OhAb','5426466162807320','X8KKlJZYl6cJ6BmUzuUW',3,0),(1991,'teZwr8XTTv','seQGo2vFkw','6847076563868612','PSgWS6QlAqLP7q2ephoT',2,0),(1992,'bxeRfcajFk','FRk3G9Y2wB','7271396807118340','384sR0afXZWQmwusJmSq',1,0),(1993,'DemXhCMuSa','3LjyR7MU9b','2619933355806797','LcNB9UzylnYaXJww0KjM',1,0),(1994,'NWxyqW9dTo','37qLYjcohf','0694088416770853','RcPNwt51WUfrH9APFDkS',0,0),(1995,'9I76BgPXWK','HfgenTaypu','7812163944707594','wtC4seNWnRn5UHYTVF3Q',1,0),(1996,'XlhxfWXDdv','n4JCadQRsd','8435062213279510','F2j7yTEDpWiB3ncZwoXY',3,0),(1997,'crvpJwUqqS','kmrbMTXmqi','5400410074393029','HvGFvLfmFliZLqLATZ6p',3,0),(1998,'Gc9ps4hYxM','L64HAuoURC','2738846430688772','s0s4nVzybhYSP3HuEaLo',0,0),(1999,'VZRRUGcysY','SxubMlqnkd','7013698068212933','Iwl6JhBuG1b7eMw8KWm4',3,0),(2000,'8JJIwGPr4I','GWsRR3kqm7','6858445661905851','sLG3PLm25Rdd5IRQIBfo',1,1),(2001,'amani','jimbeam','0584573226377491','3085 Kuhl Avenue, Atlanta, GA, 30305',4,4),(2002,'jayson','Allen@03','4080336091246025','1779 Windy Ridge Road, Fort Wayne, IN, 46804',3,3),(2005,'user0','1234',NULL,'',3,3),(2006,'AlphaMale','5555','1234567812345678','Your Mom Lane',3,0),(2007,'Ben_Dover','69420','6969696969696969','420 BlazeIt Lane, Your Mom, Latvia',3,0),(2008,'a','1','1234567890123456','hi',3,0),(2009,'JarrodH','123','7894562178945632','121 Street Avenue',3,0),(2010,'anuj','Anuj',NULL,'adadad',3,0),(2011,'anuj123','anuj',NULL,'scasac',3,0),(2012,'anujjosh','joshjericho',NULL,'106 Joshua cresent',3,0),(2013,'mf','drip',NULL,'driphouse',3,0);
/*!40000 ALTER TABLE `users` ENABLE KEYS */;
UNLOCK TABLES;

--
-- Table structure for table `usertransactions`
--

DROP TABLE IF EXISTS `usertransactions`;
/*!40101 SET @saved_cs_client     = @@character_set_client */;
/*!50503 SET character_set_client = utf8mb4 */;
CREATE TABLE `usertransactions` (
  `ToolID` int(11) DEFAULT NULL,
  `SellerID` int(11) DEFAULT NULL,
  `BuyerID` int(11) DEFAULT NULL,
  `TransactionDate` date DEFAULT NULL,
  KEY `ToolID` (`ToolID`),
  KEY `SellerID` (`SellerID`),
  KEY `BuyerID` (`BuyerID`),
  CONSTRAINT `usertransactions_ibfk_1` FOREIGN KEY (`ToolID`) REFERENCES `tools` (`ToolID`) ON DELETE CASCADE,
  CONSTRAINT `usertransactions_ibfk_2` FOREIGN KEY (`SellerID`) REFERENCES `users` (`UserID`) ON DELETE CASCADE,
  CONSTRAINT `usertransactions_ibfk_3` FOREIGN KEY (`BuyerID`) REFERENCES `users` (`UserID`) ON DELETE CASCADE
) ENGINE=InnoDB DEFAULT CHARSET=utf8mb4 COLLATE=utf8mb4_0900_ai_ci;
/*!40101 SET character_set_client = @saved_cs_client */;

--
-- Dumping data for table `usertransactions`
--

LOCK TABLES `usertransactions` WRITE;
/*!40000 ALTER TABLE `usertransactions` DISABLE KEYS */;
INSERT INTO `usertransactions` VALUES (15,161,10,'2021-12-03'),(53,141,104,'2021-12-03'),(48,39,1005,'2021-12-03'),(1485,232,2000,'2021-12-03'),(819,1411,1649,'2021-12-03'),(2043,2002,2002,'2021-12-06'),(2015,2005,2002,'2021-12-06');
/*!40000 ALTER TABLE `usertransactions` ENABLE KEYS */;
UNLOCK TABLES;

--
-- Temporary view structure for view `userview`
--

DROP TABLE IF EXISTS `userview`;
/*!50001 DROP VIEW IF EXISTS `userview`*/;
SET @saved_cs_client     = @@character_set_client;
/*!50503 SET character_set_client = utf8mb4 */;
/*!50001 CREATE VIEW `userview` AS SELECT 
 1 AS `UserID`,
 1 AS `Username`,
 1 AS `Address`,
 1 AS `Rating`,
 1 AS `TransDone`*/;
SET character_set_client = @saved_cs_client;

--
-- Current Database: `3309db`
--

USE `3309db`;

--
-- Final view structure for view `searchtools`
--

/*!50001 DROP VIEW IF EXISTS `searchtools`*/;
/*!50001 SET @saved_cs_client          = @@character_set_client */;
/*!50001 SET @saved_cs_results         = @@character_set_results */;
/*!50001 SET @saved_col_connection     = @@collation_connection */;
/*!50001 SET character_set_client      = utf8mb4 */;
/*!50001 SET character_set_results     = utf8mb4 */;
/*!50001 SET collation_connection      = utf8_general_ci */;
/*!50001 CREATE ALGORITHM=UNDEFINED */
/*!50013 DEFINER=`cloudsqlimport`@`127.0.0.1` SQL SECURITY DEFINER */
/*!50001 VIEW `searchtools` AS select 1 AS `toolName`,1 AS `toolType`,1 AS `Price`,1 AS `Username`,1 AS `Rating` */;
/*!50001 SET character_set_client      = @saved_cs_client */;
/*!50001 SET character_set_results     = @saved_cs_results */;
/*!50001 SET collation_connection      = @saved_col_connection */;

--
-- Final view structure for view `userview`
--

/*!50001 DROP VIEW IF EXISTS `userview`*/;
/*!50001 SET @saved_cs_client          = @@character_set_client */;
/*!50001 SET @saved_cs_results         = @@character_set_results */;
/*!50001 SET @saved_col_connection     = @@collation_connection */;
/*!50001 SET character_set_client      = utf8mb4 */;
/*!50001 SET character_set_results     = utf8mb4 */;
/*!50001 SET collation_connection      = utf8_general_ci */;
/*!50001 CREATE ALGORITHM=UNDEFINED */
/*!50013 DEFINER=`cloudsqlimport`@`127.0.0.1` SQL SECURITY DEFINER */
/*!50001 VIEW `userview` AS select 1 AS `UserID`,1 AS `Username`,1 AS `Address`,1 AS `Rating`,1 AS `TransDone` */;
/*!50001 SET character_set_client      = @saved_cs_client */;
/*!50001 SET character_set_results     = @saved_cs_results */;
/*!50001 SET collation_connection      = @saved_col_connection */;
/*!40103 SET TIME_ZONE=@OLD_TIME_ZONE */;

/*!40101 SET SQL_MODE=@OLD_SQL_MODE */;
/*!40014 SET FOREIGN_KEY_CHECKS=@OLD_FOREIGN_KEY_CHECKS */;
/*!40014 SET UNIQUE_CHECKS=@OLD_UNIQUE_CHECKS */;
/*!40101 SET CHARACTER_SET_CLIENT=@OLD_CHARACTER_SET_CLIENT */;
/*!40101 SET CHARACTER_SET_RESULTS=@OLD_CHARACTER_SET_RESULTS */;
/*!40101 SET COLLATION_CONNECTION=@OLD_COLLATION_CONNECTION */;
/*!40111 SET SQL_NOTES=@OLD_SQL_NOTES */;

-- Dump completed on 2021-12-06 19:39:18
